ticker,entry_date,weekly_expiry,monthly_expiry,slippage_pct,fixed_cost_per_cycle,gross_pnl,net_pnl,raw_close_pnl_no_slippage
NIFTY,2025-10-01,2025-10-07,2025-10-28,0.0,0.0,-2655.0000000000036,-2655.0000000000036,-2655.0000000000036
NIFTY,2025-10-01,2025-10-07,2025-10-28,0.0,80.0,-2655.0000000000036,-2735.0000000000036,-2655.0000000000036
NIFTY,2025-10-01,2025-10-07,2025-10-28,0.0,160.0,-2655.0000000000036,-2815.0000000000036,-2655.0000000000036
NIFTY,2025-10-01,2025-10-07,2025-10-28,0.0,240.0,-2655.0000000000036,-2895.0000000000036,-2655.0000000000036
NIFTY,2025-10-01,2025-10-07,2025-10-28,0.0,320.0,-2655.0000000000036,-2975.0000000000036,-2655.0000000000036
NIFTY,2025-10-01,2025-10-07,2025-10-28,0.25,0.0,-3067.0874999999905,-3067.0874999999905,-2655.0000000000036
NIFTY,2025-10-01,2025-10-07,2025-10-28,0.25,80.0,-3067.0874999999905,-3147.0874999999905,-2655.0000000000036
NIFTY,2025-10-01,2025-10-07,2025-10-28,0.25,160.0,-3067.0874999999905,-3227.0874999999905,-2655.0000000000036
NIFTY,2025-10-01,2025-10-07,2025-10-28,0.25,240.0,-3067.0874999999905,-3307.0874999999905,-2655.0000000000036
NIFTY,2025-10-01,2025-10-07,2025-10-28,0.25,320.0,-3067.0874999999905,-3387.0874999999905,-2655.0000000000036
NIFTY,2025-10-01,2025-10-07,2025-10-28,0.5,0.0,-3479.1749999999956,-3479.1749999999956,-2655.0000000000036
NIFTY,2025-10-01,2025-10-07,2025-10-28,0.5,80.0,-3479.1749999999956,-3559.1749999999956,-2655.0000000000036
NIFTY,2025-10-01,2025-10-07,2025-10-28,0.5,160.0,-3479.1749999999956,-3639.1749999999956,-2655.0000000000036
NIFTY,2025-10-01,2025-10-07,2025-10-28,0.5,240.0,-3479.1749999999956,-3719.1749999999956,-2655.0000000000036
NIFTY,2025-10-01,2025-10-07,2025-10-28,0.5,320.0,-3479.1749999999956,-3799.1749999999956,-2655.0000000000036
NIFTY,2025-10-01,2025-10-07,2025-10-28,0.75,0.0,-3891.2625000000044,-3891.2625000000044,-2655.0000000000036
NIFTY,2025-10-01,2025-10-07,2025-10-28,0.75,80.0,-3891.2625000000044,-3971.2625000000044,-2655.0000000000036
NIFTY,2025-10-01,2025-10-07,2025-10-28,0.75,160.0,-3891.2625000000044,-4051.2625000000044,-2655.0000000000036
NIFTY,2025-10-01,2025-10-07,2025-10-28,0.75,240.0,-3891.2625000000044,-4131.262500000004,-2655.0000000000036
NIFTY,2025-10-01,2025-10-07,2025-10-28,0.75,320.0,-3891.2625000000044,-4211.262500000004,-2655.0000000000036
NIFTY,2025-10-01,2025-10-07,2025-10-28,1.0,0.0,-4303.350000000006,-4303.350000000006,-2655.0000000000036
NIFTY,2025-10-01,2025-10-07,2025-10-28,1.0,80.0,-4303.350000000006,-4383.350000000006,-2655.0000000000036
NIFTY,2025-10-01,2025-10-07,2025-10-28,1.0,160.0,-4303.350000000006,-4463.350000000006,-2655.0000000000036
NIFTY,2025-10-01,2025-10-07,2025-10-28,1.0,240.0,-4303.350000000006,-4543.350000000006,-2655.0000000000036
NIFTY,2025-10-01,2025-10-07,2025-10-28,1.0,320.0,-4303.350000000006,-4623.350000000006,-2655.0000000000036
NIFTY,2025-10-08,2025-10-14,2025-10-28,0.0,0.0,-3776.250000000001,-3776.250000000001,-3776.250000000001
NIFTY,2025-10-08,2025-10-14,2025-10-28,0.0,80.0,-3776.250000000001,-3856.250000000001,-3776.250000000001
NIFTY,2025-10-08,2025-10-14,2025-10-28,0.0,160.0,-3776.250000000001,-3936.250000000001,-3776.250000000001
NIFTY,2025-10-08,2025-10-14,2025-10-28,0.0,240.0,-3776.250000000001,-4016.250000000001,-3776.250000000001
NIFTY,2025-10-08,2025-10-14,2025-10-28,0.0,320.0,-3776.250000000001,-4096.250000000001,-3776.250000000001
NIFTY,2025-10-08,2025-10-14,2025-10-28,0.25,0.0,-4028.5406249999937,-4028.5406249999937,-3776.250000000001
NIFTY,2025-10-08,2025-10-14,2025-10-28,0.25,80.0,-4028.5406249999937,-4108.540624999994,-3776.250000000001
NIFTY,2025-10-08,2025-10-14,2025-10-28,0.25,160.0,-4028.5406249999937,-4188.540624999994,-3776.250000000001
NIFTY,2025-10-08,2025-10-14,2025-10-28,0.25,240.0,-4028.5406249999937,-4268.540624999994,-3776.250000000001
NIFTY,2025-10-08,2025-10-14,2025-10-28,0.25,320.0,-4028.5406249999937,-4348.540624999994,-3776.250000000001
NIFTY,2025-10-08,2025-10-14,2025-10-28,0.5,0.0,-4280.831249999992,-4280.831249999992,-3776.250000000001
NIFTY,2025-10-08,2025-10-14,2025-10-28,0.5,80.0,-4280.831249999992,-4360.831249999992,-3776.250000000001
NIFTY,2025-10-08,2025-10-14,2025-10-28,0.5,160.0,-4280.831249999992,-4440.831249999992,-3776.250000000001
NIFTY,2025-10-08,2025-10-14,2025-10-28,0.5,240.0,-4280.831249999992,-4520.831249999992,-3776.250000000001
NIFTY,2025-10-08,2025-10-14,2025-10-28,0.5,320.0,-4280.831249999992,-4600.831249999992,-3776.250000000001
NIFTY,2025-10-08,2025-10-14,2025-10-28,0.75,0.0,-4533.121875000001,-4533.121875000001,-3776.250000000001
NIFTY,2025-10-08,2025-10-14,2025-10-28,0.75,80.0,-4533.121875000001,-4613.121875000001,-3776.250000000001
NIFTY,2025-10-08,2025-10-14,2025-10-28,0.75,160.0,-4533.121875000001,-4693.121875000001,-3776.250000000001
NIFTY,2025-10-08,2025-10-14,2025-10-28,0.75,240.0,-4533.121875000001,-4773.121875000001,-3776.250000000001
NIFTY,2025-10-08,2025-10-14,2025-10-28,0.75,320.0,-4533.121875000001,-4853.121875000001,-3776.250000000001
NIFTY,2025-10-08,2025-10-14,2025-10-28,1.0,0.0,-4785.412500000002,-4785.412500000002,-3776.250000000001
NIFTY,2025-10-08,2025-10-14,2025-10-28,1.0,80.0,-4785.412500000002,-4865.412500000002,-3776.250000000001
NIFTY,2025-10-08,2025-10-14,2025-10-28,1.0,160.0,-4785.412500000002,-4945.412500000002,-3776.250000000001
NIFTY,2025-10-08,2025-10-14,2025-10-28,1.0,240.0,-4785.412500000002,-5025.412500000002,-3776.250000000001
NIFTY,2025-10-08,2025-10-14,2025-10-28,1.0,320.0,-4785.412500000002,-5105.412500000002,-3776.250000000001
NIFTY,2025-10-15,2025-10-20,2025-10-28,0.0,0.0,-2201.25,-2201.25,-2201.25
NIFTY,2025-10-15,2025-10-20,2025-10-28,0.0,80.0,-2201.25,-2281.25,-2201.25
NIFTY,2025-10-15,2025-10-20,2025-10-28,0.0,160.0,-2201.25,-2361.25,-2201.25
NIFTY,2025-10-15,2025-10-20,2025-10-28,0.0,240.0,-2201.25,-2441.25,-2201.25
NIFTY,2025-10-15,2025-10-20,2025-10-28,0.0,320.0,-2201.25,-2521.25,-2201.25
NIFTY,2025-10-15,2025-10-20,2025-10-28,0.25,0.0,-2600.8781249999956,-2600.8781249999956,-2201.25
NIFTY,2025-10-15,2025-10-20,2025-10-28,0.25,80.0,-2600.8781249999956,-2680.8781249999956,-2201.25
NIFTY,2025-10-15,2025-10-20,2025-10-28,0.25,160.0,-2600.8781249999956,-2760.8781249999956,-2201.25
NIFTY,2025-10-15,2025-10-20,2025-10-28,0.25,240.0,-2600.8781249999956,-2840.8781249999956,-2201.25
NIFTY,2025-10-15,2025-10-20,2025-10-28,0.25,320.0,-2600.8781249999956,-2920.8781249999956,-2201.25
NIFTY,2025-10-15,2025-10-20,2025-10-28,0.5,0.0,-3000.506249999984,-3000.506249999984,-2201.25
NIFTY,2025-10-15,2025-10-20,2025-10-28,0.5,80.0,-3000.506249999984,-3080.506249999984,-2201.25
NIFTY,2025-10-15,2025-10-20,2025-10-28,0.5,160.0,-3000.506249999984,-3160.506249999984,-2201.25
NIFTY,2025-10-15,2025-10-20,2025-10-28,0.5,240.0,-3000.506249999984,-3240.506249999984,-2201.25
NIFTY,2025-10-15,2025-10-20,2025-10-28,0.5,320.0,-3000.506249999984,-3320.506249999984,-2201.25
NIFTY,2025-10-15,2025-10-20,2025-10-28,0.75,0.0,-3400.134374999994,-3400.134374999994,-2201.25
NIFTY,2025-10-15,2025-10-20,2025-10-28,0.75,80.0,-3400.134374999994,-3480.134374999994,-2201.25
NIFTY,2025-10-15,2025-10-20,2025-10-28,0.75,160.0,-3400.134374999994,-3560.134374999994,-2201.25
NIFTY,2025-10-15,2025-10-20,2025-10-28,0.75,240.0,-3400.134374999994,-3640.134374999994,-2201.25
NIFTY,2025-10-15,2025-10-20,2025-10-28,0.75,320.0,-3400.134374999994,-3720.134374999994,-2201.25
NIFTY,2025-10-15,2025-10-20,2025-10-28,1.0,0.0,-3799.762499999997,-3799.762499999997,-2201.25
NIFTY,2025-10-15,2025-10-20,2025-10-28,1.0,80.0,-3799.762499999997,-3879.762499999997,-2201.25
NIFTY,2025-10-15,2025-10-20,2025-10-28,1.0,160.0,-3799.762499999997,-3959.762499999997,-2201.25
NIFTY,2025-10-15,2025-10-20,2025-10-28,1.0,240.0,-3799.762499999997,-4039.762499999997,-2201.25
NIFTY,2025-10-15,2025-10-20,2025-10-28,1.0,320.0,-3799.762499999997,-4119.762499999997,-2201.25
NIFTY,2025-10-20,2025-10-28,2025-10-28,0.0,0.0,-26.25000000000091,-26.25000000000091,-26.25000000000091
NIFTY,2025-10-20,2025-10-28,2025-10-28,0.0,80.0,-26.25000000000091,-106.25000000000091,-26.25000000000091
NIFTY,2025-10-20,2025-10-28,2025-10-28,0.0,160.0,-26.25000000000091,-186.2500000000009,-26.25000000000091
NIFTY,2025-10-20,2025-10-28,2025-10-28,0.0,240.0,-26.25000000000091,-266.2500000000009,-26.25000000000091
NIFTY,2025-10-20,2025-10-28,2025-10-28,0.0,320.0,-26.25000000000091,-346.2500000000009,-26.25000000000091
NIFTY,2025-10-20,2025-10-28,2025-10-28,0.25,0.0,-220.22812500000055,-220.22812500000055,-26.25000000000091
NIFTY,2025-10-20,2025-10-28,2025-10-28,0.25,80.0,-220.22812500000055,-300.22812500000055,-26.25000000000091
NIFTY,2025-10-20,2025-10-28,2025-10-28,0.25,160.0,-220.22812500000055,-380.22812500000055,-26.25000000000091
NIFTY,2025-10-20,2025-10-28,2025-10-28,0.25,240.0,-220.22812500000055,-460.22812500000055,-26.25000000000091
NIFTY,2025-10-20,2025-10-28,2025-10-28,0.25,320.0,-220.22812500000055,-540.2281250000005,-26.25000000000091
NIFTY,2025-10-20,2025-10-28,2025-10-28,0.5,0.0,-414.2062500000011,-414.2062500000011,-26.25000000000091
NIFTY,2025-10-20,2025-10-28,2025-10-28,0.5,80.0,-414.2062500000011,-494.2062500000011,-26.25000000000091
NIFTY,2025-10-20,2025-10-28,2025-10-28,0.5,160.0,-414.2062500000011,-574.2062500000011,-26.25000000000091
NIFTY,2025-10-20,2025-10-28,2025-10-28,0.5,240.0,-414.2062500000011,-654.2062500000011,-26.25000000000091
NIFTY,2025-10-20,2025-10-28,2025-10-28,0.5,320.0,-414.2062500000011,-734.2062500000011,-26.25000000000091
NIFTY,2025-10-20,2025-10-28,2025-10-28,0.75,0.0,-608.1843750000035,-608.1843750000035,-26.25000000000091
NIFTY,2025-10-20,2025-10-28,2025-10-28,0.75,80.0,-608.1843750000035,-688.1843750000035,-26.25000000000091
NIFTY,2025-10-20,2025-10-28,2025-10-28,0.75,160.0,-608.1843750000035,-768.1843750000035,-26.25000000000091
NIFTY,2025-10-20,2025-10-28,2025-10-28,0.75,240.0,-608.1843750000035,-848.1843750000035,-26.25000000000091
NIFTY,2025-10-20,2025-10-28,2025-10-28,0.75,320.0,-608.1843750000035,-928.1843750000035,-26.25000000000091
NIFTY,2025-10-20,2025-10-28,2025-10-28,1.0,0.0,-802.1625000000058,-802.1625000000058,-26.25000000000091
NIFTY,2025-10-20,2025-10-28,2025-10-28,1.0,80.0,-802.1625000000058,-882.1625000000058,-26.25000000000091
NIFTY,2025-10-20,2025-10-28,2025-10-28,1.0,160.0,-802.1625000000058,-962.1625000000058,-26.25000000000091
NIFTY,2025-10-20,2025-10-28,2025-10-28,1.0,240.0,-802.1625000000058,-1042.1625000000058,-26.25000000000091
NIFTY,2025-10-20,2025-10-28,2025-10-28,1.0,320.0,-802.1625000000058,-1122.1625000000058,-26.25000000000091
NIFTY,2025-10-29,2025-11-04,2025-11-25,0.0,0.0,-3045.0,-3045.0,-3045.0
NIFTY,2025-10-29,2025-11-04,2025-11-25,0.0,80.0,-3045.0,-3125.0,-3045.0
NIFTY,2025-10-29,2025-11-04,2025-11-25,0.0,160.0,-3045.0,-3205.0,-3045.0
NIFTY,2025-10-29,2025-11-04,2025-11-25,0.0,240.0,-3045.0,-3285.0,-3045.0
NIFTY,2025-10-29,2025-11-04,2025-11-25,0.0,320.0,-3045.0,-3365.0,-3045.0
NIFTY,2025-10-29,2025-11-04,2025-11-25,0.25,0.0,-3460.087499999994,-3460.087499999994,-3045.0
NIFTY,2025-10-29,2025-11-04,2025-11-25,0.25,80.0,-3460.087499999994,-3540.087499999994,-3045.0
NIFTY,2025-10-29,2025-11-04,2025-11-25,0.25,160.0,-3460.087499999994,-3620.087499999994,-3045.0
NIFTY,2025-10-29,2025-11-04,2025-11-25,0.25,240.0,-3460.087499999994,-3700.087499999994,-3045.0
NIFTY,2025-10-29,2025-11-04,2025-11-25,0.25,320.0,-3460.087499999994,-3780.087499999994,-3045.0
NIFTY,2025-10-29,2025-11-04,2025-11-25,0.5,0.0,-3875.1749999999993,-3875.1749999999993,-3045.0
NIFTY,2025-10-29,2025-11-04,2025-11-25,0.5,80.0,-3875.1749999999993,-3955.1749999999993,-3045.0
NIFTY,2025-10-29,2025-11-04,2025-11-25,0.5,160.0,-3875.1749999999993,-4035.1749999999993,-3045.0
NIFTY,2025-10-29,2025-11-04,2025-11-25,0.5,240.0,-3875.1749999999993,-4115.174999999999,-3045.0
NIFTY,2025-10-29,2025-11-04,2025-11-25,0.5,320.0,-3875.1749999999993,-4195.174999999999,-3045.0
NIFTY,2025-10-29,2025-11-04,2025-11-25,0.75,0.0,-4290.262499999997,-4290.262499999997,-3045.0
NIFTY,2025-10-29,2025-11-04,2025-11-25,0.75,80.0,-4290.262499999997,-4370.262499999997,-3045.0
NIFTY,2025-10-29,2025-11-04,2025-11-25,0.75,160.0,-4290.262499999997,-4450.262499999997,-3045.0
NIFTY,2025-10-29,2025-11-04,2025-11-25,0.75,240.0,-4290.262499999997,-4530.262499999997,-3045.0
NIFTY,2025-10-29,2025-11-04,2025-11-25,0.75,320.0,-4290.262499999997,-4610.262499999997,-3045.0
NIFTY,2025-10-29,2025-11-04,2025-11-25,1.0,0.0,-4705.350000000002,-4705.350000000002,-3045.0
NIFTY,2025-10-29,2025-11-04,2025-11-25,1.0,80.0,-4705.350000000002,-4785.350000000002,-3045.0
NIFTY,2025-10-29,2025-11-04,2025-11-25,1.0,160.0,-4705.350000000002,-4865.350000000002,-3045.0
NIFTY,2025-10-29,2025-11-04,2025-11-25,1.0,240.0,-4705.350000000002,-4945.350000000002,-3045.0
NIFTY,2025-10-29,2025-11-04,2025-11-25,1.0,320.0,-4705.350000000002,-5025.350000000002,-3045.0
NIFTY,2025-11-04,2025-11-11,2025-11-25,0.0,0.0,-6884.999999999998,-6884.999999999998,-6884.999999999998
NIFTY,2025-11-04,2025-11-11,2025-11-25,0.0,80.0,-6884.999999999998,-6964.999999999998,-6884.999999999998
NIFTY,2025-11-04,2025-11-11,2025-11-25,0.0,160.0,-6884.999999999998,-7044.999999999998,-6884.999999999998
NIFTY,2025-11-04,2025-11-11,2025-11-25,0.0,240.0,-6884.999999999998,-7124.999999999998,-6884.999999999998
NIFTY,2025-11-04,2025-11-11,2025-11-25,0.0,320.0,-6884.999999999998,-7204.999999999998,-6884.999999999998
NIFTY,2025-11-04,2025-11-11,2025-11-25,0.25,0.0,-7195.443749999989,-7195.443749999989,-6884.999999999998
NIFTY,2025-11-04,2025-11-11,2025-11-25,0.25,80.0,-7195.443749999989,-7275.443749999989,-6884.999999999998
NIFTY,2025-11-04,2025-11-11,2025-11-25,0.25,160.0,-7195.443749999989,-7355.443749999989,-6884.999999999998
NIFTY,2025-11-04,2025-11-11,2025-11-25,0.25,240.0,-7195.443749999989,-7435.443749999989,-6884.999999999998
NIFTY,2025-11-04,2025-11-11,2025-11-25,0.25,320.0,-7195.443749999989,-7515.443749999989,-6884.999999999998
NIFTY,2025-11-04,2025-11-11,2025-11-25,0.5,0.0,-7505.887499999996,-7505.887499999996,-6884.999999999998
NIFTY,2025-11-04,2025-11-11,2025-11-25,0.5,80.0,-7505.887499999996,-7585.887499999996,-6884.999999999998
NIFTY,2025-11-04,2025-11-11,2025-11-25,0.5,160.0,-7505.887499999996,-7665.887499999996,-6884.999999999998
NIFTY,2025-11-04,2025-11-11,2025-11-25,0.5,240.0,-7505.887499999996,-7745.887499999996,-6884.999999999998
NIFTY,2025-11-04,2025-11-11,2025-11-25,0.5,320.0,-7505.887499999996,-7825.887499999996,-6884.999999999998
NIFTY,2025-11-04,2025-11-11,2025-11-25,0.75,0.0,-7816.331250000002,-7816.331250000002,-6884.999999999998
NIFTY,2025-11-04,2025-11-11,2025-11-25,0.75,80.0,-7816.331250000002,-7896.331250000002,-6884.999999999998
NIFTY,2025-11-04,2025-11-11,2025-11-25,0.75,160.0,-7816.331250000002,-7976.331250000002,-6884.999999999998
NIFTY,2025-11-04,2025-11-11,2025-11-25,0.75,240.0,-7816.331250000002,-8056.331250000002,-6884.999999999998
NIFTY,2025-11-04,2025-11-11,2025-11-25,0.75,320.0,-7816.331250000002,-8136.331250000002,-6884.999999999998
NIFTY,2025-11-04,2025-11-11,2025-11-25,1.0,0.0,-8126.774999999998,-8126.774999999998,-6884.999999999998
NIFTY,2025-11-04,2025-11-11,2025-11-25,1.0,80.0,-8126.774999999998,-8206.774999999998,-6884.999999999998
NIFTY,2025-11-04,2025-11-11,2025-11-25,1.0,160.0,-8126.774999999998,-8286.774999999998,-6884.999999999998
NIFTY,2025-11-04,2025-11-11,2025-11-25,1.0,240.0,-8126.774999999998,-8366.774999999998,-6884.999999999998
NIFTY,2025-11-04,2025-11-11,2025-11-25,1.0,320.0,-8126.774999999998,-8446.774999999998,-6884.999999999998
NIFTY,2025-11-12,2025-11-18,2025-11-25,0.0,0.0,3641.25,3641.25,3641.25
NIFTY,2025-11-12,2025-11-18,2025-11-25,0.0,80.0,3641.25,3561.25,3641.25
NIFTY,2025-11-12,2025-11-18,2025-11-25,0.0,160.0,3641.25,3481.25,3641.25
NIFTY,2025-11-12,2025-11-18,2025-11-25,0.0,240.0,3641.25,3401.25,3641.25
NIFTY,2025-11-12,2025-11-18,2025-11-25,0.0,320.0,3641.25,3321.25,3641.25
NIFTY,2025-11-12,2025-11-18,2025-11-25,0.25,0.0,3381.5156250000077,3381.5156250000077,3641.25
NIFTY,2025-11-12,2025-11-18,2025-11-25,0.25,80.0,3381.5156250000077,3301.5156250000077,3641.25
NIFTY,2025-11-12,2025-11-18,2025-11-25,0.25,160.0,3381.5156250000077,3221.5156250000077,3641.25
NIFTY,2025-11-12,2025-11-18,2025-11-25,0.25,240.0,3381.5156250000077,3141.5156250000077,3641.25
NIFTY,2025-11-12,2025-11-18,2025-11-25,0.25,320.0,3381.5156250000077,3061.5156250000077,3641.25
NIFTY,2025-11-12,2025-11-18,2025-11-25,0.5,0.0,3121.7812500000055,3121.7812500000055,3641.25
NIFTY,2025-11-12,2025-11-18,2025-11-25,0.5,80.0,3121.7812500000055,3041.7812500000055,3641.25
NIFTY,2025-11-12,2025-11-18,2025-11-25,0.5,160.0,3121.7812500000055,2961.7812500000055,3641.25
NIFTY,2025-11-12,2025-11-18,2025-11-25,0.5,240.0,3121.7812500000055,2881.7812500000055,3641.25
NIFTY,2025-11-12,2025-11-18,2025-11-25,0.5,320.0,3121.7812500000055,2801.7812500000055,3641.25
NIFTY,2025-11-12,2025-11-18,2025-11-25,0.75,0.0,2862.0468750000036,2862.0468750000036,3641.25
NIFTY,2025-11-12,2025-11-18,2025-11-25,0.75,80.0,2862.0468750000036,2782.0468750000036,3641.25
NIFTY,2025-11-12,2025-11-18,2025-11-25,0.75,160.0,2862.0468750000036,2702.0468750000036,3641.25
NIFTY,2025-11-12,2025-11-18,2025-11-25,0.75,240.0,2862.0468750000036,2622.0468750000036,3641.25
NIFTY,2025-11-12,2025-11-18,2025-11-25,0.75,320.0,2862.0468750000036,2542.0468750000036,3641.25
NIFTY,2025-11-12,2025-11-18,2025-11-25,1.0,0.0,2602.3125000000045,2602.3125000000045,3641.25
NIFTY,2025-11-12,2025-11-18,2025-11-25,1.0,80.0,2602.3125000000045,2522.3125000000045,3641.25
NIFTY,2025-11-12,2025-11-18,2025-11-25,1.0,160.0,2602.3125000000045,2442.3125000000045,3641.25
NIFTY,2025-11-12,2025-11-18,2025-11-25,1.0,240.0,2602.3125000000045,2362.3125000000045,3641.25
NIFTY,2025-11-12,2025-11-18,2025-11-25,1.0,320.0,2602.3125000000045,2282.3125000000045,3641.25
NIFTY,2025-11-19,2025-11-25,2025-11-25,0.0,0.0,-5550.000000000002,-5550.000000000002,-5550.000000000002
NIFTY,2025-11-19,2025-11-25,2025-11-25,0.0,80.0,-5550.000000000002,-5630.000000000002,-5550.000000000002
NIFTY,2025-11-19,2025-11-25,2025-11-25,0.0,160.0,-5550.000000000002,-5710.000000000002,-5550.000000000002
NIFTY,2025-11-19,2025-11-25,2025-11-25,0.0,240.0,-5550.000000000002,-5790.000000000002,-5550.000000000002
NIFTY,2025-11-19,2025-11-25,2025-11-25,0.0,320.0,-5550.000000000002,-5870.000000000002,-5550.000000000002
NIFTY,2025-11-19,2025-11-25,2025-11-25,0.25,0.0,-5722.987499999997,-5722.987499999997,-5550.000000000002
NIFTY,2025-11-19,2025-11-25,2025-11-25,0.25,80.0,-5722.987499999997,-5802.987499999997,-5550.000000000002
NIFTY,2025-11-19,2025-11-25,2025-11-25,0.25,160.0,-5722.987499999997,-5882.987499999997,-5550.000000000002
NIFTY,2025-11-19,2025-11-25,2025-11-25,0.25,240.0,-5722.987499999997,-5962.987499999997,-5550.000000000002
NIFTY,2025-11-19,2025-11-25,2025-11-25,0.25,320.0,-5722.987499999997,-6042.987499999997,-5550.000000000002
NIFTY,2025-11-19,2025-11-25,2025-11-25,0.5,0.0,-5895.974999999995,-5895.974999999995,-5550.000000000002
NIFTY,2025-11-19,2025-11-25,2025-11-25,0.5,80.0,-5895.974999999995,-5975.974999999995,-5550.000000000002
NIFTY,2025-11-19,2025-11-25,2025-11-25,0.5,160.0,-5895.974999999995,-6055.974999999995,-5550.000000000002
NIFTY,2025-11-19,2025-11-25,2025-11-25,0.5,240.0,-5895.974999999995,-6135.974999999995,-5550.000000000002
NIFTY,2025-11-19,2025-11-25,2025-11-25,0.5,320.0,-5895.974999999995,-6215.974999999995,-5550.000000000002
NIFTY,2025-11-19,2025-11-25,2025-11-25,0.75,0.0,-6068.9625000000015,-6068.9625000000015,-5550.000000000002
NIFTY,2025-11-19,2025-11-25,2025-11-25,0.75,80.0,-6068.9625000000015,-6148.9625000000015,-5550.000000000002
NIFTY,2025-11-19,2025-11-25,2025-11-25,0.75,160.0,-6068.9625000000015,-6228.9625000000015,-5550.000000000002
NIFTY,2025-11-19,2025-11-25,2025-11-25,0.75,240.0,-6068.9625000000015,-6308.9625000000015,-5550.000000000002
NIFTY,2025-11-19,2025-11-25,2025-11-25,0.75,320.0,-6068.9625000000015,-6388.9625000000015,-5550.000000000002
NIFTY,2025-11-19,2025-11-25,2025-11-25,1.0,0.0,-6241.950000000001,-6241.950000000001,-5550.000000000002
NIFTY,2025-11-19,2025-11-25,2025-11-25,1.0,80.0,-6241.950000000001,-6321.950000000001,-5550.000000000002
NIFTY,2025-11-19,2025-11-25,2025-11-25,1.0,160.0,-6241.950000000001,-6401.950000000001,-5550.000000000002
NIFTY,2025-11-19,2025-11-25,2025-11-25,1.0,240.0,-6241.950000000001,-6481.950000000001,-5550.000000000002
NIFTY,2025-11-19,2025-11-25,2025-11-25,1.0,320.0,-6241.950000000001,-6561.950000000001,-5550.000000000002
NIFTY,2025-12-03,2025-12-09,2025-12-30,0.0,0.0,-4795.5,-4795.5,-4795.5
NIFTY,2025-12-03,2025-12-09,2025-12-30,0.0,80.0,-4795.5,-4875.5,-4795.5
NIFTY,2025-12-03,2025-12-09,2025-12-30,0.0,160.0,-4795.5,-4955.5,-4795.5
NIFTY,2025-12-03,2025-12-09,2025-12-30,0.0,240.0,-4795.5,-5035.5,-4795.5
NIFTY,2025-12-03,2025-12-09,2025-12-30,0.0,320.0,-4795.5,-5115.5,-4795.5
NIFTY,2025-12-03,2025-12-09,2025-12-30,0.25,0.0,-5119.676249999991,-5119.676249999991,-4795.5
NIFTY,2025-12-03,2025-12-09,2025-12-30,0.25,80.0,-5119.676249999991,-5199.676249999991,-4795.5
NIFTY,2025-12-03,2025-12-09,2025-12-30,0.25,160.0,-5119.676249999991,-5279.676249999991,-4795.5
NIFTY,2025-12-03,2025-12-09,2025-12-30,0.25,240.0,-5119.676249999991,-5359.676249999991,-4795.5
NIFTY,2025-12-03,2025-12-09,2025-12-30,0.25,320.0,-5119.676249999991,-5439.676249999991,-4795.5
NIFTY,2025-12-03,2025-12-09,2025-12-30,0.5,0.0,-5443.852499999988,-5443.852499999988,-4795.5
NIFTY,2025-12-03,2025-12-09,2025-12-30,0.5,80.0,-5443.852499999988,-5523.852499999988,-4795.5
NIFTY,2025-12-03,2025-12-09,2025-12-30,0.5,160.0,-5443.852499999988,-5603.852499999988,-4795.5
NIFTY,2025-12-03,2025-12-09,2025-12-30,0.5,240.0,-5443.852499999988,-5683.852499999988,-4795.5
NIFTY,2025-12-03,2025-12-09,2025-12-30,0.5,320.0,-5443.852499999988,-5763.852499999988,-4795.5
NIFTY,2025-12-03,2025-12-09,2025-12-30,0.75,0.0,-5768.028749999998,-5768.028749999998,-4795.5
NIFTY,2025-12-03,2025-12-09,2025-12-30,0.75,80.0,-5768.028749999998,-5848.028749999998,-4795.5
NIFTY,2025-12-03,2025-12-09,2025-12-30,0.75,160.0,-5768.028749999998,-5928.028749999998,-4795.5
NIFTY,2025-12-03,2025-12-09,2025-12-30,0.75,240.0,-5768.028749999998,-6008.028749999998,-4795.5
NIFTY,2025-12-03,2025-12-09,2025-12-30,0.75,320.0,-5768.028749999998,-6088.028749999998,-4795.5
NIFTY,2025-12-03,2025-12-09,2025-12-30,1.0,0.0,-6092.205,-6092.205,-4795.5
NIFTY,2025-12-03,2025-12-09,2025-12-30,1.0,80.0,-6092.205,-6172.205,-4795.5
NIFTY,2025-12-03,2025-12-09,2025-12-30,1.0,160.0,-6092.205,-6252.205,-4795.5
NIFTY,2025-12-03,2025-12-09,2025-12-30,1.0,240.0,-6092.205,-6332.205,-4795.5
NIFTY,2025-12-03,2025-12-09,2025-12-30,1.0,320.0,-6092.205,-6412.205,-4795.5
NIFTY,2025-12-10,2025-12-16,2025-12-30,0.0,0.0,-4113.749999999995,-4113.749999999995,-4113.749999999995
NIFTY,2025-12-10,2025-12-16,2025-12-30,0.0,80.0,-4113.749999999995,-4193.749999999995,-4113.749999999995
NIFTY,2025-12-10,2025-12-16,2025-12-30,0.0,160.0,-4113.749999999995,-4273.749999999995,-4113.749999999995
NIFTY,2025-12-10,2025-12-16,2025-12-30,0.0,240.0,-4113.749999999995,-4353.749999999995,-4113.749999999995
NIFTY,2025-12-10,2025-12-16,2025-12-30,0.0,320.0,-4113.749999999995,-4433.749999999995,-4113.749999999995
NIFTY,2025-12-10,2025-12-16,2025-12-30,0.25,0.0,-4381.453124999991,-4381.453124999991,-4113.749999999995
NIFTY,2025-12-10,2025-12-16,2025-12-30,0.25,80.0,-4381.453124999991,-4461.453124999991,-4113.749999999995
NIFTY,2025-12-10,2025-12-16,2025-12-30,0.25,160.0,-4381.453124999991,-4541.453124999991,-4113.749999999995
NIFTY,2025-12-10,2025-12-16,2025-12-30,0.25,240.0,-4381.453124999991,-4621.453124999991,-4113.749999999995
NIFTY,2025-12-10,2025-12-16,2025-12-30,0.25,320.0,-4381.453124999991,-4701.453124999991,-4113.749999999995
NIFTY,2025-12-10,2025-12-16,2025-12-30,0.5,0.0,-4649.156249999987,-4649.156249999987,-4113.749999999995
NIFTY,2025-12-10,2025-12-16,2025-12-30,0.5,80.0,-4649.156249999987,-4729.156249999987,-4113.749999999995
NIFTY,2025-12-10,2025-12-16,2025-12-30,0.5,160.0,-4649.156249999987,-4809.156249999987,-4113.749999999995
NIFTY,2025-12-10,2025-12-16,2025-12-30,0.5,240.0,-4649.156249999987,-4889.156249999987,-4113.749999999995
NIFTY,2025-12-10,2025-12-16,2025-12-30,0.5,320.0,-4649.156249999987,-4969.156249999987,-4113.749999999995
NIFTY,2025-12-10,2025-12-16,2025-12-30,0.75,0.0,-4916.859374999996,-4916.859374999996,-4113.749999999995
NIFTY,2025-12-10,2025-12-16,2025-12-30,0.75,80.0,-4916.859374999996,-4996.859374999996,-4113.749999999995
NIFTY,2025-12-10,2025-12-16,2025-12-30,0.75,160.0,-4916.859374999996,-5076.859374999996,-4113.749999999995
NIFTY,2025-12-10,2025-12-16,2025-12-30,0.75,240.0,-4916.859374999996,-5156.859374999996,-4113.749999999995
NIFTY,2025-12-10,2025-12-16,2025-12-30,0.75,320.0,-4916.859374999996,-5236.859374999996,-4113.749999999995
NIFTY,2025-12-10,2025-12-16,2025-12-30,1.0,0.0,-5184.562499999996,-5184.562499999996,-4113.749999999995
NIFTY,2025-12-10,2025-12-16,2025-12-30,1.0,80.0,-5184.562499999996,-5264.562499999996,-4113.749999999995
NIFTY,2025-12-10,2025-12-16,2025-12-30,1.0,160.0,-5184.562499999996,-5344.562499999996,-4113.749999999995
NIFTY,2025-12-10,2025-12-16,2025-12-30,1.0,240.0,-5184.562499999996,-5424.562499999996,-4113.749999999995
NIFTY,2025-12-10,2025-12-16,2025-12-30,1.0,320.0,-5184.562499999996,-5504.562499999996,-4113.749999999995
NIFTY,2025-12-17,2025-12-23,2025-12-30,0.0,0.0,2445.000000000002,2445.000000000002,2445.000000000002
NIFTY,2025-12-17,2025-12-23,2025-12-30,0.0,80.0,2445.000000000002,2365.000000000002,2445.000000000002
NIFTY,2025-12-17,2025-12-23,2025-12-30,0.0,160.0,2445.000000000002,2285.000000000002,2445.000000000002
NIFTY,2025-12-17,2025-12-23,2025-12-30,0.0,240.0,2445.000000000002,2205.000000000002,2445.000000000002
NIFTY,2025-12-17,2025-12-23,2025-12-30,0.0,320.0,2445.000000000002,2125.000000000002,2445.000000000002
NIFTY,2025-12-17,2025-12-23,2025-12-30,0.25,0.0,2171.7750000000087,2171.7750000000087,2445.000000000002
NIFTY,2025-12-17,2025-12-23,2025-12-30,0.25,80.0,2171.7750000000087,2091.7750000000087,2445.000000000002
NIFTY,2025-12-17,2025-12-23,2025-12-30,0.25,160.0,2171.7750000000087,2011.7750000000087,2445.000000000002
NIFTY,2025-12-17,2025-12-23,2025-12-30,0.25,240.0,2171.7750000000087,1931.7750000000087,2445.000000000002
NIFTY,2025-12-17,2025-12-23,2025-12-30,0.25,320.0,2171.7750000000087,1851.7750000000087,2445.000000000002
NIFTY,2025-12-17,2025-12-23,2025-12-30,0.5,0.0,1898.5500000000084,1898.5500000000084,2445.000000000002
NIFTY,2025-12-17,2025-12-23,2025-12-30,0.5,80.0,1898.5500000000084,1818.5500000000084,2445.000000000002
NIFTY,2025-12-17,2025-12-23,2025-12-30,0.5,160.0,1898.5500000000084,1738.5500000000084,2445.000000000002
NIFTY,2025-12-17,2025-12-23,2025-12-30,0.5,240.0,1898.5500000000084,1658.5500000000084,2445.000000000002
NIFTY,2025-12-17,2025-12-23,2025-12-30,0.5,320.0,1898.5500000000084,1578.5500000000084,2445.000000000002
NIFTY,2025-12-17,2025-12-23,2025-12-30,0.75,0.0,1625.3250000000062,1625.3250000000062,2445.000000000002
NIFTY,2025-12-17,2025-12-23,2025-12-30,0.75,80.0,1625.3250000000062,1545.3250000000062,2445.000000000002
NIFTY,2025-12-17,2025-12-23,2025-12-30,0.75,160.0,1625.3250000000062,1465.3250000000062,2445.000000000002
NIFTY,2025-12-17,2025-12-23,2025-12-30,0.75,240.0,1625.3250000000062,1385.3250000000062,2445.000000000002
NIFTY,2025-12-17,2025-12-23,2025-12-30,0.75,320.0,1625.3250000000062,1305.3250000000062,2445.000000000002
NIFTY,2025-12-17,2025-12-23,2025-12-30,1.0,0.0,1352.0999999999985,1352.0999999999985,2445.000000000002
NIFTY,2025-12-17,2025-12-23,2025-12-30,1.0,80.0,1352.0999999999985,1272.0999999999985,2445.000000000002
NIFTY,2025-12-17,2025-12-23,2025-12-30,1.0,160.0,1352.0999999999985,1192.0999999999985,2445.000000000002
NIFTY,2025-12-17,2025-12-23,2025-12-30,1.0,240.0,1352.0999999999985,1112.0999999999985,2445.000000000002
NIFTY,2025-12-17,2025-12-23,2025-12-30,1.0,320.0,1352.0999999999985,1032.0999999999985,2445.000000000002
NIFTY,2025-12-24,2025-12-30,2025-12-30,0.0,0.0,1162.5,1162.5,1162.5
NIFTY,2025-12-24,2025-12-30,2025-12-30,0.0,80.0,1162.5,1082.5,1162.5
NIFTY,2025-12-24,2025-12-30,2025-12-30,0.0,160.0,1162.5,1002.5,1162.5
NIFTY,2025-12-24,2025-12-30,2025-12-30,0.0,240.0,1162.5,922.5,1162.5
NIFTY,2025-12-24,2025-12-30,2025-12-30,0.0,320.0,1162.5,842.5,1162.5
NIFTY,2025-12-24,2025-12-30,2025-12-30,0.25,0.0,945.3562500000062,945.3562500000062,1162.5
NIFTY,2025-12-24,2025-12-30,2025-12-30,0.25,80.0,945.3562500000062,865.3562500000062,1162.5
NIFTY,2025-12-24,2025-12-30,2025-12-30,0.25,160.0,945.3562500000062,785.3562500000062,1162.5
NIFTY,2025-12-24,2025-12-30,2025-12-30,0.25,240.0,945.3562500000062,705.3562500000062,1162.5
NIFTY,2025-12-24,2025-12-30,2025-12-30,0.25,320.0,945.3562500000062,625.3562500000062,1162.5
NIFTY,2025-12-24,2025-12-30,2025-12-30,0.5,0.0,728.2125000000051,728.2125000000051,1162.5
NIFTY,2025-12-24,2025-12-30,2025-12-30,0.5,80.0,728.2125000000051,648.2125000000051,1162.5
NIFTY,2025-12-24,2025-12-30,2025-12-30,0.5,160.0,728.2125000000051,568.2125000000051,1162.5
NIFTY,2025-12-24,2025-12-30,2025-12-30,0.5,240.0,728.2125000000051,488.2125000000051,1162.5
NIFTY,2025-12-24,2025-12-30,2025-12-30,0.5,320.0,728.2125000000051,408.2125000000051,1162.5
NIFTY,2025-12-24,2025-12-30,2025-12-30,0.75,0.0,511.0687499999967,511.0687499999967,1162.5
NIFTY,2025-12-24,2025-12-30,2025-12-30,0.75,80.0,511.0687499999967,431.0687499999967,1162.5
NIFTY,2025-12-24,2025-12-30,2025-12-30,0.75,160.0,511.0687499999967,351.0687499999967,1162.5
NIFTY,2025-12-24,2025-12-30,2025-12-30,0.75,240.0,511.0687499999967,271.0687499999967,1162.5
NIFTY,2025-12-24,2025-12-30,2025-12-30,0.75,320.0,511.0687499999967,191.06874999999673,1162.5
NIFTY,2025-12-24,2025-12-30,2025-12-30,1.0,0.0,293.92499999999745,293.92499999999745,1162.5
NIFTY,2025-12-24,2025-12-30,2025-12-30,1.0,80.0,293.92499999999745,213.92499999999745,1162.5
NIFTY,2025-12-24,2025-12-30,2025-12-30,1.0,160.0,293.92499999999745,133.92499999999745,1162.5
NIFTY,2025-12-24,2025-12-30,2025-12-30,1.0,240.0,293.92499999999745,53.92499999999745,1162.5
NIFTY,2025-12-24,2025-12-30,2025-12-30,1.0,320.0,293.92499999999745,-26.075000000002547,1162.5
NIFTY,2025-12-31,2026-01-06,2026-01-27,0.0,0.0,2941.9000000000037,2941.9000000000037,2941.9000000000037
NIFTY,2025-12-31,2026-01-06,2026-01-27,0.0,80.0,2941.9000000000037,2861.9000000000037,2941.9000000000037
NIFTY,2025-12-31,2026-01-06,2026-01-27,0.0,160.0,2941.9000000000037,2781.9000000000037,2941.9000000000037
NIFTY,2025-12-31,2026-01-06,2026-01-27,0.0,240.0,2941.9000000000037,2701.9000000000037,2941.9000000000037
NIFTY,2025-12-31,2026-01-06,2026-01-27,0.0,320.0,2941.9000000000037,2621.9000000000037,2941.9000000000037
NIFTY,2025-12-31,2026-01-06,2026-01-27,0.25,0.0,2680.5285000000076,2680.5285000000076,2941.9000000000037
NIFTY,2025-12-31,2026-01-06,2026-01-27,0.25,80.0,2680.5285000000076,2600.5285000000076,2941.9000000000037
NIFTY,2025-12-31,2026-01-06,2026-01-27,0.25,160.0,2680.5285000000076,2520.5285000000076,2941.9000000000037
NIFTY,2025-12-31,2026-01-06,2026-01-27,0.25,240.0,2680.5285000000076,2440.5285000000076,2941.9000000000037
NIFTY,2025-12-31,2026-01-06,2026-01-27,0.25,320.0,2680.5285000000076,2360.5285000000076,2941.9000000000037
NIFTY,2025-12-31,2026-01-06,2026-01-27,0.5,0.0,2419.157000000008,2419.157000000008,2941.9000000000037
NIFTY,2025-12-31,2026-01-06,2026-01-27,0.5,80.0,2419.157000000008,2339.157000000008,2941.9000000000037
NIFTY,2025-12-31,2026-01-06,2026-01-27,0.5,160.0,2419.157000000008,2259.157000000008,2941.9000000000037
NIFTY,2025-12-31,2026-01-06,2026-01-27,0.5,240.0,2419.157000000008,2179.157000000008,2941.9000000000037
NIFTY,2025-12-31,2026-01-06,2026-01-27,0.5,320.0,2419.157000000008,2099.157000000008,2941.9000000000037
NIFTY,2025-12-31,2026-01-06,2026-01-27,0.75,0.0,2157.7855000000045,2157.7855000000045,2941.9000000000037
NIFTY,2025-12-31,2026-01-06,2026-01-27,0.75,80.0,2157.7855000000045,2077.7855000000045,2941.9000000000037
NIFTY,2025-12-31,2026-01-06,2026-01-27,0.75,160.0,2157.7855000000045,1997.7855000000045,2941.9000000000037
NIFTY,2025-12-31,2026-01-06,2026-01-27,0.75,240.0,2157.7855000000045,1917.7855000000045,2941.9000000000037
NIFTY,2025-12-31,2026-01-06,2026-01-27,0.75,320.0,2157.7855000000045,1837.7855000000045,2941.9000000000037
NIFTY,2025-12-31,2026-01-06,2026-01-27,1.0,0.0,1896.4140000000025,1896.4140000000025,2941.9000000000037
NIFTY,2025-12-31,2026-01-06,2026-01-27,1.0,80.0,1896.4140000000025,1816.4140000000025,2941.9000000000037
NIFTY,2025-12-31,2026-01-06,2026-01-27,1.0,160.0,1896.4140000000025,1736.4140000000025,2941.9000000000037
NIFTY,2025-12-31,2026-01-06,2026-01-27,1.0,240.0,1896.4140000000025,1656.4140000000025,2941.9000000000037
NIFTY,2025-12-31,2026-01-06,2026-01-27,1.0,320.0,1896.4140000000025,1576.4140000000025,2941.9000000000037
NIFTY,2026-01-07,2026-01-13,2026-01-27,0.0,0.0,626.600000000004,626.600000000004,626.600000000004
NIFTY,2026-01-07,2026-01-13,2026-01-27,0.0,80.0,626.600000000004,546.600000000004,626.600000000004
NIFTY,2026-01-07,2026-01-13,2026-01-27,0.0,160.0,626.600000000004,466.600000000004,626.600000000004
NIFTY,2026-01-07,2026-01-13,2026-01-27,0.0,240.0,626.600000000004,386.600000000004,626.600000000004
NIFTY,2026-01-07,2026-01-13,2026-01-27,0.0,320.0,626.600000000004,306.600000000004,626.600000000004
NIFTY,2026-01-07,2026-01-13,2026-01-27,0.25,0.0,337.6360000000095,337.6360000000095,626.600000000004
NIFTY,2026-01-07,2026-01-13,2026-01-27,0.25,80.0,337.6360000000095,257.6360000000095,626.600000000004
NIFTY,2026-01-07,2026-01-13,2026-01-27,0.25,160.0,337.6360000000095,177.63600000000952,626.600000000004
NIFTY,2026-01-07,2026-01-13,2026-01-27,0.25,240.0,337.6360000000095,97.63600000000952,626.600000000004
NIFTY,2026-01-07,2026-01-13,2026-01-27,0.25,320.0,337.6360000000095,17.636000000009517,626.600000000004
NIFTY,2026-01-07,2026-01-13,2026-01-27,0.5,0.0,48.67200000001321,48.67200000001321,626.600000000004
NIFTY,2026-01-07,2026-01-13,2026-01-27,0.5,80.0,48.67200000001321,-31.327999999986787,626.600000000004
NIFTY,2026-01-07,2026-01-13,2026-01-27,0.5,160.0,48.67200000001321,-111.32799999998679,626.600000000004
NIFTY,2026-01-07,2026-01-13,2026-01-27,0.5,240.0,48.67200000001321,-191.3279999999868,626.600000000004
NIFTY,2026-01-07,2026-01-13,2026-01-27,0.5,320.0,48.67200000001321,-271.3279999999868,626.600000000004
NIFTY,2026-01-07,2026-01-13,2026-01-27,0.75,0.0,-240.29199999999582,-240.29199999999582,626.600000000004
NIFTY,2026-01-07,2026-01-13,2026-01-27,0.75,80.0,-240.29199999999582,-320.2919999999958,626.600000000004
NIFTY,2026-01-07,2026-01-13,2026-01-27,0.75,160.0,-240.29199999999582,-400.2919999999958,626.600000000004
NIFTY,2026-01-07,2026-01-13,2026-01-27,0.75,240.0,-240.29199999999582,-480.2919999999958,626.600000000004
NIFTY,2026-01-07,2026-01-13,2026-01-27,0.75,320.0,-240.29199999999582,-560.2919999999958,626.600000000004
NIFTY,2026-01-07,2026-01-13,2026-01-27,1.0,0.0,-529.2560000000012,-529.2560000000012,626.600000000004
NIFTY,2026-01-07,2026-01-13,2026-01-27,1.0,80.0,-529.2560000000012,-609.2560000000012,626.600000000004
NIFTY,2026-01-07,2026-01-13,2026-01-27,1.0,160.0,-529.2560000000012,-689.2560000000012,626.600000000004
NIFTY,2026-01-07,2026-01-13,2026-01-27,1.0,240.0,-529.2560000000012,-769.2560000000012,626.600000000004
NIFTY,2026-01-07,2026-01-13,2026-01-27,1.0,320.0,-529.2560000000012,-849.2560000000012,626.600000000004
NIFTY,2026-01-14,2026-01-20,2026-01-27,0.0,0.0,1173.2499999999982,1173.2499999999982,1173.2499999999982
NIFTY,2026-01-14,2026-01-20,2026-01-27,0.0,80.0,1173.2499999999982,1093.2499999999982,1173.2499999999982
NIFTY,2026-01-14,2026-01-20,2026-01-27,0.0,160.0,1173.2499999999982,1013.2499999999982,1173.2499999999982
NIFTY,2026-01-14,2026-01-20,2026-01-27,0.0,240.0,1173.2499999999982,933.2499999999982,1173.2499999999982
NIFTY,2026-01-14,2026-01-20,2026-01-27,0.0,320.0,1173.2499999999982,853.2499999999982,1173.2499999999982
NIFTY,2026-01-14,2026-01-20,2026-01-27,0.25,0.0,861.4043750000092,861.4043750000092,1173.2499999999982
NIFTY,2026-01-14,2026-01-20,2026-01-27,0.25,80.0,861.4043750000092,781.4043750000092,1173.2499999999982
NIFTY,2026-01-14,2026-01-20,2026-01-27,0.25,160.0,861.4043750000092,701.4043750000092,1173.2499999999982
NIFTY,2026-01-14,2026-01-20,2026-01-27,0.25,240.0,861.4043750000092,621.4043750000092,1173.2499999999982
NIFTY,2026-01-14,2026-01-20,2026-01-27,0.25,320.0,861.4043750000092,541.4043750000092,1173.2499999999982
NIFTY,2026-01-14,2026-01-20,2026-01-27,0.5,0.0,549.558750000002,549.558750000002,1173.2499999999982
NIFTY,2026-01-14,2026-01-20,2026-01-27,0.5,80.0,549.558750000002,469.55875000000196,1173.2499999999982
NIFTY,2026-01-14,2026-01-20,2026-01-27,0.5,160.0,549.558750000002,389.55875000000196,1173.2499999999982
NIFTY,2026-01-14,2026-01-20,2026-01-27,0.5,240.0,549.558750000002,309.55875000000196,1173.2499999999982
NIFTY,2026-01-14,2026-01-20,2026-01-27,0.5,320.0,549.558750000002,229.55875000000196,1173.2499999999982
NIFTY,2026-01-14,2026-01-20,2026-01-27,0.75,0.0,237.71312500000204,237.71312500000204,1173.2499999999982
NIFTY,2026-01-14,2026-01-20,2026-01-27,0.75,80.0,237.71312500000204,157.71312500000204,1173.2499999999982
NIFTY,2026-01-14,2026-01-20,2026-01-27,0.75,160.0,237.71312500000204,77.71312500000204,1173.2499999999982
NIFTY,2026-01-14,2026-01-20,2026-01-27,0.75,240.0,237.71312500000204,-2.2868749999979627,1173.2499999999982
NIFTY,2026-01-14,2026-01-20,2026-01-27,0.75,320.0,237.71312500000204,-82.28687499999796,1173.2499999999982
NIFTY,2026-01-14,2026-01-20,2026-01-27,1.0,0.0,-74.13250000000335,-74.13250000000335,1173.2499999999982
NIFTY,2026-01-14,2026-01-20,2026-01-27,1.0,80.0,-74.13250000000335,-154.13250000000335,1173.2499999999982
NIFTY,2026-01-14,2026-01-20,2026-01-27,1.0,160.0,-74.13250000000335,-234.13250000000335,1173.2499999999982
NIFTY,2026-01-14,2026-01-20,2026-01-27,1.0,240.0,-74.13250000000335,-314.13250000000335,1173.2499999999982
NIFTY,2026-01-14,2026-01-20,2026-01-27,1.0,320.0,-74.13250000000335,-394.13250000000335,1173.2499999999982
NIFTY,2026-01-21,2026-01-27,2026-01-27,0.0,0.0,-672.7499999999982,-672.7499999999982,-672.7499999999982
NIFTY,2026-01-21,2026-01-27,2026-01-27,0.0,80.0,-672.7499999999982,-752.7499999999982,-672.7499999999982
NIFTY,2026-01-21,2026-01-27,2026-01-27,0.0,160.0,-672.7499999999982,-832.7499999999982,-672.7499999999982
NIFTY,2026-01-21,2026-01-27,2026-01-27,0.0,240.0,-672.7499999999982,-912.7499999999982,-672.7499999999982
NIFTY,2026-01-21,2026-01-27,2026-01-27,0.0,320.0,-672.7499999999982,-992.7499999999982,-672.7499999999982
NIFTY,2026-01-21,2026-01-27,2026-01-27,0.25,0.0,-837.045624999997,-837.045624999997,-672.7499999999982
NIFTY,2026-01-21,2026-01-27,2026-01-27,0.25,80.0,-837.045624999997,-917.045624999997,-672.7499999999982
NIFTY,2026-01-21,2026-01-27,2026-01-27,0.25,160.0,-837.045624999997,-997.045624999997,-672.7499999999982
NIFTY,2026-01-21,2026-01-27,2026-01-27,0.25,240.0,-837.045624999997,-1077.045624999997,-672.7499999999982
NIFTY,2026-01-21,2026-01-27,2026-01-27,0.25,320.0,-837.045624999997,-1157.045624999997,-672.7499999999982
NIFTY,2026-01-21,2026-01-27,2026-01-27,0.5,0.0,-1001.3412499999977,-1001.3412499999977,-672.7499999999982
NIFTY,2026-01-21,2026-01-27,2026-01-27,0.5,80.0,-1001.3412499999977,-1081.3412499999977,-672.7499999999982
NIFTY,2026-01-21,2026-01-27,2026-01-27,0.5,160.0,-1001.3412499999977,-1161.3412499999977,-672.7499999999982
NIFTY,2026-01-21,2026-01-27,2026-01-27,0.5,240.0,-1001.3412499999977,-1241.3412499999977,-672.7499999999982
NIFTY,2026-01-21,2026-01-27,2026-01-27,0.5,320.0,-1001.3412499999977,-1321.3412499999977,-672.7499999999982
NIFTY,2026-01-21,2026-01-27,2026-01-27,0.75,0.0,-1165.6368749999983,-1165.6368749999983,-672.7499999999982
NIFTY,2026-01-21,2026-01-27,2026-01-27,0.75,80.0,-1165.6368749999983,-1245.6368749999983,-672.7499999999982
NIFTY,2026-01-21,2026-01-27,2026-01-27,0.75,160.0,-1165.6368749999983,-1325.6368749999983,-672.7499999999982
NIFTY,2026-01-21,2026-01-27,2026-01-27,0.75,240.0,-1165.6368749999983,-1405.6368749999983,-672.7499999999982
NIFTY,2026-01-21,2026-01-27,2026-01-27,0.75,320.0,-1165.6368749999983,-1485.6368749999983,-672.7499999999982
NIFTY,2026-01-21,2026-01-27,2026-01-27,1.0,0.0,-1329.932499999999,-1329.932499999999,-672.7499999999982
NIFTY,2026-01-21,2026-01-27,2026-01-27,1.0,80.0,-1329.932499999999,-1409.932499999999,-672.7499999999982
NIFTY,2026-01-21,2026-01-27,2026-01-27,1.0,160.0,-1329.932499999999,-1489.932499999999,-672.7499999999982
NIFTY,2026-01-21,2026-01-27,2026-01-27,1.0,240.0,-1329.932499999999,-1569.932499999999,-672.7499999999982
NIFTY,2026-01-21,2026-01-27,2026-01-27,1.0,320.0,-1329.932499999999,-1649.932499999999,-672.7499999999982
NIFTY,2026-01-28,2026-02-03,2026-02-24,0.0,0.0,2843.7499999999964,2843.7499999999964,2843.7499999999964
NIFTY,2026-01-28,2026-02-03,2026-02-24,0.0,80.0,2843.7499999999964,2763.7499999999964,2843.7499999999964
NIFTY,2026-01-28,2026-02-03,2026-02-24,0.0,160.0,2843.7499999999964,2683.7499999999964,2843.7499999999964
NIFTY,2026-01-28,2026-02-03,2026-02-24,0.0,240.0,2843.7499999999964,2603.7499999999964,2843.7499999999964
NIFTY,2026-01-28,2026-02-03,2026-02-24,0.0,320.0,2843.7499999999964,2523.7499999999964,2843.7499999999964
NIFTY,2026-01-28,2026-02-03,2026-02-24,0.25,0.0,2433.7543749999986,2433.7543749999986,2843.7499999999964
NIFTY,2026-01-28,2026-02-03,2026-02-24,0.25,80.0,2433.7543749999986,2353.7543749999986,2843.7499999999964
NIFTY,2026-01-28,2026-02-03,2026-02-24,0.25,160.0,2433.7543749999986,2273.7543749999986,2843.7499999999964
NIFTY,2026-01-28,2026-02-03,2026-02-24,0.25,240.0,2433.7543749999986,2193.7543749999986,2843.7499999999964
NIFTY,2026-01-28,2026-02-03,2026-02-24,0.25,320.0,2433.7543749999986,2113.7543749999986,2843.7499999999964
NIFTY,2026-01-28,2026-02-03,2026-02-24,0.5,0.0,2023.7587499999972,2023.7587499999972,2843.7499999999964
NIFTY,2026-01-28,2026-02-03,2026-02-24,0.5,80.0,2023.7587499999972,1943.7587499999972,2843.7499999999964
NIFTY,2026-01-28,2026-02-03,2026-02-24,0.5,160.0,2023.7587499999972,1863.7587499999972,2843.7499999999964
NIFTY,2026-01-28,2026-02-03,2026-02-24,0.5,240.0,2023.7587499999972,1783.7587499999972,2843.7499999999964
NIFTY,2026-01-28,2026-02-03,2026-02-24,0.5,320.0,2023.7587499999972,1703.7587499999972,2843.7499999999964
NIFTY,2026-01-28,2026-02-03,2026-02-24,0.75,0.0,1613.7631249999995,1613.7631249999995,2843.7499999999964
NIFTY,2026-01-28,2026-02-03,2026-02-24,0.75,80.0,1613.7631249999995,1533.7631249999995,2843.7499999999964
NIFTY,2026-01-28,2026-02-03,2026-02-24,0.75,160.0,1613.7631249999995,1453.7631249999995,2843.7499999999964
NIFTY,2026-01-28,2026-02-03,2026-02-24,0.75,240.0,1613.7631249999995,1373.7631249999995,2843.7499999999964
NIFTY,2026-01-28,2026-02-03,2026-02-24,0.75,320.0,1613.7631249999995,1293.7631249999995,2843.7499999999964
NIFTY,2026-01-28,2026-02-03,2026-02-24,1.0,0.0,1203.7674999999945,1203.7674999999945,2843.7499999999964
NIFTY,2026-01-28,2026-02-03,2026-02-24,1.0,80.0,1203.7674999999945,1123.7674999999945,2843.7499999999964
NIFTY,2026-01-28,2026-02-03,2026-02-24,1.0,160.0,1203.7674999999945,1043.7674999999945,2843.7499999999964
NIFTY,2026-01-28,2026-02-03,2026-02-24,1.0,240.0,1203.7674999999945,963.7674999999945,2843.7499999999964
NIFTY,2026-01-28,2026-02-03,2026-02-24,1.0,320.0,1203.7674999999945,883.7674999999945,2843.7499999999964
NIFTY,2026-02-04,2026-02-10,2026-02-24,0.0,0.0,2671.4999999999973,2671.4999999999973,2671.4999999999973
NIFTY,2026-02-04,2026-02-10,2026-02-24,0.0,80.0,2671.4999999999973,2591.4999999999973,2671.4999999999973
NIFTY,2026-02-04,2026-02-10,2026-02-24,0.0,160.0,2671.4999999999973,2511.4999999999973,2671.4999999999973
NIFTY,2026-02-04,2026-02-10,2026-02-24,0.0,240.0,2671.4999999999973,2431.4999999999973,2671.4999999999973
NIFTY,2026-02-04,2026-02-10,2026-02-24,0.0,320.0,2671.4999999999973,2351.4999999999973,2671.4999999999973
NIFTY,2026-02-04,2026-02-10,2026-02-24,0.25,0.0,2386.523750000009,2386.523750000009,2671.4999999999973
NIFTY,2026-02-04,2026-02-10,2026-02-24,0.25,80.0,2386.523750000009,2306.523750000009,2671.4999999999973
NIFTY,2026-02-04,2026-02-10,2026-02-24,0.25,160.0,2386.523750000009,2226.523750000009,2671.4999999999973
NIFTY,2026-02-04,2026-02-10,2026-02-24,0.25,240.0,2386.523750000009,2146.523750000009,2671.4999999999973
NIFTY,2026-02-04,2026-02-10,2026-02-24,0.25,320.0,2386.523750000009,2066.523750000009,2671.4999999999973
NIFTY,2026-02-04,2026-02-10,2026-02-24,0.5,0.0,2101.5474999999983,2101.5474999999983,2671.4999999999973
NIFTY,2026-02-04,2026-02-10,2026-02-24,0.5,80.0,2101.5474999999983,2021.5474999999983,2671.4999999999973
NIFTY,2026-02-04,2026-02-10,2026-02-24,0.5,160.0,2101.5474999999983,1941.5474999999983,2671.4999999999973
NIFTY,2026-02-04,2026-02-10,2026-02-24,0.5,240.0,2101.5474999999983,1861.5474999999983,2671.4999999999973
NIFTY,2026-02-04,2026-02-10,2026-02-24,0.5,320.0,2101.5474999999983,1781.5474999999983,2671.4999999999973
NIFTY,2026-02-04,2026-02-10,2026-02-24,0.75,0.0,1816.5712499999995,1816.5712499999995,2671.4999999999973
NIFTY,2026-02-04,2026-02-10,2026-02-24,0.75,80.0,1816.5712499999995,1736.5712499999995,2671.4999999999973
NIFTY,2026-02-04,2026-02-10,2026-02-24,0.75,160.0,1816.5712499999995,1656.5712499999995,2671.4999999999973
NIFTY,2026-02-04,2026-02-10,2026-02-24,0.75,240.0,1816.5712499999995,1576.5712499999995,2671.4999999999973
NIFTY,2026-02-04,2026-02-10,2026-02-24,0.75,320.0,1816.5712499999995,1496.5712499999995,2671.4999999999973
NIFTY,2026-02-04,2026-02-10,2026-02-24,1.0,0.0,1531.5949999999984,1531.5949999999984,2671.4999999999973
NIFTY,2026-02-04,2026-02-10,2026-02-24,1.0,80.0,1531.5949999999984,1451.5949999999984,2671.4999999999973
NIFTY,2026-02-04,2026-02-10,2026-02-24,1.0,160.0,1531.5949999999984,1371.5949999999984,2671.4999999999973
NIFTY,2026-02-04,2026-02-10,2026-02-24,1.0,240.0,1531.5949999999984,1291.5949999999984,2671.4999999999973
NIFTY,2026-02-04,2026-02-10,2026-02-24,1.0,320.0,1531.5949999999984,1211.5949999999984,2671.4999999999973
NIFTY,2026-02-11,2026-02-17,2026-02-24,0.0,0.0,-123.49999999999818,-123.49999999999818,-123.49999999999818
NIFTY,2026-02-11,2026-02-17,2026-02-24,0.0,80.0,-123.49999999999818,-203.49999999999818,-123.49999999999818
NIFTY,2026-02-11,2026-02-17,2026-02-24,0.0,160.0,-123.49999999999818,-283.4999999999982,-123.49999999999818
NIFTY,2026-02-11,2026-02-17,2026-02-24,0.0,240.0,-123.49999999999818,-363.4999999999982,-123.49999999999818
NIFTY,2026-02-11,2026-02-17,2026-02-24,0.0,320.0,-123.49999999999818,-443.4999999999982,-123.49999999999818
NIFTY,2026-02-11,2026-02-17,2026-02-24,0.25,0.0,-368.02999999999884,-368.02999999999884,-123.49999999999818
NIFTY,2026-02-11,2026-02-17,2026-02-24,0.25,80.0,-368.02999999999884,-448.02999999999884,-123.49999999999818
NIFTY,2026-02-11,2026-02-17,2026-02-24,0.25,160.0,-368.02999999999884,-528.0299999999988,-123.49999999999818
NIFTY,2026-02-11,2026-02-17,2026-02-24,0.25,240.0,-368.02999999999884,-608.0299999999988,-123.49999999999818
NIFTY,2026-02-11,2026-02-17,2026-02-24,0.25,320.0,-368.02999999999884,-688.0299999999988,-123.49999999999818
NIFTY,2026-02-11,2026-02-17,2026-02-24,0.5,0.0,-612.5599999999922,-612.5599999999922,-123.49999999999818
NIFTY,2026-02-11,2026-02-17,2026-02-24,0.5,80.0,-612.5599999999922,-692.5599999999922,-123.49999999999818
NIFTY,2026-02-11,2026-02-17,2026-02-24,0.5,160.0,-612.5599999999922,-772.5599999999922,-123.49999999999818
NIFTY,2026-02-11,2026-02-17,2026-02-24,0.5,240.0,-612.5599999999922,-852.5599999999922,-123.49999999999818
NIFTY,2026-02-11,2026-02-17,2026-02-24,0.5,320.0,-612.5599999999922,-932.5599999999922,-123.49999999999818
NIFTY,2026-02-11,2026-02-17,2026-02-24,0.75,0.0,-857.0900000000001,-857.0900000000001,-123.49999999999818
NIFTY,2026-02-11,2026-02-17,2026-02-24,0.75,80.0,-857.0900000000001,-937.0900000000001,-123.49999999999818
NIFTY,2026-02-11,2026-02-17,2026-02-24,0.75,160.0,-857.0900000000001,-1017.0900000000001,-123.49999999999818
NIFTY,2026-02-11,2026-02-17,2026-02-24,0.75,240.0,-857.0900000000001,-1097.0900000000001,-123.49999999999818
NIFTY,2026-02-11,2026-02-17,2026-02-24,0.75,320.0,-857.0900000000001,-1177.0900000000001,-123.49999999999818
NIFTY,2026-02-11,2026-02-17,2026-02-24,1.0,0.0,-1101.6200000000044,-1101.6200000000044,-123.49999999999818
NIFTY,2026-02-11,2026-02-17,2026-02-24,1.0,80.0,-1101.6200000000044,-1181.6200000000044,-123.49999999999818
NIFTY,2026-02-11,2026-02-17,2026-02-24,1.0,160.0,-1101.6200000000044,-1261.6200000000044,-123.49999999999818
NIFTY,2026-02-11,2026-02-17,2026-02-24,1.0,240.0,-1101.6200000000044,-1341.6200000000044,-123.49999999999818
NIFTY,2026-02-11,2026-02-17,2026-02-24,1.0,320.0,-1101.6200000000044,-1421.6200000000044,-123.49999999999818
NIFTY,2026-02-18,2026-02-24,2026-02-24,0.0,0.0,841.7499999999982,841.7499999999982,841.7499999999982
NIFTY,2026-02-18,2026-02-24,2026-02-24,0.0,80.0,841.7499999999982,761.7499999999982,841.7499999999982
NIFTY,2026-02-18,2026-02-24,2026-02-24,0.0,160.0,841.7499999999982,681.7499999999982,841.7499999999982
NIFTY,2026-02-18,2026-02-24,2026-02-24,0.0,240.0,841.7499999999982,601.7499999999982,841.7499999999982
NIFTY,2026-02-18,2026-02-24,2026-02-24,0.0,320.0,841.7499999999982,521.7499999999982,841.7499999999982
NIFTY,2026-02-18,2026-02-24,2026-02-24,0.25,0.0,626.9981250000019,626.9981250000019,841.7499999999982
NIFTY,2026-02-18,2026-02-24,2026-02-24,0.25,80.0,626.9981250000019,546.9981250000019,841.7499999999982
NIFTY,2026-02-18,2026-02-24,2026-02-24,0.25,160.0,626.9981250000019,466.9981250000019,841.7499999999982
NIFTY,2026-02-18,2026-02-24,2026-02-24,0.25,240.0,626.9981250000019,386.9981250000019,841.7499999999982
NIFTY,2026-02-18,2026-02-24,2026-02-24,0.25,320.0,626.9981250000019,306.9981250000019,841.7499999999982
NIFTY,2026-02-18,2026-02-24,2026-02-24,0.5,0.0,412.2462500000056,412.2462500000056,841.7499999999982
NIFTY,2026-02-18,2026-02-24,2026-02-24,0.5,80.0,412.2462500000056,332.2462500000056,841.7499999999982
NIFTY,2026-02-18,2026-02-24,2026-02-24,0.5,160.0,412.2462500000056,252.2462500000056,841.7499999999982
NIFTY,2026-02-18,2026-02-24,2026-02-24,0.5,240.0,412.2462500000056,172.2462500000056,841.7499999999982
NIFTY,2026-02-18,2026-02-24,2026-02-24,0.5,320.0,412.2462500000056,92.2462500000056,841.7499999999982
NIFTY,2026-02-18,2026-02-24,2026-02-24,0.75,0.0,197.49437500000022,197.49437500000022,841.7499999999982
NIFTY,2026-02-18,2026-02-24,2026-02-24,0.75,80.0,197.49437500000022,117.49437500000022,841.7499999999982
NIFTY,2026-02-18,2026-02-24,2026-02-24,0.75,160.0,197.49437500000022,37.49437500000022,841.7499999999982
NIFTY,2026-02-18,2026-02-24,2026-02-24,0.75,240.0,197.49437500000022,-42.50562499999978,841.7499999999982
NIFTY,2026-02-18,2026-02-24,2026-02-24,0.75,320.0,197.49437500000022,-122.50562499999978,841.7499999999982
NIFTY,2026-02-18,2026-02-24,2026-02-24,1.0,0.0,-17.257500000005166,-17.257500000005166,841.7499999999982
NIFTY,2026-02-18,2026-02-24,2026-02-24,1.0,80.0,-17.257500000005166,-97.25750000000517,841.7499999999982
NIFTY,2026-02-18,2026-02-24,2026-02-24,1.0,160.0,-17.257500000005166,-177.25750000000517,841.7499999999982
NIFTY,2026-02-18,2026-02-24,2026-02-24,1.0,240.0,-17.257500000005166,-257.25750000000517,841.7499999999982
NIFTY,2026-02-18,2026-02-24,2026-02-24,1.0,320.0,-17.257500000005166,-337.25750000000517,841.7499999999982
NIFTY,2026-02-25,2026-03-02,2026-03-30,0.0,0.0,-1098.4999999999964,-1098.4999999999964,-1098.4999999999964
NIFTY,2026-02-25,2026-03-02,2026-03-30,0.0,80.0,-1098.4999999999964,-1178.4999999999964,-1098.4999999999964
NIFTY,2026-02-25,2026-03-02,2026-03-30,0.0,160.0,-1098.4999999999964,-1258.4999999999964,-1098.4999999999964
NIFTY,2026-02-25,2026-03-02,2026-03-30,0.0,240.0,-1098.4999999999964,-1338.4999999999964,-1098.4999999999964
NIFTY,2026-02-25,2026-03-02,2026-03-30,0.0,320.0,-1098.4999999999964,-1418.4999999999964,-1098.4999999999964
NIFTY,2026-02-25,2026-03-02,2026-03-30,0.25,0.0,-1567.7187499999927,-1567.7187499999927,-1098.4999999999964
NIFTY,2026-02-25,2026-03-02,2026-03-30,0.25,80.0,-1567.7187499999927,-1647.7187499999927,-1098.4999999999964
NIFTY,2026-02-25,2026-03-02,2026-03-30,0.25,160.0,-1567.7187499999927,-1727.7187499999927,-1098.4999999999964
NIFTY,2026-02-25,2026-03-02,2026-03-30,0.25,240.0,-1567.7187499999927,-1807.7187499999927,-1098.4999999999964
NIFTY,2026-02-25,2026-03-02,2026-03-30,0.25,320.0,-1567.7187499999927,-1887.7187499999927,-1098.4999999999964
NIFTY,2026-02-25,2026-03-02,2026-03-30,0.5,0.0,-2036.9374999999964,-2036.9374999999964,-1098.4999999999964
NIFTY,2026-02-25,2026-03-02,2026-03-30,0.5,80.0,-2036.9374999999964,-2116.9374999999964,-1098.4999999999964
NIFTY,2026-02-25,2026-03-02,2026-03-30,0.5,160.0,-2036.9374999999964,-2196.9374999999964,-1098.4999999999964
NIFTY,2026-02-25,2026-03-02,2026-03-30,0.5,240.0,-2036.9374999999964,-2276.9374999999964,-1098.4999999999964
NIFTY,2026-02-25,2026-03-02,2026-03-30,0.5,320.0,-2036.9374999999964,-2356.9374999999964,-1098.4999999999964
NIFTY,2026-02-25,2026-03-02,2026-03-30,0.75,0.0,-2506.1562500000036,-2506.1562500000036,-1098.4999999999964
NIFTY,2026-02-25,2026-03-02,2026-03-30,0.75,80.0,-2506.1562500000036,-2586.1562500000036,-1098.4999999999964
NIFTY,2026-02-25,2026-03-02,2026-03-30,0.75,160.0,-2506.1562500000036,-2666.1562500000036,-1098.4999999999964
NIFTY,2026-02-25,2026-03-02,2026-03-30,0.75,240.0,-2506.1562500000036,-2746.1562500000036,-1098.4999999999964
NIFTY,2026-02-25,2026-03-02,2026-03-30,0.75,320.0,-2506.1562500000036,-2826.1562500000036,-1098.4999999999964
NIFTY,2026-02-25,2026-03-02,2026-03-30,1.0,0.0,-2975.3749999999964,-2975.3749999999964,-1098.4999999999964
NIFTY,2026-02-25,2026-03-02,2026-03-30,1.0,80.0,-2975.3749999999964,-3055.3749999999964,-1098.4999999999964
NIFTY,2026-02-25,2026-03-02,2026-03-30,1.0,160.0,-2975.3749999999964,-3135.3749999999964,-1098.4999999999964
NIFTY,2026-02-25,2026-03-02,2026-03-30,1.0,240.0,-2975.3749999999964,-3215.3749999999964,-1098.4999999999964
NIFTY,2026-02-25,2026-03-02,2026-03-30,1.0,320.0,-2975.3749999999964,-3295.3749999999964,-1098.4999999999964
NIFTY,2026-03-04,2026-03-10,2026-03-30,0.0,0.0,-5755.749999999999,-5755.749999999999,-5755.749999999999
NIFTY,2026-03-04,2026-03-10,2026-03-30,0.0,80.0,-5755.749999999999,-5835.749999999999,-5755.749999999999
NIFTY,2026-03-04,2026-03-10,2026-03-30,0.0,160.0,-5755.749999999999,-5915.749999999999,-5755.749999999999
NIFTY,2026-03-04,2026-03-10,2026-03-30,0.0,240.0,-5755.749999999999,-5995.749999999999,-5755.749999999999
NIFTY,2026-03-04,2026-03-10,2026-03-30,0.0,320.0,-5755.749999999999,-6075.749999999999,-5755.749999999999
NIFTY,2026-03-04,2026-03-10,2026-03-30,0.25,0.0,-6216.331874999994,-6216.331874999994,-5755.749999999999
NIFTY,2026-03-04,2026-03-10,2026-03-30,0.25,80.0,-6216.331874999994,-6296.331874999994,-5755.749999999999
NIFTY,2026-03-04,2026-03-10,2026-03-30,0.25,160.0,-6216.331874999994,-6376.331874999994,-5755.749999999999
NIFTY,2026-03-04,2026-03-10,2026-03-30,0.25,240.0,-6216.331874999994,-6456.331874999994,-5755.749999999999
NIFTY,2026-03-04,2026-03-10,2026-03-30,0.25,320.0,-6216.331874999994,-6536.331874999994,-5755.749999999999
NIFTY,2026-03-04,2026-03-10,2026-03-30,0.5,0.0,-6676.913749999995,-6676.913749999995,-5755.749999999999
NIFTY,2026-03-04,2026-03-10,2026-03-30,0.5,80.0,-6676.913749999995,-6756.913749999995,-5755.749999999999
NIFTY,2026-03-04,2026-03-10,2026-03-30,0.5,160.0,-6676.913749999995,-6836.913749999995,-5755.749999999999
NIFTY,2026-03-04,2026-03-10,2026-03-30,0.5,240.0,-6676.913749999995,-6916.913749999995,-5755.749999999999
NIFTY,2026-03-04,2026-03-10,2026-03-30,0.5,320.0,-6676.913749999995,-6996.913749999995,-5755.749999999999
NIFTY,2026-03-04,2026-03-10,2026-03-30,0.75,0.0,-7137.495625000002,-7137.495625000002,-5755.749999999999
NIFTY,2026-03-04,2026-03-10,2026-03-30,0.75,80.0,-7137.495625000002,-7217.495625000002,-5755.749999999999
NIFTY,2026-03-04,2026-03-10,2026-03-30,0.75,160.0,-7137.495625000002,-7297.495625000002,-5755.749999999999
NIFTY,2026-03-04,2026-03-10,2026-03-30,0.75,240.0,-7137.495625000002,-7377.495625000002,-5755.749999999999
NIFTY,2026-03-04,2026-03-10,2026-03-30,0.75,320.0,-7137.495625000002,-7457.495625000002,-5755.749999999999
NIFTY,2026-03-04,2026-03-10,2026-03-30,1.0,0.0,-7598.077500000003,-7598.077500000003,-5755.749999999999
NIFTY,2026-03-04,2026-03-10,2026-03-30,1.0,80.0,-7598.077500000003,-7678.077500000003,-5755.749999999999
NIFTY,2026-03-04,2026-03-10,2026-03-30,1.0,160.0,-7598.077500000003,-7758.077500000003,-5755.749999999999
NIFTY,2026-03-04,2026-03-10,2026-03-30,1.0,240.0,-7598.077500000003,-7838.077500000003,-5755.749999999999
NIFTY,2026-03-04,2026-03-10,2026-03-30,1.0,320.0,-7598.077500000003,-7918.077500000003,-5755.749999999999
NIFTY,2026-03-11,2026-03-17,2026-03-30,0.0,0.0,-279.5,-279.5,-279.5
NIFTY,2026-03-11,2026-03-17,2026-03-30,0.0,80.0,-279.5,-359.5,-279.5
NIFTY,2026-03-11,2026-03-17,2026-03-30,0.0,160.0,-279.5,-439.5,-279.5
NIFTY,2026-03-11,2026-03-17,2026-03-30,0.0,240.0,-279.5,-519.5,-279.5
NIFTY,2026-03-11,2026-03-17,2026-03-30,0.0,320.0,-279.5,-599.5,-279.5
NIFTY,2026-03-11,2026-03-17,2026-03-30,0.25,0.0,-770.9974999999831,-770.9974999999831,-279.5
NIFTY,2026-03-11,2026-03-17,2026-03-30,0.25,80.0,-770.9974999999831,-850.9974999999831,-279.5
NIFTY,2026-03-11,2026-03-17,2026-03-30,0.25,160.0,-770.9974999999831,-930.9974999999831,-279.5
NIFTY,2026-03-11,2026-03-17,2026-03-30,0.25,240.0,-770.9974999999831,-1010.9974999999831,-279.5
NIFTY,2026-03-11,2026-03-17,2026-03-30,0.25,320.0,-770.9974999999831,-1090.9974999999831,-279.5
NIFTY,2026-03-11,2026-03-17,2026-03-30,0.5,0.0,-1262.4949999999917,-1262.4949999999917,-279.5
NIFTY,2026-03-11,2026-03-17,2026-03-30,0.5,80.0,-1262.4949999999917,-1342.4949999999917,-279.5
NIFTY,2026-03-11,2026-03-17,2026-03-30,0.5,160.0,-1262.4949999999917,-1422.4949999999917,-279.5
NIFTY,2026-03-11,2026-03-17,2026-03-30,0.5,240.0,-1262.4949999999917,-1502.4949999999917,-279.5
NIFTY,2026-03-11,2026-03-17,2026-03-30,0.5,320.0,-1262.4949999999917,-1582.4949999999917,-279.5
NIFTY,2026-03-11,2026-03-17,2026-03-30,0.75,0.0,-1753.9924999999894,-1753.9924999999894,-279.5
NIFTY,2026-03-11,2026-03-17,2026-03-30,0.75,80.0,-1753.9924999999894,-1833.9924999999894,-279.5
NIFTY,2026-03-11,2026-03-17,2026-03-30,0.75,160.0,-1753.9924999999894,-1913.9924999999894,-279.5
NIFTY,2026-03-11,2026-03-17,2026-03-30,0.75,240.0,-1753.9924999999894,-1993.9924999999894,-279.5
NIFTY,2026-03-11,2026-03-17,2026-03-30,0.75,320.0,-1753.9924999999894,-2073.9924999999894,-279.5
NIFTY,2026-03-11,2026-03-17,2026-03-30,1.0,0.0,-2245.489999999998,-2245.489999999998,-279.5
NIFTY,2026-03-11,2026-03-17,2026-03-30,1.0,80.0,-2245.489999999998,-2325.489999999998,-279.5
NIFTY,2026-03-11,2026-03-17,2026-03-30,1.0,160.0,-2245.489999999998,-2405.489999999998,-279.5
NIFTY,2026-03-11,2026-03-17,2026-03-30,1.0,240.0,-2245.489999999998,-2485.489999999998,-279.5
NIFTY,2026-03-11,2026-03-17,2026-03-30,1.0,320.0,-2245.489999999998,-2565.489999999998,-279.5
NIFTY,2026-03-18,2026-03-24,2026-03-30,0.0,0.0,1205.75,1205.75,1205.75
NIFTY,2026-03-18,2026-03-24,2026-03-30,0.0,80.0,1205.75,1125.75,1205.75
NIFTY,2026-03-18,2026-03-24,2026-03-30,0.0,160.0,1205.75,1045.75,1205.75
NIFTY,2026-03-18,2026-03-24,2026-03-30,0.0,240.0,1205.75,965.75,1205.75
NIFTY,2026-03-18,2026-03-24,2026-03-30,0.0,320.0,1205.75,885.75,1205.75
NIFTY,2026-03-18,2026-03-24,2026-03-30,0.25,0.0,707.2081250000119,707.2081250000119,1205.75
NIFTY,2026-03-18,2026-03-24,2026-03-30,0.25,80.0,707.2081250000119,627.2081250000119,1205.75
NIFTY,2026-03-18,2026-03-24,2026-03-30,0.25,160.0,707.2081250000119,547.2081250000119,1205.75
NIFTY,2026-03-18,2026-03-24,2026-03-30,0.25,240.0,707.2081250000119,467.20812500001193,1205.75
NIFTY,2026-03-18,2026-03-24,2026-03-30,0.25,320.0,707.2081250000119,387.20812500001193,1205.75
NIFTY,2026-03-18,2026-03-24,2026-03-30,0.5,0.0,208.66625000000204,208.66625000000204,1205.75
NIFTY,2026-03-18,2026-03-24,2026-03-30,0.5,80.0,208.66625000000204,128.66625000000204,1205.75
NIFTY,2026-03-18,2026-03-24,2026-03-30,0.5,160.0,208.66625000000204,48.66625000000204,1205.75
NIFTY,2026-03-18,2026-03-24,2026-03-30,0.5,240.0,208.66625000000204,-31.333749999997963,1205.75
NIFTY,2026-03-18,2026-03-24,2026-03-30,0.5,320.0,208.66625000000204,-111.33374999999796,1205.75
NIFTY,2026-03-18,2026-03-24,2026-03-30,0.75,0.0,-289.87562500000786,-289.87562500000786,1205.75
NIFTY,2026-03-18,2026-03-24,2026-03-30,0.75,80.0,-289.87562500000786,-369.87562500000786,1205.75
NIFTY,2026-03-18,2026-03-24,2026-03-30,0.75,160.0,-289.87562500000786,-449.87562500000786,1205.75
NIFTY,2026-03-18,2026-03-24,2026-03-30,0.75,240.0,-289.87562500000786,-529.8756250000079,1205.75
NIFTY,2026-03-18,2026-03-24,2026-03-30,0.75,320.0,-289.87562500000786,-609.8756250000079,1205.75
NIFTY,2026-03-18,2026-03-24,2026-03-30,1.0,0.0,-788.4174999999996,-788.4174999999996,1205.75
NIFTY,2026-03-18,2026-03-24,2026-03-30,1.0,80.0,-788.4174999999996,-868.4174999999996,1205.75
NIFTY,2026-03-18,2026-03-24,2026-03-30,1.0,160.0,-788.4174999999996,-948.4174999999996,1205.75
NIFTY,2026-03-18,2026-03-24,2026-03-30,1.0,240.0,-788.4174999999996,-1028.4174999999996,1205.75
NIFTY,2026-03-18,2026-03-24,2026-03-30,1.0,320.0,-788.4174999999996,-1108.4174999999996,1205.75
NIFTY,2026-03-25,2026-03-30,2026-03-30,0.0,0.0,302.25,302.25,302.25
NIFTY,2026-03-25,2026-03-30,2026-03-30,0.0,80.0,302.25,222.25,302.25
NIFTY,2026-03-25,2026-03-30,2026-03-30,0.0,160.0,302.25,142.25,302.25
NIFTY,2026-03-25,2026-03-30,2026-03-30,0.0,240.0,302.25,62.25,302.25
NIFTY,2026-03-25,2026-03-30,2026-03-30,0.0,320.0,302.25,-17.75,302.25
NIFTY,2026-03-25,2026-03-30,2026-03-30,0.25,0.0,-209.12937499998952,-209.12937499998952,302.25
NIFTY,2026-03-25,2026-03-30,2026-03-30,0.25,80.0,-209.12937499998952,-289.1293749999895,302.25
NIFTY,2026-03-25,2026-03-30,2026-03-30,0.25,160.0,-209.12937499998952,-369.1293749999895,302.25
NIFTY,2026-03-25,2026-03-30,2026-03-30,0.25,240.0,-209.12937499998952,-449.1293749999895,302.25
NIFTY,2026-03-25,2026-03-30,2026-03-30,0.25,320.0,-209.12937499998952,-529.1293749999895,302.25
NIFTY,2026-03-25,2026-03-30,2026-03-30,0.5,0.0,-720.5087499999863,-720.5087499999863,302.25
NIFTY,2026-03-25,2026-03-30,2026-03-30,0.5,80.0,-720.5087499999863,-800.5087499999863,302.25
NIFTY,2026-03-25,2026-03-30,2026-03-30,0.5,160.0,-720.5087499999863,-880.5087499999863,302.25
NIFTY,2026-03-25,2026-03-30,2026-03-30,0.5,240.0,-720.5087499999863,-960.5087499999863,302.25
NIFTY,2026-03-25,2026-03-30,2026-03-30,0.5,320.0,-720.5087499999863,-1040.5087499999863,302.25
NIFTY,2026-03-25,2026-03-30,2026-03-30,0.75,0.0,-1231.8881250000013,-1231.8881250000013,302.25
NIFTY,2026-03-25,2026-03-30,2026-03-30,0.75,80.0,-1231.8881250000013,-1311.8881250000013,302.25
NIFTY,2026-03-25,2026-03-30,2026-03-30,0.75,160.0,-1231.8881250000013,-1391.8881250000013,302.25
NIFTY,2026-03-25,2026-03-30,2026-03-30,0.75,240.0,-1231.8881250000013,-1471.8881250000013,302.25
NIFTY,2026-03-25,2026-03-30,2026-03-30,0.75,320.0,-1231.8881250000013,-1551.8881250000013,302.25
NIFTY,2026-03-25,2026-03-30,2026-03-30,1.0,0.0,-1743.267499999998,-1743.267499999998,302.25
NIFTY,2026-03-25,2026-03-30,2026-03-30,1.0,80.0,-1743.267499999998,-1823.267499999998,302.25
NIFTY,2026-03-25,2026-03-30,2026-03-30,1.0,160.0,-1743.267499999998,-1903.267499999998,302.25
NIFTY,2026-03-25,2026-03-30,2026-03-30,1.0,240.0,-1743.267499999998,-1983.267499999998,302.25
NIFTY,2026-03-25,2026-03-30,2026-03-30,1.0,320.0,-1743.267499999998,-2063.267499999998,302.25
NIFTY,2026-04-01,2026-04-07,2026-04-28,0.0,0.0,5658.2500000000055,5658.2500000000055,5658.2500000000055
NIFTY,2026-04-01,2026-04-07,2026-04-28,0.0,80.0,5658.2500000000055,5578.2500000000055,5658.2500000000055
NIFTY,2026-04-01,2026-04-07,2026-04-28,0.0,160.0,5658.2500000000055,5498.2500000000055,5658.2500000000055
NIFTY,2026-04-01,2026-04-07,2026-04-28,0.0,240.0,5658.2500000000055,5418.2500000000055,5658.2500000000055
NIFTY,2026-04-01,2026-04-07,2026-04-28,0.0,320.0,5658.2500000000055,5338.2500000000055,5658.2500000000055
NIFTY,2026-04-01,2026-04-07,2026-04-28,0.25,0.0,5096.804375000015,5096.804375000015,5658.2500000000055
NIFTY,2026-04-01,2026-04-07,2026-04-28,0.25,80.0,5096.804375000015,5016.804375000015,5658.2500000000055
NIFTY,2026-04-01,2026-04-07,2026-04-28,0.25,160.0,5096.804375000015,4936.804375000015,5658.2500000000055
NIFTY,2026-04-01,2026-04-07,2026-04-28,0.25,240.0,5096.804375000015,4856.804375000015,5658.2500000000055
NIFTY,2026-04-01,2026-04-07,2026-04-28,0.25,320.0,5096.804375000015,4776.804375000015,5658.2500000000055
NIFTY,2026-04-01,2026-04-07,2026-04-28,0.5,0.0,4535.358750000022,4535.358750000022,5658.2500000000055
NIFTY,2026-04-01,2026-04-07,2026-04-28,0.5,80.0,4535.358750000022,4455.358750000022,5658.2500000000055
NIFTY,2026-04-01,2026-04-07,2026-04-28,0.5,160.0,4535.358750000022,4375.358750000022,5658.2500000000055
NIFTY,2026-04-01,2026-04-07,2026-04-28,0.5,240.0,4535.358750000022,4295.358750000022,5658.2500000000055
NIFTY,2026-04-01,2026-04-07,2026-04-28,0.5,320.0,4535.358750000022,4215.358750000022,5658.2500000000055
NIFTY,2026-04-01,2026-04-07,2026-04-28,0.75,0.0,3973.9131250000064,3973.9131250000064,5658.2500000000055
NIFTY,2026-04-01,2026-04-07,2026-04-28,0.75,80.0,3973.9131250000064,3893.9131250000064,5658.2500000000055
NIFTY,2026-04-01,2026-04-07,2026-04-28,0.75,160.0,3973.9131250000064,3813.9131250000064,5658.2500000000055
NIFTY,2026-04-01,2026-04-07,2026-04-28,0.75,240.0,3973.9131250000064,3733.9131250000064,5658.2500000000055
NIFTY,2026-04-01,2026-04-07,2026-04-28,0.75,320.0,3973.9131250000064,3653.9131250000064,5658.2500000000055
NIFTY,2026-04-01,2026-04-07,2026-04-28,1.0,0.0,3412.467500000006,3412.467500000006,5658.2500000000055
NIFTY,2026-04-01,2026-04-07,2026-04-28,1.0,80.0,3412.467500000006,3332.467500000006,5658.2500000000055
NIFTY,2026-04-01,2026-04-07,2026-04-28,1.0,160.0,3412.467500000006,3252.467500000006,5658.2500000000055
NIFTY,2026-04-01,2026-04-07,2026-04-28,1.0,240.0,3412.467500000006,3172.467500000006,5658.2500000000055
NIFTY,2026-04-01,2026-04-07,2026-04-28,1.0,320.0,3412.467500000006,3092.467500000006,5658.2500000000055
NIFTY,2026-04-08,2026-04-13,2026-04-28,0.0,0.0,-2375.7500000000036,-2375.7500000000036,-2375.7500000000036
NIFTY,2026-04-08,2026-04-13,2026-04-28,0.0,80.0,-2375.7500000000036,-2455.7500000000036,-2375.7500000000036
NIFTY,2026-04-08,2026-04-13,2026-04-28,0.0,160.0,-2375.7500000000036,-2535.7500000000036,-2375.7500000000036
NIFTY,2026-04-08,2026-04-13,2026-04-28,0.0,240.0,-2375.7500000000036,-2615.7500000000036,-2375.7500000000036
NIFTY,2026-04-08,2026-04-13,2026-04-28,0.0,320.0,-2375.7500000000036,-2695.7500000000036,-2375.7500000000036
NIFTY,2026-04-08,2026-04-13,2026-04-28,0.25,0.0,-2774.549374999997,-2774.549374999997,-2375.7500000000036
NIFTY,2026-04-08,2026-04-13,2026-04-28,0.25,80.0,-2774.549374999997,-2854.549374999997,-2375.7500000000036
NIFTY,2026-04-08,2026-04-13,2026-04-28,0.25,160.0,-2774.549374999997,-2934.549374999997,-2375.7500000000036
NIFTY,2026-04-08,2026-04-13,2026-04-28,0.25,240.0,-2774.549374999997,-3014.549374999997,-2375.7500000000036
NIFTY,2026-04-08,2026-04-13,2026-04-28,0.25,320.0,-2774.549374999997,-3094.549374999997,-2375.7500000000036
NIFTY,2026-04-08,2026-04-13,2026-04-28,0.5,0.0,-3173.3487499999956,-3173.3487499999956,-2375.7500000000036
NIFTY,2026-04-08,2026-04-13,2026-04-28,0.5,80.0,-3173.3487499999956,-3253.3487499999956,-2375.7500000000036
NIFTY,2026-04-08,2026-04-13,2026-04-28,0.5,160.0,-3173.3487499999956,-3333.3487499999956,-2375.7500000000036
NIFTY,2026-04-08,2026-04-13,2026-04-28,0.5,240.0,-3173.3487499999956,-3413.3487499999956,-2375.7500000000036
NIFTY,2026-04-08,2026-04-13,2026-04-28,0.5,320.0,-3173.3487499999956,-3493.3487499999956,-2375.7500000000036
NIFTY,2026-04-08,2026-04-13,2026-04-28,0.75,0.0,-3572.148125000001,-3572.148125000001,-2375.7500000000036
NIFTY,2026-04-08,2026-04-13,2026-04-28,0.75,80.0,-3572.148125000001,-3652.148125000001,-2375.7500000000036
NIFTY,2026-04-08,2026-04-13,2026-04-28,0.75,160.0,-3572.148125000001,-3732.148125000001,-2375.7500000000036
NIFTY,2026-04-08,2026-04-13,2026-04-28,0.75,240.0,-3572.148125000001,-3812.148125000001,-2375.7500000000036
NIFTY,2026-04-08,2026-04-13,2026-04-28,0.75,320.0,-3572.148125000001,-3892.148125000001,-2375.7500000000036
NIFTY,2026-04-08,2026-04-13,2026-04-28,1.0,0.0,-3970.9474999999998,-3970.9474999999998,-2375.7500000000036
NIFTY,2026-04-08,2026-04-13,2026-04-28,1.0,80.0,-3970.9474999999998,-4050.9474999999998,-2375.7500000000036
NIFTY,2026-04-08,2026-04-13,2026-04-28,1.0,160.0,-3970.9474999999998,-4130.9475,-2375.7500000000036
NIFTY,2026-04-08,2026-04-13,2026-04-28,1.0,240.0,-3970.9474999999998,-4210.9475,-2375.7500000000036
NIFTY,2026-04-08,2026-04-13,2026-04-28,1.0,320.0,-3970.9474999999998,-4290.9475,-2375.7500000000036
NIFTY,2026-04-15,2026-04-21,2026-04-28,0.0,0.0,2723.5,2723.5,2723.5
NIFTY,2026-04-15,2026-04-21,2026-04-28,0.0,80.0,2723.5,2643.5,2723.5
NIFTY,2026-04-15,2026-04-21,2026-04-28,0.0,160.0,2723.5,2563.5,2723.5
NIFTY,2026-04-15,2026-04-21,2026-04-28,0.0,240.0,2723.5,2483.5,2723.5
NIFTY,2026-04-15,2026-04-21,2026-04-28,0.0,320.0,2723.5,2403.5,2723.5
NIFTY,2026-04-15,2026-04-21,2026-04-28,0.25,0.0,2351.472500000016,2351.472500000016,2723.5
NIFTY,2026-04-15,2026-04-21,2026-04-28,0.25,80.0,2351.472500000016,2271.472500000016,2723.5
NIFTY,2026-04-15,2026-04-21,2026-04-28,0.25,160.0,2351.472500000016,2191.472500000016,2723.5
NIFTY,2026-04-15,2026-04-21,2026-04-28,0.25,240.0,2351.472500000016,2111.472500000016,2723.5
NIFTY,2026-04-15,2026-04-21,2026-04-28,0.25,320.0,2351.472500000016,2031.4725000000162,2723.5
NIFTY,2026-04-15,2026-04-21,2026-04-28,0.5,0.0,1979.4450000000088,1979.4450000000088,2723.5
NIFTY,2026-04-15,2026-04-21,2026-04-28,0.5,80.0,1979.4450000000088,1899.4450000000088,2723.5
NIFTY,2026-04-15,2026-04-21,2026-04-28,0.5,160.0,1979.4450000000088,1819.4450000000088,2723.5
NIFTY,2026-04-15,2026-04-21,2026-04-28,0.5,240.0,1979.4450000000088,1739.4450000000088,2723.5
NIFTY,2026-04-15,2026-04-21,2026-04-28,0.5,320.0,1979.4450000000088,1659.4450000000088,2723.5
NIFTY,2026-04-15,2026-04-21,2026-04-28,0.75,0.0,1607.4174999999996,1607.4174999999996,2723.5
NIFTY,2026-04-15,2026-04-21,2026-04-28,0.75,80.0,1607.4174999999996,1527.4174999999996,2723.5
NIFTY,2026-04-15,2026-04-21,2026-04-28,0.75,160.0,1607.4174999999996,1447.4174999999996,2723.5
NIFTY,2026-04-15,2026-04-21,2026-04-28,0.75,240.0,1607.4174999999996,1367.4174999999996,2723.5
NIFTY,2026-04-15,2026-04-21,2026-04-28,0.75,320.0,1607.4174999999996,1287.4174999999996,2723.5
NIFTY,2026-04-15,2026-04-21,2026-04-28,1.0,0.0,1235.390000000003,1235.390000000003,2723.5
NIFTY,2026-04-15,2026-04-21,2026-04-28,1.0,80.0,1235.390000000003,1155.390000000003,2723.5
NIFTY,2026-04-15,2026-04-21,2026-04-28,1.0,160.0,1235.390000000003,1075.390000000003,2723.5
NIFTY,2026-04-15,2026-04-21,2026-04-28,1.0,240.0,1235.390000000003,995.390000000003,2723.5
NIFTY,2026-04-15,2026-04-21,2026-04-28,1.0,320.0,1235.390000000003,915.390000000003,2723.5
NIFTY,2026-04-22,2026-04-28,2026-04-28,0.0,0.0,464.75000000000364,464.75000000000364,464.75000000000364
NIFTY,2026-04-22,2026-04-28,2026-04-28,0.0,80.0,464.75000000000364,384.75000000000364,464.75000000000364
NIFTY,2026-04-22,2026-04-28,2026-04-28,0.0,160.0,464.75000000000364,304.75000000000364,464.75000000000364
NIFTY,2026-04-22,2026-04-28,2026-04-28,0.0,240.0,464.75000000000364,224.75000000000364,464.75000000000364
NIFTY,2026-04-22,2026-04-28,2026-04-28,0.0,320.0,464.75000000000364,144.75000000000364,464.75000000000364
NIFTY,2026-04-22,2026-04-28,2026-04-28,0.25,0.0,126.64437500000713,126.64437500000713,464.75000000000364
NIFTY,2026-04-22,2026-04-28,2026-04-28,0.25,80.0,126.64437500000713,46.64437500000713,464.75000000000364
NIFTY,2026-04-22,2026-04-28,2026-04-28,0.25,160.0,126.64437500000713,-33.35562499999287,464.75000000000364
NIFTY,2026-04-22,2026-04-28,2026-04-28,0.25,240.0,126.64437500000713,-113.35562499999287,464.75000000000364
NIFTY,2026-04-22,2026-04-28,2026-04-28,0.25,320.0,126.64437500000713,-193.35562499999287,464.75000000000364
NIFTY,2026-04-22,2026-04-28,2026-04-28,0.5,0.0,-211.46124999999302,-211.46124999999302,464.75000000000364
NIFTY,2026-04-22,2026-04-28,2026-04-28,0.5,80.0,-211.46124999999302,-291.461249999993,464.75000000000364
NIFTY,2026-04-22,2026-04-28,2026-04-28,0.5,160.0,-211.46124999999302,-371.461249999993,464.75000000000364
NIFTY,2026-04-22,2026-04-28,2026-04-28,0.5,240.0,-211.46124999999302,-451.461249999993,464.75000000000364
NIFTY,2026-04-22,2026-04-28,2026-04-28,0.5,320.0,-211.46124999999302,-531.461249999993,464.75000000000364
NIFTY,2026-04-22,2026-04-28,2026-04-28,0.75,0.0,-549.5668750000004,-549.5668750000004,464.75000000000364
NIFTY,2026-04-22,2026-04-28,2026-04-28,0.75,80.0,-549.5668750000004,-629.5668750000004,464.75000000000364
NIFTY,2026-04-22,2026-04-28,2026-04-28,0.75,160.0,-549.5668750000004,-709.5668750000004,464.75000000000364
NIFTY,2026-04-22,2026-04-28,2026-04-28,0.75,240.0,-549.5668750000004,-789.5668750000004,464.75000000000364
NIFTY,2026-04-22,2026-04-28,2026-04-28,0.75,320.0,-549.5668750000004,-869.5668750000004,464.75000000000364
NIFTY,2026-04-22,2026-04-28,2026-04-28,1.0,0.0,-887.6725000000042,-887.6725000000042,464.75000000000364
NIFTY,2026-04-22,2026-04-28,2026-04-28,1.0,80.0,-887.6725000000042,-967.6725000000042,464.75000000000364
NIFTY,2026-04-22,2026-04-28,2026-04-28,1.0,160.0,-887.6725000000042,-1047.6725000000042,464.75000000000364
NIFTY,2026-04-22,2026-04-28,2026-04-28,1.0,240.0,-887.6725000000042,-1127.6725000000042,464.75000000000364
NIFTY,2026-04-22,2026-04-28,2026-04-28,1.0,320.0,-887.6725000000042,-1207.6725000000042,464.75000000000364
NIFTY,2026-04-29,2026-05-05,2026-05-26,0.0,0.0,-4468.749999999998,-4468.749999999998,-4468.749999999998
NIFTY,2026-04-29,2026-05-05,2026-05-26,0.0,80.0,-4468.749999999998,-4548.749999999998,-4468.749999999998
NIFTY,2026-04-29,2026-05-05,2026-05-26,0.0,160.0,-4468.749999999998,-4628.749999999998,-4468.749999999998
NIFTY,2026-04-29,2026-05-05,2026-05-26,0.0,240.0,-4468.749999999998,-4708.749999999998,-4468.749999999998
NIFTY,2026-04-29,2026-05-05,2026-05-26,0.0,320.0,-4468.749999999998,-4788.749999999998,-4468.749999999998
NIFTY,2026-04-29,2026-05-05,2026-05-26,0.25,0.0,-4854.15937499999,-4854.15937499999,-4468.749999999998
NIFTY,2026-04-29,2026-05-05,2026-05-26,0.25,80.0,-4854.15937499999,-4934.15937499999,-4468.749999999998
NIFTY,2026-04-29,2026-05-05,2026-05-26,0.25,160.0,-4854.15937499999,-5014.15937499999,-4468.749999999998
NIFTY,2026-04-29,2026-05-05,2026-05-26,0.25,240.0,-4854.15937499999,-5094.15937499999,-4468.749999999998
NIFTY,2026-04-29,2026-05-05,2026-05-26,0.25,320.0,-4854.15937499999,-5174.15937499999,-4468.749999999998
NIFTY,2026-04-29,2026-05-05,2026-05-26,0.5,0.0,-5239.568749999987,-5239.568749999987,-4468.749999999998
NIFTY,2026-04-29,2026-05-05,2026-05-26,0.5,80.0,-5239.568749999987,-5319.568749999987,-4468.749999999998
NIFTY,2026-04-29,2026-05-05,2026-05-26,0.5,160.0,-5239.568749999987,-5399.568749999987,-4468.749999999998
NIFTY,2026-04-29,2026-05-05,2026-05-26,0.5,240.0,-5239.568749999987,-5479.568749999987,-4468.749999999998
NIFTY,2026-04-29,2026-05-05,2026-05-26,0.5,320.0,-5239.568749999987,-5559.568749999987,-4468.749999999998
NIFTY,2026-04-29,2026-05-05,2026-05-26,0.75,0.0,-5624.978124999999,-5624.978124999999,-4468.749999999998
NIFTY,2026-04-29,2026-05-05,2026-05-26,0.75,80.0,-5624.978124999999,-5704.978124999999,-4468.749999999998
NIFTY,2026-04-29,2026-05-05,2026-05-26,0.75,160.0,-5624.978124999999,-5784.978124999999,-4468.749999999998
NIFTY,2026-04-29,2026-05-05,2026-05-26,0.75,240.0,-5624.978124999999,-5864.978124999999,-4468.749999999998
NIFTY,2026-04-29,2026-05-05,2026-05-26,0.75,320.0,-5624.978124999999,-5944.978124999999,-4468.749999999998
NIFTY,2026-04-29,2026-05-05,2026-05-26,1.0,0.0,-6010.387500000003,-6010.387500000003,-4468.749999999998
NIFTY,2026-04-29,2026-05-05,2026-05-26,1.0,80.0,-6010.387500000003,-6090.387500000003,-4468.749999999998
NIFTY,2026-04-29,2026-05-05,2026-05-26,1.0,160.0,-6010.387500000003,-6170.387500000003,-4468.749999999998
NIFTY,2026-04-29,2026-05-05,2026-05-26,1.0,240.0,-6010.387500000003,-6250.387500000003,-4468.749999999998
NIFTY,2026-04-29,2026-05-05,2026-05-26,1.0,320.0,-6010.387500000003,-6330.387500000003,-4468.749999999998
NIFTY,2026-05-06,2026-05-12,2026-05-26,0.0,0.0,-3071.25,-3071.25,-3071.25
NIFTY,2026-05-06,2026-05-12,2026-05-26,0.0,80.0,-3071.25,-3151.25,-3071.25
NIFTY,2026-05-06,2026-05-12,2026-05-26,0.0,160.0,-3071.25,-3231.25,-3071.25
NIFTY,2026-05-06,2026-05-12,2026-05-26,0.0,240.0,-3071.25,-3311.25,-3071.25
NIFTY,2026-05-06,2026-05-12,2026-05-26,0.0,320.0,-3071.25,-3391.25,-3071.25
NIFTY,2026-05-06,2026-05-12,2026-05-26,0.25,0.0,-3577.3806250000016,-3577.3806250000016,-3071.25
NIFTY,2026-05-06,2026-05-12,2026-05-26,0.25,80.0,-3577.3806250000016,-3657.3806250000016,-3071.25
NIFTY,2026-05-06,2026-05-12,2026-05-26,0.25,160.0,-3577.3806250000016,-3737.3806250000016,-3071.25
NIFTY,2026-05-06,2026-05-12,2026-05-26,0.25,240.0,-3577.3806250000016,-3817.3806250000016,-3071.25
NIFTY,2026-05-06,2026-05-12,2026-05-26,0.25,320.0,-3577.3806250000016,-3897.3806250000016,-3071.25
NIFTY,2026-05-06,2026-05-12,2026-05-26,0.5,0.0,-4083.511249999996,-4083.511249999996,-3071.25
NIFTY,2026-05-06,2026-05-12,2026-05-26,0.5,80.0,-4083.511249999996,-4163.511249999996,-3071.25
NIFTY,2026-05-06,2026-05-12,2026-05-26,0.5,160.0,-4083.511249999996,-4243.511249999996,-3071.25
NIFTY,2026-05-06,2026-05-12,2026-05-26,0.5,240.0,-4083.511249999996,-4323.511249999996,-3071.25
NIFTY,2026-05-06,2026-05-12,2026-05-26,0.5,320.0,-4083.511249999996,-4403.511249999996,-3071.25
NIFTY,2026-05-06,2026-05-12,2026-05-26,0.75,0.0,-4589.641875000005,-4589.641875000005,-3071.25
NIFTY,2026-05-06,2026-05-12,2026-05-26,0.75,80.0,-4589.641875000005,-4669.641875000005,-3071.25
NIFTY,2026-05-06,2026-05-12,2026-05-26,0.75,160.0,-4589.641875000005,-4749.641875000005,-3071.25
NIFTY,2026-05-06,2026-05-12,2026-05-26,0.75,240.0,-4589.641875000005,-4829.641875000005,-3071.25
NIFTY,2026-05-06,2026-05-12,2026-05-26,0.75,320.0,-4589.641875000005,-4909.641875000005,-3071.25
NIFTY,2026-05-06,2026-05-12,2026-05-26,1.0,0.0,-5095.772500000003,-5095.772500000003,-3071.25
NIFTY,2026-05-06,2026-05-12,2026-05-26,1.0,80.0,-5095.772500000003,-5175.772500000003,-3071.25
NIFTY,2026-05-06,2026-05-12,2026-05-26,1.0,160.0,-5095.772500000003,-5255.772500000003,-3071.25
NIFTY,2026-05-06,2026-05-12,2026-05-26,1.0,240.0,-5095.772500000003,-5335.772500000003,-3071.25
NIFTY,2026-05-06,2026-05-12,2026-05-26,1.0,320.0,-5095.772500000003,-5415.772500000003,-3071.25
NIFTY,2026-05-13,2026-05-19,2026-05-26,0.0,0.0,4757.999999999998,4757.999999999998,4757.999999999998
NIFTY,2026-05-13,2026-05-19,2026-05-26,0.0,80.0,4757.999999999998,4677.999999999998,4757.999999999998
NIFTY,2026-05-13,2026-05-19,2026-05-26,0.0,160.0,4757.999999999998,4597.999999999998,4757.999999999998
NIFTY,2026-05-13,2026-05-19,2026-05-26,0.0,240.0,4757.999999999998,4517.999999999998,4757.999999999998
NIFTY,2026-05-13,2026-05-19,2026-05-26,0.0,320.0,4757.999999999998,4437.999999999998,4757.999999999998
NIFTY,2026-05-13,2026-05-19,2026-05-26,0.25,0.0,4426.500000000011,4426.500000000011,4757.999999999998
NIFTY,2026-05-13,2026-05-19,2026-05-26,0.25,80.0,4426.500000000011,4346.500000000011,4757.999999999998
NIFTY,2026-05-13,2026-05-19,2026-05-26,0.25,160.0,4426.500000000011,4266.500000000011,4757.999999999998
NIFTY,2026-05-13,2026-05-19,2026-05-26,0.25,240.0,4426.500000000011,4186.500000000011,4757.999999999998
NIFTY,2026-05-13,2026-05-19,2026-05-26,0.25,320.0,4426.500000000011,4106.500000000011,4757.999999999998
NIFTY,2026-05-13,2026-05-19,2026-05-26,0.5,0.0,4095.0000000000073,4095.0000000000073,4757.999999999998
NIFTY,2026-05-13,2026-05-19,2026-05-26,0.5,80.0,4095.0000000000073,4015.0000000000073,4757.999999999998
NIFTY,2026-05-13,2026-05-19,2026-05-26,0.5,160.0,4095.0000000000073,3935.0000000000073,4757.999999999998
NIFTY,2026-05-13,2026-05-19,2026-05-26,0.5,240.0,4095.0000000000073,3855.0000000000073,4757.999999999998
NIFTY,2026-05-13,2026-05-19,2026-05-26,0.5,320.0,4095.0000000000073,3775.0000000000073,4757.999999999998
NIFTY,2026-05-13,2026-05-19,2026-05-26,0.75,0.0,3763.5000000000014,3763.5000000000014,4757.999999999998
NIFTY,2026-05-13,2026-05-19,2026-05-26,0.75,80.0,3763.5000000000014,3683.5000000000014,4757.999999999998
NIFTY,2026-05-13,2026-05-19,2026-05-26,0.75,160.0,3763.5000000000014,3603.5000000000014,4757.999999999998
NIFTY,2026-05-13,2026-05-19,2026-05-26,0.75,240.0,3763.5000000000014,3523.5000000000014,4757.999999999998
NIFTY,2026-05-13,2026-05-19,2026-05-26,0.75,320.0,3763.5000000000014,3443.5000000000014,4757.999999999998
NIFTY,2026-05-13,2026-05-19,2026-05-26,1.0,0.0,3431.9999999999986,3431.9999999999986,4757.999999999998
NIFTY,2026-05-13,2026-05-19,2026-05-26,1.0,80.0,3431.9999999999986,3351.9999999999986,4757.999999999998
NIFTY,2026-05-13,2026-05-19,2026-05-26,1.0,160.0,3431.9999999999986,3271.9999999999986,4757.999999999998
NIFTY,2026-05-13,2026-05-19,2026-05-26,1.0,240.0,3431.9999999999986,3191.9999999999986,4757.999999999998
NIFTY,2026-05-13,2026-05-19,2026-05-26,1.0,320.0,3431.9999999999986,3111.9999999999986,4757.999999999998
NIFTY,2026-05-20,2026-05-26,2026-05-26,0.0,0.0,529.7500000000036,529.7500000000036,529.7500000000036
NIFTY,2026-05-20,2026-05-26,2026-05-26,0.0,80.0,529.7500000000036,449.75000000000364,529.7500000000036
NIFTY,2026-05-20,2026-05-26,2026-05-26,0.0,160.0,529.7500000000036,369.75000000000364,529.7500000000036
NIFTY,2026-05-20,2026-05-26,2026-05-26,0.0,240.0,529.7500000000036,289.75000000000364,529.7500000000036
NIFTY,2026-05-20,2026-05-26,2026-05-26,0.0,320.0,529.7500000000036,209.75000000000364,529.7500000000036
NIFTY,2026-05-20,2026-05-26,2026-05-26,0.25,0.0,214.31312500000786,214.31312500000786,529.7500000000036
NIFTY,2026-05-20,2026-05-26,2026-05-26,0.25,80.0,214.31312500000786,134.31312500000786,529.7500000000036
NIFTY,2026-05-20,2026-05-26,2026-05-26,0.25,160.0,214.31312500000786,54.31312500000786,529.7500000000036
NIFTY,2026-05-20,2026-05-26,2026-05-26,0.25,240.0,214.31312500000786,-25.686874999992142,529.7500000000036
NIFTY,2026-05-20,2026-05-26,2026-05-26,0.25,320.0,214.31312500000786,-105.68687499999214,529.7500000000036
NIFTY,2026-05-20,2026-05-26,2026-05-26,0.5,0.0,-101.12374999999156,-101.12374999999156,529.7500000000036
NIFTY,2026-05-20,2026-05-26,2026-05-26,0.5,80.0,-101.12374999999156,-181.12374999999156,529.7500000000036
NIFTY,2026-05-20,2026-05-26,2026-05-26,0.5,160.0,-101.12374999999156,-261.12374999999156,529.7500000000036
NIFTY,2026-05-20,2026-05-26,2026-05-26,0.5,240.0,-101.12374999999156,-341.12374999999156,529.7500000000036
NIFTY,2026-05-20,2026-05-26,2026-05-26,0.5,320.0,-101.12374999999156,-421.12374999999156,529.7500000000036
NIFTY,2026-05-20,2026-05-26,2026-05-26,0.75,0.0,-416.5606250000001,-416.5606250000001,529.7500000000036
NIFTY,2026-05-20,2026-05-26,2026-05-26,0.75,80.0,-416.5606250000001,-496.5606250000001,529.7500000000036
NIFTY,2026-05-20,2026-05-26,2026-05-26,0.75,160.0,-416.5606250000001,-576.5606250000001,529.7500000000036
NIFTY,2026-05-20,2026-05-26,2026-05-26,0.75,240.0,-416.5606250000001,-656.5606250000001,529.7500000000036
NIFTY,2026-05-20,2026-05-26,2026-05-26,0.75,320.0,-416.5606250000001,-736.5606250000001,529.7500000000036
NIFTY,2026-05-20,2026-05-26,2026-05-26,1.0,0.0,-731.9975000000031,-731.9975000000031,529.7500000000036
NIFTY,2026-05-20,2026-05-26,2026-05-26,1.0,80.0,-731.9975000000031,-811.9975000000031,529.7500000000036
NIFTY,2026-05-20,2026-05-26,2026-05-26,1.0,160.0,-731.9975000000031,-891.9975000000031,529.7500000000036
NIFTY,2026-05-20,2026-05-26,2026-05-26,1.0,240.0,-731.9975000000031,-971.9975000000031,529.7500000000036
NIFTY,2026-05-20,2026-05-26,2026-05-26,1.0,320.0,-731.9975000000031,-1051.9975000000031,529.7500000000036
