ticker,leg,side,option_type,expiry,strike,entry_date,exit_date,monthly_expiry,weekly_expiry,scheduled_entry_date,spot,atm_strike,spot_timestamp,entry_available,exit_available,entry_timestamp,entry_close,entry_volume,entry_oi,entry_source,exit_timestamp,exit_close,exit_volume,exit_oi,exit_source,lot_size,entry_exec,exit_exec,leg_pnl
SENSEX,L2,SELL,PE,2025-10-09,81000.0,2025-10-03,2025-10-09,2025-10-29,2025-10-09,2025-10-03,80787.08,80800.0,2025-10-03 09:30:00+05:30,True,True,2025-10-03 09:30:00+05:30,409.1,67780.0,553240.0,upstox_expired,2025-10-09 15:15:00+05:30,0.15,134540.0,2554740.0,upstox_expired,20,407.0545,0.15074999999999997,8138.075
SENSEX,L3,BUY,CE,2025-10-09,80800.0,2025-10-03,2025-10-09,2025-10-29,2025-10-09,2025-10-03,80787.08,80800.0,2025-10-03 09:30:00+05:30,True,True,2025-10-03 09:30:00+05:30,418.6,69520.0,300940.0,upstox_expired,2025-10-09 15:15:00+05:30,1362.05,300.0,20700.0,upstox_expired,20,420.693,1355.23975,18690.934999999998
SENSEX,L2,SELL,PE,2025-10-16,82200.0,2025-10-09,2025-10-16,2025-10-29,2025-10-16,2025-10-10,81993.18,82000.0,2025-10-09 09:30:00+05:30,True,True,2025-10-09 09:30:00+05:30,453.3,600.0,17300.0,upstox_expired,2025-10-16 15:15:00+05:30,0.65,165360.0,1032860.0,upstox_expired,20,451.0335,0.65325,9007.605
SENSEX,L3,BUY,CE,2025-10-16,82000.0,2025-10-09,2025-10-16,2025-10-29,2025-10-16,2025-10-10,81993.18,82000.0,2025-10-09 09:30:00+05:30,True,True,2025-10-09 09:30:00+05:30,467.45,30260.0,316700.0,upstox_expired,2025-10-16 15:15:00+05:30,1451.5,1040.0,361380.0,upstox_expired,20,469.7872499999999,1444.2425,19489.105000000003
SENSEX,L2,SELL,PE,2025-10-23,83700.0,2025-10-17,2025-10-23,2025-10-29,2025-10-23,2025-10-17,83531.01,83500.0,2025-10-17 09:30:00+05:30,True,True,2025-10-17 09:30:00+05:30,432.95,34360.0,73840.0,upstox_expired,2025-10-23 15:15:00+05:30,0.5,218700.0,696160.0,upstox_expired,20,430.78524999999996,0.5025,8605.654999999999
SENSEX,L3,BUY,CE,2025-10-23,83500.0,2025-10-17,2025-10-23,2025-10-29,2025-10-23,2025-10-17,83531.01,83500.0,2025-10-17 09:30:00+05:30,True,True,2025-10-17 09:30:00+05:30,476.85,247280.0,589200.0,upstox_expired,2025-10-23 15:15:00+05:30,1028.55,1700.0,107220.0,upstox_expired,20,479.23425,1023.40725,10883.46
SENSEX,L1,BUY,PE,2025-11-27,84600.0,2025-10-31,2025-11-06,2025-11-27,2025-11-06,2025-10-31,84586.64,84600.0,2025-10-31 09:30:00+05:30,True,True,2025-10-31 09:30:00+05:30,797.45,200.0,1100.0,upstox_expired,2025-11-06 15:15:00+05:30,1263.3,0.0,820.0,upstox_expired,20,801.43725,1256.9835,9110.925000000003
SENSEX,L2,SELL,PE,2025-11-06,84800.0,2025-10-31,2025-11-06,2025-11-27,2025-11-06,2025-10-31,84586.64,84600.0,2025-10-31 09:30:00+05:30,True,True,2025-10-31 09:30:00+05:30,483.5,19100.0,88700.0,upstox_expired,2025-11-06 15:15:00+05:30,1511.05,120.0,39380.0,upstox_expired,20,481.0825,1518.6052499999998,-20750.454999999998
SENSEX,L3,BUY,CE,2025-11-06,84600.0,2025-10-31,2025-11-06,2025-11-27,2025-11-06,2025-10-31,84586.64,84600.0,2025-10-31 09:30:00+05:30,True,True,2025-10-31 09:30:00+05:30,535.0,110640.0,362360.0,upstox_expired,2025-11-06 15:15:00+05:30,0.05,103680.0,835520.0,upstox_expired,20,537.675,0.04975,-10752.505
SENSEX,L4,SELL,CE,2025-11-27,84400.0,2025-10-31,2025-11-06,2025-11-27,2025-11-06,2025-10-31,84586.64,84600.0,2025-10-31 09:30:00+05:30,True,True,2025-10-31 09:30:00+05:30,1448.3,0.0,220.0,upstox_expired,2025-11-06 15:15:00+05:30,548.65,40.0,2700.0,upstox_expired,20,1441.0584999999999,551.39325,17793.304999999997
SENSEX,L1,BUY,PE,2025-11-27,82700.0,2025-11-07,2025-11-13,2025-11-27,2025-11-13,2025-11-07,82731.84,82700.0,2025-11-07 09:30:00+05:30,True,True,2025-11-07 09:30:00+05:30,669.7,20.0,1280.0,upstox_expired,2025-11-13 15:15:00+05:30,160.3,40.0,2540.0,upstox_expired,20,673.0485,159.4985,-10271.0
SENSEX,L2,SELL,PE,2025-11-13,82900.0,2025-11-07,2025-11-13,2025-11-27,2025-11-13,2025-11-07,82731.84,82700.0,2025-11-07 09:30:00+05:30,True,True,2025-11-07 09:30:00+05:30,475.35,45220.0,198180.0,upstox_expired,2025-11-13 15:15:00+05:30,0.15,176500.0,1004960.0,upstox_expired,20,472.97325,0.15074999999999997,9456.45
SENSEX,L3,BUY,CE,2025-11-13,82700.0,2025-11-07,2025-11-13,2025-11-27,2025-11-13,2025-11-07,82731.84,82700.0,2025-11-07 09:30:00+05:30,True,True,2025-11-07 09:30:00+05:30,525.15,29500.0,123640.0,upstox_expired,2025-11-13 15:15:00+05:30,1803.45,540.0,24660.0,upstox_expired,20,527.7757499999999,1794.43275,25333.140000000003
SENSEX,L4,SELL,CE,2025-11-27,82500.0,2025-11-07,2025-11-13,2025-11-27,2025-11-13,2025-11-07,82731.84,82700.0,2025-11-07 09:30:00+05:30,True,True,2025-11-07 09:30:00+05:30,1250.0,20.0,260.0,upstox_expired,2025-11-13 15:15:00+05:30,2378.4,0.0,780.0,upstox_expired,20,1243.75,2390.292,-22930.839999999997
SENSEX,L1,BUY,PE,2025-11-27,84300.0,2025-11-14,2025-11-20,2025-11-27,2025-11-20,2025-11-14,84293.16,84300.0,2025-11-14 09:30:00+05:30,True,True,2025-11-14 09:30:00+05:30,560.9,520.0,2700.0,upstox_expired,2025-11-20 15:15:00+05:30,101.0,480.0,32940.0,upstox_expired,20,563.7044999999999,100.495,-9264.189999999999
SENSEX,L2,SELL,PE,2025-11-20,84500.0,2025-11-14,2025-11-20,2025-11-27,2025-11-20,2025-11-14,84293.16,84300.0,2025-11-14 09:30:00+05:30,True,True,2025-11-14 09:30:00+05:30,516.7,68400.0,351560.0,upstox_expired,2025-11-20 15:15:00+05:30,0.15,129640.0,1884280.0,upstox_expired,20,514.1165000000001,0.15074999999999997,10279.315000000002
SENSEX,L3,BUY,CE,2025-11-20,84300.0,2025-11-14,2025-11-20,2025-11-27,2025-11-20,2025-11-14,84293.16,84300.0,2025-11-14 09:30:00+05:30,True,True,2025-11-14 09:30:00+05:30,627.1,106120.0,157780.0,upstox_expired,2025-11-20 15:15:00+05:30,1336.4,260.0,70240.0,upstox_expired,20,630.2355,1329.718,13989.650000000001
SENSEX,L4,SELL,CE,2025-11-27,84100.0,2025-11-14,2025-11-20,2025-11-27,2025-11-20,2025-11-14,84293.16,84300.0,2025-11-14 09:30:00+05:30,True,True,2025-11-14 09:30:00+05:30,1065.0,260.0,2380.0,upstox_expired,2025-11-20 15:15:00+05:30,1809.2,0.0,2100.0,upstox_expired,20,1059.675,1818.2459999999999,-15171.419999999998
SENSEX,L1,BUY,PE,2025-11-27,85500.0,2025-11-21,2025-11-27,2025-11-27,2025-11-27,2025-11-21,85523.83,85500.0,2025-11-21 09:30:00+05:30,True,True,2025-11-21 09:30:00+05:30,442.35,131280.0,634460.0,upstox_expired,2025-11-27 15:15:00+05:30,0.25,623540.0,4257160.0,upstox_expired,20,444.56174999999996,0.24875,-8886.26
SENSEX,L2,SELL,PE,2025-11-27,85700.0,2025-11-21,2025-11-27,2025-11-27,2025-11-27,2025-11-21,85523.83,85500.0,2025-11-21 09:30:00+05:30,True,True,2025-11-21 09:30:00+05:30,535.35,41160.0,221000.0,upstox_expired,2025-11-27 15:15:00+05:30,2.25,14148080.0,11784900.0,upstox_expired,20,532.67325,2.2612499999999995,10608.240000000002
SENSEX,L3,BUY,CE,2025-11-27,85500.0,2025-11-21,2025-11-27,2025-11-27,2025-11-27,2025-11-21,85523.83,85500.0,2025-11-21 09:30:00+05:30,True,True,2025-11-21 09:30:00+05:30,555.0,67300.0,453260.0,upstox_expired,2025-11-27 15:15:00+05:30,221.1,130440.0,1167680.0,upstox_expired,20,557.775,219.9945,-6755.609999999999
SENSEX,L4,SELL,CE,2025-11-27,85300.0,2025-11-21,2025-11-27,2025-11-27,2025-11-27,2025-11-21,85523.83,85500.0,2025-11-21 09:30:00+05:30,True,True,2025-11-21 09:30:00+05:30,675.0,9120.0,75640.0,upstox_expired,2025-11-27 15:15:00+05:30,421.6,18340.0,237540.0,upstox_expired,20,671.625,423.70799999999997,4958.34
SENSEX,L1,BUY,PE,2025-12-24,85800.0,2025-11-28,2025-12-04,2025-12-24,2025-12-04,2025-11-28,85784.38,85800.0,2025-11-28 09:30:00+05:30,True,True,2025-11-28 09:30:00+05:30,676.55,0.0,3640.0,upstox_expired,2025-12-04 15:15:00+05:30,776.7,20.0,3360.0,upstox_expired,20,679.9327499999998,772.8165,1857.6750000000038
SENSEX,L2,SELL,PE,2025-12-04,86000.0,2025-11-28,2025-12-04,2025-12-24,2025-12-04,2025-11-28,85784.38,85800.0,2025-11-28 09:30:00+05:30,True,True,2025-11-28 09:30:00+05:30,484.85,28740.0,328620.0,upstox_expired,2025-12-04 15:15:00+05:30,709.3,7360.0,170800.0,upstox_expired,20,482.42575,712.8464999999999,-4608.414999999997
SENSEX,L3,BUY,CE,2025-12-04,85800.0,2025-11-28,2025-12-04,2025-12-24,2025-12-04,2025-11-28,85784.38,85800.0,2025-11-28 09:30:00+05:30,True,True,2025-11-28 09:30:00+05:30,476.9,94400.0,495620.0,upstox_expired,2025-12-04 15:15:00+05:30,0.1,80220.0,1668940.0,upstox_expired,20,479.2844999999999,0.0995,-9583.699999999999
SENSEX,L4,SELL,CE,2025-12-24,85600.0,2025-11-28,2025-12-04,2025-12-24,2025-12-04,2025-11-28,85784.38,85800.0,2025-11-28 09:30:00+05:30,True,True,2025-11-28 09:30:00+05:30,1391.65,0.0,8480.0,upstox_expired,2025-12-04 15:15:00+05:30,814.1,0.0,4160.0,upstox_expired,20,1384.6917500000002,818.1705,11330.425000000005
SENSEX,L1,BUY,PE,2025-12-24,85200.0,2025-12-05,2025-12-11,2025-12-24,2025-12-11,2025-12-05,85244.76,85200.0,2025-12-05 09:30:00+05:30,True,True,2025-12-05 09:30:00+05:30,554.0,0.0,3560.0,upstox_expired,2025-12-11 15:15:00+05:30,621.4,20.0,2760.0,upstox_expired,20,556.77,618.293,1230.4600000000005
SENSEX,L2,SELL,PE,2025-12-11,85400.0,2025-12-05,2025-12-11,2025-12-24,2025-12-11,2025-12-05,85244.76,85200.0,2025-12-05 09:30:00+05:30,True,True,2025-12-05 09:30:00+05:30,446.6,31740.0,143340.0,upstox_expired,2025-12-11 15:15:00+05:30,578.2,1000.0,96400.0,upstox_expired,20,444.367,581.091,-2734.4799999999996
SENSEX,L3,BUY,CE,2025-12-11,85200.0,2025-12-05,2025-12-11,2025-12-24,2025-12-11,2025-12-05,85244.76,85200.0,2025-12-05 09:30:00+05:30,True,True,2025-12-05 09:30:00+05:30,510.8,42040.0,321260.0,upstox_expired,2025-12-11 15:15:00+05:30,0.05,154840.0,1599280.0,upstox_expired,20,513.3539999999999,0.04975,-10266.085
SENSEX,L4,SELL,CE,2025-12-24,85000.0,2025-12-05,2025-12-11,2025-12-24,2025-12-11,2025-12-05,85244.76,85200.0,2025-12-05 09:30:00+05:30,True,True,2025-12-05 09:30:00+05:30,1159.0,20.0,12880.0,upstox_expired,2025-12-11 15:15:00+05:30,635.5,0.0,24780.0,upstox_expired,20,1153.205,638.6774999999999,10290.550000000001
SENSEX,L1,BUY,PE,2025-12-24,85200.0,2025-12-12,2025-12-18,2025-12-24,2025-12-18,2025-12-12,85234.93,85200.0,2025-12-12 09:30:00+05:30,True,True,2025-12-12 09:30:00+05:30,420.0,700.0,5200.0,upstox_expired,2025-12-18 15:15:00+05:30,735.0,560.0,19780.0,upstox_expired,20,422.09999999999997,731.325,6184.500000000002
SENSEX,L2,SELL,PE,2025-12-18,85400.0,2025-12-12,2025-12-18,2025-12-24,2025-12-18,2025-12-12,85234.93,85200.0,2025-12-12 09:30:00+05:30,True,True,2025-12-12 09:30:00+05:30,414.75,31900.0,75760.0,upstox_expired,2025-12-18 15:15:00+05:30,923.15,220.0,16400.0,upstox_expired,20,412.67625,927.7657499999999,-10301.789999999999
SENSEX,L3,BUY,CE,2025-12-18,85200.0,2025-12-12,2025-12-18,2025-12-24,2025-12-18,2025-12-12,85234.93,85200.0,2025-12-12 09:30:00+05:30,True,True,2025-12-12 09:30:00+05:30,511.65,273060.0,351700.0,upstox_expired,2025-12-18 15:15:00+05:30,0.1,144600.0,1616460.0,upstox_expired,20,514.2082499999999,0.0995,-10282.174999999997
SENSEX,L4,SELL,CE,2025-12-24,85000.0,2025-12-12,2025-12-18,2025-12-24,2025-12-18,2025-12-12,85234.93,85200.0,2025-12-12 09:30:00+05:30,True,True,2025-12-12 09:30:00+05:30,898.35,1640.0,25220.0,upstox_expired,2025-12-18 15:15:00+05:30,216.4,11680.0,394700.0,upstox_expired,20,893.85825,217.48199999999997,13527.525000000001
SENSEX,L1,BUY,PE,2025-12-24,85000.0,2025-12-19,2025-12-24,2025-12-24,2025-12-24,2025-12-19,84995.89,85000.0,2025-12-19 09:30:00+05:30,True,True,2025-12-19 09:30:00+05:30,325.8,145820.0,670380.0,upstox_expired,2025-12-24 15:15:00+05:30,0.1,320500.0,2573560.0,upstox_expired,20,327.429,0.0995,-6546.59
SENSEX,L2,SELL,PE,2025-12-24,85200.0,2025-12-19,2025-12-24,2025-12-24,2025-12-24,2025-12-19,84995.89,85000.0,2025-12-19 09:30:00+05:30,True,True,2025-12-19 09:30:00+05:30,425.9,32520.0,43860.0,upstox_expired,2025-12-24 15:15:00+05:30,0.15,350840.0,2780680.0,upstox_expired,20,423.77049999999997,0.15074999999999997,8472.394999999999
SENSEX,L3,BUY,CE,2025-12-24,85000.0,2025-12-19,2025-12-24,2025-12-24,2025-12-24,2025-12-19,84995.89,85000.0,2025-12-19 09:30:00+05:30,True,True,2025-12-19 09:30:00+05:30,415.45,456940.0,795680.0,upstox_expired,2025-12-24 15:15:00+05:30,425.95,13780.0,245280.0,upstox_expired,20,417.5272499999999,423.82025,125.86000000000126
SENSEX,L4,SELL,CE,2025-12-24,84800.0,2025-12-19,2025-12-24,2025-12-24,2025-12-24,2025-12-19,84995.89,85000.0,2025-12-19 09:30:00+05:30,True,True,2025-12-19 09:30:00+05:30,534.79,140840.0,313460.0,upstox_expired,2025-12-24 15:15:00+05:30,624.2,500.0,58260.0,upstox_expired,20,532.11605,627.321,-1904.099000000001
SENSEX,L1,BUY,PE,2026-01-29,85300.0,2025-12-26,2026-01-01,2026-01-29,2026-01-01,2025-12-26,85344.02,85300.0,2025-12-26 09:30:00+05:30,True,True,2025-12-26 09:30:00+05:30,653.95,0.0,1160.0,upstox_expired,2026-01-01 15:15:00+05:30,592.85,40.0,2720.0,upstox_expired,20,657.21975,589.88575,-1346.679999999999
SENSEX,L2,SELL,PE,2026-01-01,85500.0,2025-12-26,2026-01-01,2026-01-29,2026-01-01,2025-12-26,85344.02,85300.0,2025-12-26 09:30:00+05:30,True,True,2025-12-26 09:30:00+05:30,396.2,44800.0,563000.0,upstox_expired,2026-01-01 15:15:00+05:30,303.95,154960.0,518380.0,upstox_expired,20,394.219,305.46975,1774.9850000000004
SENSEX,L3,BUY,CE,2026-01-01,85300.0,2025-12-26,2026-01-01,2026-01-29,2026-01-01,2025-12-26,85344.02,85300.0,2025-12-26 09:30:00+05:30,True,True,2025-12-26 09:30:00+05:30,381.75,55740.0,348440.0,upstox_expired,2026-01-01 15:15:00+05:30,0.25,3294760.0,15374840.0,upstox_expired,20,383.65874999999994,0.24875,-7668.199999999999
SENSEX,L4,SELL,CE,2026-01-29,85100.0,2025-12-26,2026-01-01,2026-01-29,2026-01-01,2025-12-26,85344.02,85300.0,2025-12-26 09:30:00+05:30,True,True,2025-12-26 15:10:00+05:30,1250.05,20.0,220.0,upstox_expired,2026-01-01 15:15:00+05:30,1231.55,0.0,460.0,upstox_expired,20,1243.79975,1237.7077499999998,121.84000000000196
SENSEX,L1,BUY,PE,2026-01-29,85400.0,2026-01-02,2026-01-08,2026-01-29,2026-01-08,2026-01-02,85368.57,85400.0,2026-01-02 09:30:00+05:30,True,True,2026-01-02 09:30:00+05:30,577.55,80.0,780.0,upstox_expired,2026-01-08 15:15:00+05:30,1152.65,0.0,3380.0,upstox_expired,20,580.4377499999999,1146.8867500000001,11328.980000000003
SENSEX,L2,SELL,PE,2026-01-08,85600.0,2026-01-02,2026-01-08,2026-01-29,2026-01-08,2026-01-02,85368.57,85400.0,2026-01-02 09:30:00+05:30,True,True,2026-01-02 09:30:00+05:30,360.65,14400.0,85320.0,upstox_expired,2026-01-08 15:15:00+05:30,1412.4,100.0,48020.0,upstox_expired,20,358.84675,1419.462,-21212.305
SENSEX,L3,BUY,CE,2026-01-08,85400.0,2026-01-02,2026-01-08,2026-01-29,2026-01-08,2026-01-02,85368.57,85400.0,2026-01-02 09:30:00+05:30,True,True,2026-01-02 09:30:00+05:30,364.5,113360.0,433540.0,upstox_expired,2026-01-08 15:15:00+05:30,0.3,137740.0,1193960.0,upstox_expired,20,366.32249999999993,0.2985,-7320.479999999999
SENSEX,L4,SELL,CE,2026-01-29,85200.0,2026-01-02,2026-01-08,2026-01-29,2026-01-08,2026-01-02,85368.57,85400.0,2026-01-02 09:30:00+05:30,True,True,2026-01-02 09:30:00+05:30,1223.1,0.0,360.0,upstox_expired,2026-01-08 15:15:00+05:30,500.0,80.0,6120.0,upstox_expired,20,1216.9844999999998,502.49999999999994,14289.689999999995
SENSEX,L1,BUY,PE,2026-01-29,84100.0,2026-01-09,2026-01-14,2026-01-29,2026-01-14,2026-01-09,84113.54,84100.0,2026-01-09 09:30:00+05:30,True,True,2026-01-09 09:30:00+05:30,540.05,80.0,2680.0,upstox_expired,2026-01-14 15:15:00+05:30,895.2,0.0,3420.0,upstox_expired,20,542.7502499999999,890.724,6959.475000000002
SENSEX,L2,SELL,PE,2026-01-14,84300.0,2026-01-09,2026-01-14,2026-01-29,2026-01-14,2026-01-09,84113.54,84100.0,2026-01-09 09:30:00+05:30,True,True,2026-01-09 09:30:00+05:30,375.85,144860.0,437580.0,upstox_expired,2026-01-14 15:15:00+05:30,927.65,180.0,37860.0,upstox_expired,20,373.97075,932.2882499999998,-11166.349999999999
SENSEX,L3,BUY,CE,2026-01-14,84100.0,2026-01-09,2026-01-14,2026-01-29,2026-01-14,2026-01-09,84113.54,84100.0,2026-01-09 09:30:00+05:30,True,True,2026-01-09 09:30:00+05:30,506.0,65440.0,112280.0,upstox_expired,2026-01-14 15:15:00+05:30,0.15,165100.0,1106140.0,upstox_expired,20,508.53,0.14925,-10167.615
SENSEX,L4,SELL,CE,2026-01-29,83900.0,2026-01-09,2026-01-14,2026-01-29,2026-01-14,2026-01-09,84113.54,84100.0,2026-01-09 09:30:00+05:30,True,True,2026-01-09 15:10:00+05:30,823.65,0.0,2380.0,upstox_expired,2026-01-14 15:15:00+05:30,541.6,0.0,5140.0,upstox_expired,20,819.53175,544.308,5504.475
SENSEX,L1,BUY,PE,2026-01-29,83600.0,2026-01-16,2026-01-22,2026-01-29,2026-01-22,2026-01-16,83643.94,83600.0,2026-01-16 09:30:00+05:30,True,True,2026-01-16 09:30:00+05:30,491.55,120.0,7020.0,upstox_expired,2026-01-22 15:15:00+05:30,1190.0,0.0,11980.0,upstox_expired,20,494.00775,1184.05,13800.845
SENSEX,L2,SELL,PE,2026-01-22,83800.0,2026-01-16,2026-01-22,2026-01-29,2026-01-22,2026-01-16,83643.94,83600.0,2026-01-16 09:30:00+05:30,True,True,2026-01-16 09:30:00+05:30,460.75,36300.0,223780.0,upstox_expired,2026-01-22 15:15:00+05:30,1518.85,300.0,32260.0,upstox_expired,20,458.44625,1526.4442499999998,-21359.959999999995
SENSEX,L3,BUY,CE,2026-01-22,83600.0,2026-01-16,2026-01-22,2026-01-29,2026-01-22,2026-01-16,83643.94,83600.0,2026-01-16 09:30:00+05:30,True,True,2026-01-16 09:30:00+05:30,535.1,59480.0,322140.0,upstox_expired,2026-01-22 15:15:00+05:30,0.3,72400.0,1089960.0,upstox_expired,20,537.7755,0.2985,-10749.539999999999
SENSEX,L4,SELL,CE,2026-01-29,83400.0,2026-01-16,2026-01-22,2026-01-29,2026-01-22,2026-01-16,83643.94,83600.0,2026-01-16 09:30:00+05:30,True,True,2026-01-16 09:30:00+05:30,943.6,200.0,5560.0,upstox_expired,2026-01-22 15:15:00+05:30,202.95,860.0,46120.0,upstox_expired,20,938.8820000000001,203.96474999999998,14698.345000000001
SENSEX,L1,BUY,PE,2026-01-29,82400.0,2026-01-23,2026-01-29,2026-01-29,2026-01-29,2026-01-23,82404.22,82400.0,2026-01-23 09:30:00+05:30,True,True,2026-01-23 09:30:00+05:30,441.1,66920.0,319840.0,upstox_expired,2026-01-29 15:15:00+05:30,0.3,2378720.0,4059140.0,upstox_expired,20,443.3055,0.2985,-8860.14
SENSEX,L2,SELL,PE,2026-01-29,82600.0,2026-01-23,2026-01-29,2026-01-29,2026-01-29,2026-01-23,82404.22,82400.0,2026-01-23 09:30:00+05:30,True,True,2026-01-23 09:30:00+05:30,532.35,24360.0,119700.0,upstox_expired,2026-01-29 15:15:00+05:30,21.25,9489440.0,7018100.0,upstox_expired,20,529.68825,21.35625,10166.640000000001
SENSEX,L3,BUY,CE,2026-01-29,82400.0,2026-01-23,2026-01-29,2026-01-29,2026-01-29,2026-01-23,82404.22,82400.0,2026-01-23 09:30:00+05:30,True,True,2026-01-23 09:30:00+05:30,598.45,65980.0,290740.0,upstox_expired,2026-01-29 15:15:00+05:30,187.2,552340.0,1003580.0,upstox_expired,20,601.44225,186.26399999999998,-8303.564999999999
SENSEX,L4,SELL,CE,2026-01-29,82200.0,2026-01-23,2026-01-29,2026-01-29,2026-01-29,2026-01-23,82404.22,82400.0,2026-01-23 09:30:00+05:30,True,True,2026-01-23 09:30:00+05:30,718.0,16020.0,151380.0,upstox_expired,2026-01-29 15:15:00+05:30,386.7,76700.0,610020.0,upstox_expired,20,714.41,388.63349999999997,6515.53
SENSEX,L1,BUY,PE,2026-02-26,82000.0,2026-01-30,2026-02-05,2026-02-26,2026-02-05,2026-01-30,81996.12,82000.0,2026-01-30 09:30:00+05:30,True,True,2026-01-30 09:30:00+05:30,930.4,240.0,15560.0,upstox_expired,2026-02-05 15:15:00+05:30,319.45,40.0,17340.0,upstox_expired,20,935.0519999999999,317.85275,-12343.984999999997
SENSEX,L2,SELL,PE,2026-02-05,82200.0,2026-01-30,2026-02-05,2026-02-26,2026-02-05,2026-01-30,81996.12,82000.0,2026-01-30 09:30:00+05:30,True,True,2026-01-30 09:30:00+05:30,754.35,63560.0,222100.0,upstox_expired,2026-02-05 15:15:00+05:30,0.15,126580.0,783580.0,upstox_expired,20,750.57825,0.15074999999999997,15008.55
SENSEX,L3,BUY,CE,2026-02-05,82000.0,2026-01-30,2026-02-05,2026-02-26,2026-02-05,2026-01-30,81996.12,82000.0,2026-01-30 09:30:00+05:30,True,True,2026-01-30 09:30:00+05:30,795.1,72380.0,353640.0,upstox_expired,2026-02-05 15:15:00+05:30,1340.55,0.0,59520.0,upstox_expired,20,799.0754999999999,1333.84725,10695.435000000001
SENSEX,L1,BUY,PE,2026-02-26,83100.0,2026-02-06,2026-02-12,2026-02-26,2026-02-12,2026-02-06,83101.87,83100.0,2026-02-06 09:30:00+05:30,True,True,2026-02-06 09:30:00+05:30,655.0,0.0,1220.0,upstox_expired,2026-02-12 15:15:00+05:30,337.0,0.0,5080.0,upstox_expired,20,658.275,335.315,-6459.2
SENSEX,L2,SELL,PE,2026-02-12,83300.0,2026-02-06,2026-02-12,2026-02-26,2026-02-12,2026-02-06,83101.87,83100.0,2026-02-06 09:30:00+05:30,True,True,2026-02-06 09:30:00+05:30,531.55,71500.0,416280.0,upstox_expired,2026-02-12 15:15:00+05:30,0.25,360680.0,1591800.0,upstox_expired,20,528.89225,0.25125,10572.82
SENSEX,L3,BUY,CE,2026-02-12,83100.0,2026-02-06,2026-02-12,2026-02-26,2026-02-12,2026-02-06,83101.87,83100.0,2026-02-06 09:30:00+05:30,True,True,2026-02-06 09:30:00+05:30,537.0,49480.0,133540.0,upstox_expired,2026-02-12 15:15:00+05:30,572.1,1160.0,55480.0,upstox_expired,20,539.685,569.2395,591.0900000000015
SENSEX,L4,SELL,CE,2026-02-26,82900.0,2026-02-06,2026-02-12,2026-02-26,2026-02-12,2026-02-06,83101.87,83100.0,2026-02-06 09:30:00+05:30,True,True,2026-02-06 09:30:00+05:30,1253.2,0.0,1300.0,upstox_expired,2026-02-12 15:15:00+05:30,1553.95,0.0,520.0,upstox_expired,20,1246.934,1561.71975,-6295.715
SENSEX,L1,BUY,PE,2026-02-26,82900.0,2026-02-13,2026-02-19,2026-02-26,2026-02-19,2026-02-13,82921.27,82900.0,2026-02-13 09:30:00+05:30,True,True,2026-02-13 09:30:00+05:30,542.1,120.0,5160.0,upstox_expired,2026-02-19 15:15:00+05:30,779.0,3020.0,74260.0,upstox_expired,20,544.8104999999999,775.105,4605.890000000001
SENSEX,L2,SELL,PE,2026-02-19,83100.0,2026-02-13,2026-02-19,2026-02-26,2026-02-19,2026-02-13,82921.27,82900.0,2026-02-13 09:30:00+05:30,True,True,2026-02-13 09:30:00+05:30,470.5,74600.0,192140.0,upstox_expired,2026-02-19 15:15:00+05:30,582.2,34500.0,479140.0,upstox_expired,20,468.1475,585.111,-2339.2700000000004
SENSEX,L3,BUY,CE,2026-02-19,82900.0,2026-02-13,2026-02-19,2026-02-26,2026-02-19,2026-02-13,82921.27,82900.0,2026-02-13 09:30:00+05:30,True,True,2026-02-13 09:30:00+05:30,514.25,49880.0,177900.0,upstox_expired,2026-02-19 15:15:00+05:30,0.35,467520.0,6703440.0,upstox_expired,20,516.82125,0.34825,-10329.46
SENSEX,L4,SELL,CE,2026-02-26,82700.0,2026-02-13,2026-02-19,2026-02-26,2026-02-19,2026-02-13,82921.27,82900.0,2026-02-13 09:30:00+05:30,True,True,2026-02-13 09:30:00+05:30,932.9,20.0,1560.0,upstox_expired,2026-02-19 15:15:00+05:30,477.9,6020.0,80400.0,upstox_expired,20,928.2355,480.2894999999999,8958.920000000002
SENSEX,L1,BUY,PE,2026-02-26,82300.0,2026-02-20,2026-02-26,2026-02-26,2026-02-26,2026-02-20,82348.87,82300.0,2026-02-20 09:30:00+05:30,True,True,2026-02-20 09:30:00+05:30,459.7,171960.0,238440.0,upstox_expired,2026-02-26 15:15:00+05:30,59.25,4739540.0,4281740.0,upstox_expired,20,461.9984999999999,58.95375,-8060.894999999999
SENSEX,L2,SELL,PE,2026-02-26,82500.0,2026-02-20,2026-02-26,2026-02-26,2026-02-26,2026-02-20,82348.87,82300.0,2026-02-20 09:30:00+05:30,True,True,2026-02-20 09:30:00+05:30,547.9,133920.0,541880.0,upstox_expired,2026-02-26 15:15:00+05:30,257.0,214520.0,1032160.0,upstox_expired,20,545.1605,258.28499999999997,5737.51
SENSEX,L3,BUY,CE,2026-02-26,82300.0,2026-02-20,2026-02-26,2026-02-26,2026-02-26,2026-02-20,82348.87,82300.0,2026-02-20 09:30:00+05:30,True,True,2026-02-20 09:30:00+05:30,606.4,71600.0,149860.0,upstox_expired,2026-02-26 15:15:00+05:30,0.5,14438240.0,14118940.0,upstox_expired,20,609.4319999999999,0.4975,-12178.689999999999
SENSEX,L4,SELL,CE,2026-02-26,82100.0,2026-02-20,2026-02-26,2026-02-26,2026-02-26,2026-02-20,82348.87,82300.0,2026-02-20 09:30:00+05:30,True,True,2026-02-20 09:30:00+05:30,730.8,8200.0,36820.0,upstox_expired,2026-02-26 15:15:00+05:30,141.6,691580.0,879520.0,upstox_expired,20,727.146,142.308,11696.759999999998
SENSEX,L1,BUY,PE,2026-03-25,81900.0,2026-02-27,2026-03-05,2026-03-25,2026-03-05,2026-02-27,81897.18,81900.0,2026-02-27 09:30:00+05:30,True,True,2026-02-27 09:30:00+05:30,833.0,0.0,140.0,upstox_expired,2026-03-05 15:15:00+05:30,2087.65,0.0,600.0,upstox_expired,20,837.165,2077.21175,24800.934999999998
SENSEX,L2,SELL,PE,2026-03-05,82100.0,2026-02-27,2026-03-05,2026-03-25,2026-03-05,2026-02-27,81897.18,81900.0,2026-02-27 09:30:00+05:30,True,True,2026-02-27 09:30:00+05:30,586.3,48200.0,291260.0,upstox_expired,2026-03-05 15:15:00+05:30,2163.1,260.0,40160.0,upstox_expired,20,583.3684999999999,2173.9154999999996,-31810.93999999999
SENSEX,L3,BUY,CE,2026-03-05,81900.0,2026-02-27,2026-03-05,2026-03-25,2026-03-05,2026-02-27,81897.18,81900.0,2026-02-27 09:30:00+05:30,True,True,2026-02-27 09:30:00+05:30,555.95,88880.0,198840.0,upstox_expired,2026-03-05 15:15:00+05:30,0.2,66140.0,630020.0,upstox_expired,20,558.72975,0.199,-11170.615
SENSEX,L4,SELL,CE,2026-03-25,81700.0,2026-02-27,2026-03-05,2026-03-25,2026-03-05,2026-02-27,81897.18,81900.0,2026-02-27 09:30:00+05:30,True,True,2026-02-27 15:10:00+05:30,1078.75,0.0,540.0,upstox_expired,2026-03-05 15:15:00+05:30,569.95,0.0,1040.0,upstox_expired,20,1073.35625,572.79975,10011.130000000001
SENSEX,L1,BUY,PE,2026-03-25,79700.0,2026-03-06,2026-03-12,2026-03-25,2026-03-12,2026-03-06,79669.59,79700.0,2026-03-06 09:30:00+05:30,True,True,2026-03-06 09:30:00+05:30,1227.8,0.0,880.0,upstox_expired,2026-03-12 15:15:00+05:30,3645.95,0.0,780.0,upstox_expired,20,1233.9389999999999,3627.72025,47875.625
SENSEX,L2,SELL,PE,2026-03-12,79900.0,2026-03-06,2026-03-12,2026-03-25,2026-03-12,2026-03-06,79669.59,79700.0,2026-03-06 09:30:00+05:30,True,True,2026-03-06 09:30:00+05:30,949.2,4940.0,37640.0,upstox_expired,2026-03-12 15:15:00+05:30,3850.0,0.0,14440.0,upstox_expired,20,944.4540000000001,3869.2499999999995,-58495.919999999984
SENSEX,L3,BUY,CE,2026-03-12,79700.0,2026-03-06,2026-03-12,2026-03-25,2026-03-12,2026-03-06,79669.59,79700.0,2026-03-06 09:30:00+05:30,True,True,2026-03-06 09:30:00+05:30,852.7,43120.0,174840.0,upstox_expired,2026-03-12 15:15:00+05:30,0.1,16480.0,843900.0,upstox_expired,20,856.9635,0.0995,-17137.28
SENSEX,L4,SELL,CE,2026-03-25,79500.0,2026-03-06,2026-03-12,2026-03-25,2026-03-12,2026-03-06,79669.59,79700.0,2026-03-06 09:30:00+05:30,True,True,2026-03-06 09:30:00+05:30,1574.6,0.0,9740.0,upstox_expired,2026-03-12 15:15:00+05:30,223.05,60.0,20580.0,upstox_expired,20,1566.7269999999999,224.16525,26851.234999999997
SENSEX,L1,BUY,PE,2026-03-25,75500.0,2026-03-13,2026-03-19,2026-03-25,2026-03-19,2026-03-13,75512.82,75500.0,2026-03-13 09:30:00+05:30,True,True,2026-03-13 09:30:00+05:30,1196.45,340.0,10580.0,upstox_expired,2026-03-19 15:15:00+05:30,1709.55,420.0,65600.0,upstox_expired,20,1202.4322499999998,1701.00225,9971.400000000003
SENSEX,L2,SELL,PE,2026-03-19,75700.0,2026-03-13,2026-03-19,2026-03-25,2026-03-19,2026-03-13,75512.82,75500.0,2026-03-13 09:30:00+05:30,True,True,2026-03-13 09:30:00+05:30,980.6,3860.0,34080.0,upstox_expired,2026-03-19 15:15:00+05:30,1541.95,820.0,59560.0,upstox_expired,20,975.697,1549.6597499999998,-11479.254999999996
SENSEX,L3,BUY,CE,2026-03-19,75500.0,2026-03-13,2026-03-19,2026-03-25,2026-03-19,2026-03-13,75512.82,75500.0,2026-03-13 09:30:00+05:30,True,True,2026-03-13 09:30:00+05:30,1000.45,56600.0,237080.0,upstox_expired,2026-03-19 15:15:00+05:30,0.25,408840.0,2829420.0,upstox_expired,20,1005.4522499999999,0.24875,-20104.07
SENSEX,L4,SELL,CE,2026-03-25,75300.0,2026-03-13,2026-03-19,2026-03-25,2026-03-19,2026-03-13,75512.82,75500.0,2026-03-13 09:30:00+05:30,True,True,2026-03-13 09:30:00+05:30,1551.9,20.0,140.0,upstox_expired,2026-03-19 15:15:00+05:30,447.6,380.0,26820.0,upstox_expired,20,1544.1405,449.83799999999997,21886.05
SENSEX,L1,BUY,PE,2026-03-25,75100.0,2026-03-20,2026-03-25,2026-03-25,2026-03-25,2026-03-20,75083.46,75100.0,2026-03-20 09:30:00+05:30,True,True,2026-03-20 09:30:00+05:30,864.6,29960.0,217180.0,upstox_expired,2026-03-25 15:15:00+05:30,0.5,2248700.0,3559700.0,upstox_expired,20,868.9229999999999,0.4975,-17368.51
SENSEX,L2,SELL,PE,2026-03-25,75300.0,2026-03-20,2026-03-25,2026-03-25,2026-03-25,2026-03-20,75083.46,75100.0,2026-03-20 09:30:00+05:30,True,True,2026-03-20 09:30:00+05:30,962.85,6940.0,30960.0,upstox_expired,2026-03-25 15:15:00+05:30,18.3,9835480.0,7613540.0,upstox_expired,20,958.03575,18.391499999999997,18792.885000000002
SENSEX,L3,BUY,CE,2026-03-25,75100.0,2026-03-20,2026-03-25,2026-03-25,2026-03-25,2026-03-20,75083.46,75100.0,2026-03-20 09:30:00+05:30,True,True,2026-03-20 09:30:00+05:30,901.8,39720.0,206940.0,upstox_expired,2026-03-25 15:15:00+05:30,191.6,355720.0,342060.0,upstox_expired,20,906.3089999999999,190.642,-14313.339999999998
SENSEX,L4,SELL,CE,2026-03-25,74900.0,2026-03-20,2026-03-25,2026-03-25,2026-03-25,2026-03-20,75083.46,75100.0,2026-03-20 09:30:00+05:30,True,True,2026-03-20 09:30:00+05:30,1016.65,8280.0,124580.0,upstox_expired,2026-03-25 15:15:00+05:30,392.1,42160.0,190320.0,upstox_expired,20,1011.56675,394.0605,12350.124999999998
SENSEX,L2,SELL,PE,2026-04-02,74500.0,2026-03-27,2026-04-02,2026-04-30,2026-04-02,2026-03-27,74337.59,74300.0,2026-03-27 09:30:00+05:30,True,True,2026-03-27 09:30:00+05:30,1163.0,50760.0,295840.0,upstox_expired,2026-04-02 15:15:00+05:30,1101.9,200.0,70540.0,upstox_expired,20,1157.185,1107.4095,995.5099999999993
SENSEX,L3,BUY,CE,2026-04-02,74300.0,2026-03-27,2026-04-02,2026-04-30,2026-04-02,2026-03-27,74337.59,74300.0,2026-03-27 09:30:00+05:30,True,True,2026-03-27 09:30:00+05:30,1224.0,4900.0,14040.0,upstox_expired,2026-04-02 15:15:00+05:30,0.55,124180.0,659940.0,upstox_expired,20,1230.12,0.54725,-24591.454999999994
SENSEX,L2,SELL,PE,2026-04-09,72000.0,2026-04-02,2026-04-09,2026-04-30,2026-04-09,2026-04-03,71773.95,71800.0,2026-04-02 09:30:00+05:30,True,True,2026-04-02 09:30:00+05:30,1253.2,2360.0,38640.0,upstox_expired,2026-04-09 15:15:00+05:30,0.05,1300.0,780160.0,upstox_expired,20,1246.934,0.050249999999999996,24937.675
SENSEX,L3,BUY,CE,2026-04-09,71800.0,2026-04-02,2026-04-09,2026-04-30,2026-04-09,2026-04-03,71773.95,71800.0,2026-04-02 09:30:00+05:30,True,True,2026-04-02 09:30:00+05:30,1230.4,2180.0,900.0,upstox_expired,2026-04-09 15:15:00+05:30,4865.0,60.0,18440.0,upstox_expired,20,1236.552,4840.675,72082.46
SENSEX,L4,SELL,CE,2026-04-30,71600.0,2026-04-02,2026-04-09,2026-04-30,2026-04-09,2026-04-03,71773.95,71800.0,2026-04-02 09:30:00+05:30,True,True,2026-04-02 15:10:00+05:30,2536.65,0.0,140.0,upstox_expired,2026-04-09 15:15:00+05:30,6005.6,0.0,100.0,upstox_expired,20,2523.96675,6035.628,-70233.22499999999
SENSEX,L1,BUY,PE,2026-04-30,77200.0,2026-04-10,2026-04-16,2026-04-30,2026-04-16,2026-04-10,77154.97,77200.0,2026-04-10 09:30:00+05:30,True,True,2026-04-10 15:10:00+05:30,1005.1,60.0,300.0,upstox_expired,2026-04-16 15:15:00+05:30,723.5,0.0,260.0,upstox_expired,20,1010.1254999999999,719.8825,-5804.859999999997
SENSEX,L2,SELL,PE,2026-04-16,77400.0,2026-04-10,2026-04-16,2026-04-30,2026-04-16,2026-04-10,77154.97,77200.0,2026-04-10 09:30:00+05:30,True,True,2026-04-10 09:30:00+05:30,845.1,5620.0,43840.0,upstox_expired,2026-04-16 15:15:00+05:30,0.15,180500.0,1246960.0,upstox_expired,20,840.8745,0.15074999999999997,16814.475
SENSEX,L3,BUY,CE,2026-04-16,77200.0,2026-04-10,2026-04-16,2026-04-30,2026-04-16,2026-04-10,77154.97,77200.0,2026-04-10 09:30:00+05:30,True,True,2026-04-10 09:30:00+05:30,774.45,43860.0,290580.0,upstox_expired,2026-04-16 15:15:00+05:30,783.6,2060.0,34200.0,upstox_expired,20,778.3222499999999,779.682,27.195000000001528
SENSEX,L4,SELL,CE,2026-04-30,77000.0,2026-04-10,2026-04-16,2026-04-30,2026-04-16,2026-04-10,77154.97,77200.0,2026-04-10 09:30:00+05:30,True,True,2026-04-10 09:30:00+05:30,1549.4,300.0,12720.0,upstox_expired,2026-04-16 15:15:00+05:30,1715.05,0.0,15860.0,upstox_expired,20,1541.653,1723.6252499999998,-3639.444999999996
SENSEX,L1,BUY,PE,2026-04-30,78100.0,2026-04-17,2026-04-23,2026-04-30,2026-04-23,2026-04-17,78084.96,78100.0,2026-04-17 09:30:00+05:30,True,True,2026-04-17 09:30:00+05:30,994.45,0.0,2100.0,upstox_expired,2026-04-23 15:15:00+05:30,1010.0,40.0,18740.0,upstox_expired,20,999.42225,1004.95,110.55500000000166
SENSEX,L2,SELL,PE,2026-04-23,78300.0,2026-04-17,2026-04-23,2026-04-30,2026-04-23,2026-04-17,78084.96,78100.0,2026-04-17 09:30:00+05:30,True,True,2026-04-17 09:30:00+05:30,825.45,9560.0,45460.0,upstox_expired,2026-04-23 15:15:00+05:30,642.25,6180.0,142080.0,upstox_expired,20,821.32275,645.46125,3517.230000000002
SENSEX,L3,BUY,CE,2026-04-23,78100.0,2026-04-17,2026-04-23,2026-04-30,2026-04-23,2026-04-17,78084.96,78100.0,2026-04-17 09:30:00+05:30,True,True,2026-04-17 09:30:00+05:30,723.6,44600.0,299580.0,upstox_expired,2026-04-23 15:15:00+05:30,0.15,415600.0,2166380.0,upstox_expired,20,727.218,0.14925,-14541.374999999998
SENSEX,L4,SELL,CE,2026-04-30,77900.0,2026-04-17,2026-04-23,2026-04-30,2026-04-23,2026-04-17,78084.96,78100.0,2026-04-17 09:30:00+05:30,True,True,2026-04-17 09:30:00+05:30,1250.0,0.0,1480.0,upstox_expired,2026-04-23 15:15:00+05:30,642.25,1420.0,118780.0,upstox_expired,20,1243.75,645.46125,11965.775000000001
SENSEX,L1,BUY,PE,2026-04-30,77200.0,2026-04-24,2026-04-30,2026-04-30,2026-04-30,2026-04-24,77172.87,77200.0,2026-04-24 09:30:00+05:30,True,True,2026-04-24 09:30:00+05:30,720.1,72520.0,81600.0,upstox_expired,2026-04-30 15:15:00+05:30,321.75,157420.0,804140.0,upstox_expired,20,723.7004999999999,320.14125,-8071.184999999998
SENSEX,L2,SELL,PE,2026-04-30,77400.0,2026-04-24,2026-04-30,2026-04-30,2026-04-30,2026-04-24,77172.87,77200.0,2026-04-24 09:30:00+05:30,True,True,2026-04-24 09:30:00+05:30,818.15,49780.0,108660.0,upstox_expired,2026-04-30 15:15:00+05:30,521.8,17260.0,156860.0,upstox_expired,20,814.05925,524.4089999999999,5793.005000000003
SENSEX,L3,BUY,CE,2026-04-30,77200.0,2026-04-24,2026-04-30,2026-04-30,2026-04-30,2026-04-24,77172.87,77200.0,2026-04-24 09:30:00+05:30,True,True,2026-04-24 09:30:00+05:30,768.85,39720.0,42460.0,upstox_expired,2026-04-30 15:15:00+05:30,0.35,524460.0,3041560.0,upstox_expired,20,772.6942499999999,0.34825,-15446.919999999998
SENSEX,L4,SELL,CE,2026-04-30,77000.0,2026-04-24,2026-04-30,2026-04-30,2026-04-30,2026-04-24,77172.87,77200.0,2026-04-24 09:30:00+05:30,True,True,2026-04-24 09:30:00+05:30,880.75,16720.0,84200.0,upstox_expired,2026-04-30 15:15:00+05:30,0.95,3937460.0,6788960.0,upstox_expired,20,876.3462499999999,0.9547499999999999,17507.829999999998
SENSEX,L1,BUY,PE,2026-05-27,76500.0,2026-04-30,2026-05-07,2026-05-27,2026-05-07,2026-05-01,76517.11,76500.0,2026-04-30 09:30:00+05:30,True,True,2026-04-30 09:30:00+05:30,1270.45,220.0,2940.0,upstox_expired,2026-05-07 15:15:00+05:30,558.3,60.0,3200.0,upstox_expired,20,1276.80225,555.5084999999999,-14425.875
SENSEX,L2,SELL,PE,2026-05-07,76700.0,2026-04-30,2026-05-07,2026-05-27,2026-05-07,2026-05-01,76517.11,76500.0,2026-04-30 09:30:00+05:30,True,True,2026-04-30 09:30:00+05:30,795.55,1760.0,11620.0,upstox_expired,2026-05-07 15:15:00+05:30,0.15,45600.0,610220.0,upstox_expired,20,791.5722499999999,0.15074999999999997,15828.429999999998
SENSEX,L3,BUY,CE,2026-05-07,76500.0,2026-04-30,2026-05-07,2026-05-27,2026-05-07,2026-05-01,76517.11,76500.0,2026-04-30 09:30:00+05:30,True,True,2026-04-30 09:30:00+05:30,819.85,6900.0,23220.0,upstox_expired,2026-05-07 15:15:00+05:30,1319.7,60.0,60840.0,upstox_expired,20,823.9492499999999,1313.1015,9783.045000000002
SENSEX,L1,BUY,PE,2026-05-27,77500.0,2026-05-08,2026-05-14,2026-05-27,2026-05-14,2026-05-08,77525.32,77500.0,2026-05-08 09:30:00+05:30,True,True,2026-05-08 09:30:00+05:30,1066.05,180.0,11960.0,upstox_expired,2026-05-14 15:15:00+05:30,2239.0,0.0,13080.0,upstox_expired,20,1071.38025,2227.805,23128.495
SENSEX,L2,SELL,PE,2026-05-14,77700.0,2026-05-08,2026-05-14,2026-05-27,2026-05-14,2026-05-08,77525.32,77500.0,2026-05-08 09:30:00+05:30,True,True,2026-05-08 09:30:00+05:30,763.9,11080.0,76580.0,upstox_expired,2026-05-14 15:15:00+05:30,2322.8,0.0,35620.0,upstox_expired,20,760.0805,2334.4139999999998,-31486.669999999995
SENSEX,L3,BUY,CE,2026-05-14,77500.0,2026-05-08,2026-05-14,2026-05-27,2026-05-14,2026-05-08,77525.32,77500.0,2026-05-08 09:30:00+05:30,True,True,2026-05-08 09:30:00+05:30,773.95,49300.0,427800.0,upstox_expired,2026-05-14 15:15:00+05:30,0.05,37620.0,2643340.0,upstox_expired,20,777.81975,0.04975,-15555.4
SENSEX,L4,SELL,CE,2026-05-27,77300.0,2026-05-08,2026-05-14,2026-05-27,2026-05-14,2026-05-08,77525.32,77500.0,2026-05-08 09:30:00+05:30,True,True,2026-05-08 09:30:00+05:30,1399.1,0.0,2640.0,upstox_expired,2026-05-14 15:15:00+05:30,346.7,0.0,1980.0,upstox_expired,20,1392.1045,348.4334999999999,20873.420000000002
SENSEX,L1,BUY,PE,2026-05-27,75600.0,2026-05-15,2026-05-21,2026-05-27,2026-05-21,2026-05-15,75616.91,75600.0,2026-05-15 09:30:00+05:30,True,True,2026-05-15 09:30:00+05:30,910.0,100.0,2960.0,upstox_expired,2026-05-21 15:15:00+05:30,907.25,2020.0,32740.0,upstox_expired,20,914.55,902.71375,-236.724999999999
SENSEX,L2,SELL,PE,2026-05-21,75800.0,2026-05-15,2026-05-21,2026-05-27,2026-05-21,2026-05-15,75616.91,75600.0,2026-05-15 09:30:00+05:30,True,True,2026-05-15 09:30:00+05:30,784.55,34220.0,70060.0,upstox_expired,2026-05-21 15:15:00+05:30,638.6,5840.0,166660.0,upstox_expired,20,780.62725,641.793,2776.685
SENSEX,L3,BUY,CE,2026-05-21,75600.0,2026-05-15,2026-05-21,2026-05-27,2026-05-21,2026-05-15,75616.91,75600.0,2026-05-15 09:30:00+05:30,True,True,2026-05-15 09:30:00+05:30,781.6,44580.0,218840.0,upstox_expired,2026-05-21 15:15:00+05:30,0.15,303220.0,2388180.0,upstox_expired,20,785.5079999999999,0.14925,-15707.174999999997
SENSEX,L4,SELL,CE,2026-05-27,75400.0,2026-05-15,2026-05-21,2026-05-27,2026-05-21,2026-05-15,75616.91,75600.0,2026-05-15 09:30:00+05:30,True,True,2026-05-15 09:30:00+05:30,1240.0,0.0,1300.0,upstox_expired,2026-05-21 15:15:00+05:30,507.3,3680.0,99960.0,upstox_expired,20,1233.8,509.83649999999994,14479.27
SENSEX,L1,BUY,PE,2026-05-27,75500.0,2026-05-22,2026-05-27,2026-05-27,2026-05-27,2026-05-22,75546.11,75500.0,2026-05-22 09:30:00+05:30,True,True,2026-05-22 09:30:00+05:30,554.85,58500.0,581360.0,upstox_expired,2026-05-27 15:15:00+05:30,0.05,412320.0,3552420.0,upstox_expired,20,557.62425,0.04975,-11151.489999999998
SENSEX,L2,SELL,PE,2026-05-27,75700.0,2026-05-22,2026-05-27,2026-05-27,2026-05-27,2026-05-22,75546.11,75500.0,2026-05-22 09:30:00+05:30,True,True,2026-05-22 09:30:00+05:30,653.05,6940.0,51900.0,upstox_expired,2026-05-27 15:15:00+05:30,0.1,509820.0,5015420.0,upstox_expired,20,649.7847499999999,0.10049999999999999,12993.684999999998
SENSEX,L3,BUY,CE,2026-05-27,75500.0,2026-05-22,2026-05-27,2026-05-27,2026-05-27,2026-05-22,75546.11,75500.0,2026-05-22 09:30:00+05:30,True,True,2026-05-22 09:30:00+05:30,642.6,56340.0,556920.0,upstox_expired,2026-05-27 15:15:00+05:30,355.6,53540.0,462940.0,upstox_expired,20,645.813,353.822,-5839.82
SENSEX,L4,SELL,CE,2026-05-27,75300.0,2026-05-22,2026-05-27,2026-05-27,2026-05-27,2026-05-22,75546.11,75500.0,2026-05-22 09:30:00+05:30,True,True,2026-05-22 09:30:00+05:30,756.4,22940.0,287720.0,upstox_expired,2026-05-27 15:15:00+05:30,557.45,2880.0,52880.0,upstox_expired,20,752.6179999999999,560.23725,3847.6149999999984
SENSEX,L1,BUY,PE,2026-06-25,75900.0,2026-05-29,2026-06-04,2026-06-25,2026-06-04,2026-05-29,75872.93,75900.0,2026-05-29 09:30:00+05:30,True,True,2026-05-29 09:30:00+05:30,977.1,20.0,280.0,upstox_expired,2026-06-04 15:15:00+05:30,2144.8,0.0,640.0,upstox_expired,20,981.9854999999999,2134.076,23041.810000000005
SENSEX,L2,SELL,PE,2026-06-04,76100.0,2026-05-29,2026-06-04,2026-06-25,2026-06-04,2026-05-29,75872.93,75900.0,2026-05-29 09:30:00+05:30,True,True,2026-05-29 09:30:00+05:30,617.6,40960.0,359500.0,upstox_expired,2026-06-04 15:15:00+05:30,1743.2,20.0,36860.0,upstox_expired,20,614.5120000000001,1751.916,-22748.08
SENSEX,L3,BUY,CE,2026-06-04,75900.0,2026-05-29,2026-06-04,2026-06-25,2026-06-04,2026-05-29,75872.93,75900.0,2026-05-29 09:30:00+05:30,True,True,2026-05-29 09:30:00+05:30,671.25,48840.0,206480.0,upstox_expired,2026-06-04 15:15:00+05:30,0.15,54940.0,1035560.0,upstox_expired,20,674.6062499999999,0.14925,-13489.139999999998
SENSEX,L1,BUY,PE,2026-06-25,74600.0,2026-06-05,2026-06-11,2026-06-25,2026-06-11,2026-06-05,74578.96,74600.0,2026-06-05 09:30:00+05:30,True,True,2026-06-05 09:30:00+05:30,1016.8,0.0,580.0,upstox_expired,2026-06-11 15:15:00+05:30,1169.9,0.0,1540.0,upstox_expired,20,1021.8839999999999,1164.0505,2843.330000000003
SENSEX,L2,SELL,PE,2026-06-11,74800.0,2026-06-05,2026-06-11,2026-06-25,2026-06-11,2026-06-05,74578.96,74600.0,2026-06-05 09:30:00+05:30,True,True,2026-06-05 09:30:00+05:30,684.2,9100.0,67420.0,upstox_expired,2026-06-11 15:15:00+05:30,975.0,2120.0,35760.0,upstox_expired,20,680.779,979.8749999999999,-5981.919999999998
SENSEX,L3,BUY,CE,2026-06-11,74600.0,2026-06-05,2026-06-11,2026-06-25,2026-06-11,2026-06-05,74578.96,74600.0,2026-06-05 09:30:00+05:30,True,True,2026-06-05 09:30:00+05:30,720.0,73260.0,244460.0,upstox_expired,2026-06-11 15:15:00+05:30,0.1,84900.0,1794960.0,upstox_expired,20,723.5999999999999,0.0995,-14470.009999999998
SENSEX,L4,SELL,CE,2026-06-25,74400.0,2026-06-05,2026-06-11,2026-06-25,2026-06-11,2026-06-05,74578.96,74600.0,2026-06-05 09:30:00+05:30,True,True,2026-06-05 15:10:00+05:30,1145.0,0.0,940.0,upstox_expired,2026-06-11 15:15:00+05:30,642.75,200.0,3220.0,upstox_expired,20,1139.275,645.9637499999999,9866.225000000004
SENSEX,L1,BUY,PE,2026-06-25,74700.0,2026-06-12,2026-06-18,2026-06-25,2026-06-18,2026-06-12,74726.94,74700.0,2026-06-12 09:30:00+05:30,True,True,2026-06-12 09:30:00+05:30,785.05,40.0,1880.0,upstox_expired,2026-06-18 15:15:00+05:30,22.25,240.0,9740.0,upstox_expired,20,788.9752499999998,22.138749999999998,-15336.729999999998
SENSEX,L2,SELL,PE,2026-06-18,74900.0,2026-06-12,2026-06-18,2026-06-25,2026-06-18,2026-06-12,74726.94,74700.0,2026-06-12 09:30:00+05:30,True,True,2026-06-12 09:30:00+05:30,634.25,14540.0,122960.0,upstox_expired,2026-06-18 15:15:00+05:30,0.15,7880.0,460080.0,upstox_expired,20,631.07875,0.15074999999999997,12618.56
SENSEX,L3,BUY,CE,2026-06-18,74700.0,2026-06-12,2026-06-18,2026-06-25,2026-06-18,2026-06-12,74726.94,74700.0,2026-06-12 09:30:00+05:30,True,True,2026-06-12 09:30:00+05:30,638.05,34380.0,313400.0,upstox_expired,2026-06-18 15:15:00+05:30,2718.1,0.0,55260.0,upstox_expired,20,641.2402499999998,2704.5095,41265.38500000001
SENSEX,L4,SELL,CE,2026-06-25,74500.0,2026-06-12,2026-06-18,2026-06-25,2026-06-18,2026-06-12,74726.94,74700.0,2026-06-12 09:30:00+05:30,True,True,2026-06-12 09:30:00+05:30,974.6,900.0,86100.0,upstox_expired,2026-06-18 15:15:00+05:30,3014.9,0.0,86500.0,upstox_expired,20,969.727,3029.9745,-41204.95
SENSEX,L1,BUY,PE,2026-06-25,76600.0,2026-06-19,2026-06-25,2026-06-25,2026-06-25,2026-06-19,76595.84,76600.0,2026-06-19 09:30:00+05:30,True,True,2026-06-19 09:30:00+05:30,511.0,90800.0,169640.0,upstox_expired,2026-06-25 15:15:00+05:30,0.2,159800.0,1919740.0,upstox_expired,20,513.555,0.199,-10267.119999999999
SENSEX,L2,SELL,PE,2026-06-25,76800.0,2026-06-19,2026-06-25,2026-06-25,2026-06-25,2026-06-19,76595.84,76600.0,2026-06-19 09:30:00+05:30,True,True,2026-06-19 09:30:00+05:30,614.0,37020.0,176240.0,upstox_expired,2026-06-25 15:15:00+05:30,0.25,393160.0,3009900.0,upstox_expired,20,610.93,0.25125,12213.574999999999
SENSEX,L3,BUY,CE,2026-06-25,76600.0,2026-06-19,2026-06-25,2026-06-25,2026-06-25,2026-06-19,76595.84,76600.0,2026-06-19 09:30:00+05:30,True,True,2026-06-19 09:30:00+05:30,591.65,53280.0,172620.0,upstox_expired,2026-06-25 15:15:00+05:30,489.4,12020.0,110460.0,upstox_expired,20,594.6082499999999,486.953,-2153.104999999998
SENSEX,L4,SELL,CE,2026-06-25,76400.0,2026-06-19,2026-06-25,2026-06-25,2026-06-25,2026-06-19,76595.84,76600.0,2026-06-19 09:30:00+05:30,True,True,2026-06-19 09:30:00+05:30,702.7,5860.0,41040.0,upstox_expired,2026-06-25 15:15:00+05:30,679.95,560.0,85040.0,upstox_expired,20,699.1865,683.34975,316.73500000000104
