timestamp,trading_day,symbol,open,high,low,close,volume
2025-10-01 09:30:00+05:30,2025-10-01,SENSEX,80375.63,80416.67,80375.63,80415.61,0
2025-10-01 09:31:00+05:30,2025-10-01,SENSEX,80414.41,80423.59,80392.38,80392.38,0
2025-10-01 09:32:00+05:30,2025-10-01,SENSEX,80386.38,80397.24,80377.8,80377.8,0
2025-10-01 09:33:00+05:30,2025-10-01,SENSEX,80378.79,80411.09,80378.79,80394.58,0
2025-10-01 09:34:00+05:30,2025-10-01,SENSEX,80393.54,80422.34,80393.54,80400.33,0
2025-10-01 09:35:00+05:30,2025-10-01,SENSEX,80399.79,80421.07,80399.62,80400.08,0
2025-10-03 09:30:00+05:30,2025-10-03,SENSEX,80827.83,80829.8,80787.08,80787.08,0
2025-10-03 09:31:00+05:30,2025-10-03,SENSEX,80789.41,80800.73,80765.99,80800.73,0
2025-10-03 09:32:00+05:30,2025-10-03,SENSEX,80800.99,80828.29,80783.7,80828.29,0
2025-10-03 09:33:00+05:30,2025-10-03,SENSEX,80828.21,80852.24,80827.37,80841.65,0
2025-10-03 09:34:00+05:30,2025-10-03,SENSEX,80843.9,80845.39,80796.3,80796.81,0
2025-10-03 09:35:00+05:30,2025-10-03,SENSEX,80798.22,80807.81,80770.83,80771.25,0
2025-10-06 09:30:00+05:30,2025-10-06,SENSEX,81213.64,81224.06,81158.25,81180.95,0
2025-10-06 09:31:00+05:30,2025-10-06,SENSEX,81184.28,81227.64,81174.32,81227.64,0
2025-10-06 09:32:00+05:30,2025-10-06,SENSEX,81237.57,81241.14,81220.65,81230.73,0
2025-10-06 09:33:00+05:30,2025-10-06,SENSEX,81230.56,81265.37,81214.76,81252.09,0
2025-10-06 09:34:00+05:30,2025-10-06,SENSEX,81253.0,81257.44,81226.79,81255.93,0
2025-10-06 09:35:00+05:30,2025-10-06,SENSEX,81254.31,81270.13,81244.56,81268.35,0
2025-10-07 09:30:00+05:30,2025-10-07,SENSEX,81919.57,81944.31,81888.19,81893.06,0
2025-10-07 09:31:00+05:30,2025-10-07,SENSEX,81891.06,81908.67,81878.07,81904.81,0
2025-10-07 09:32:00+05:30,2025-10-07,SENSEX,81904.96,81923.58,81904.96,81911.77,0
2025-10-07 09:33:00+05:30,2025-10-07,SENSEX,81912.25,81928.52,81894.44,81926.34,0
2025-10-07 09:34:00+05:30,2025-10-07,SENSEX,81927.03,81930.6,81901.96,81927.71,0
2025-10-07 09:35:00+05:30,2025-10-07,SENSEX,81924.06,81928.27,81906.6,81928.27,0
2025-10-08 09:30:00+05:30,2025-10-08,SENSEX,82187.68,82191.35,82165.29,82169.31,0
2025-10-08 09:31:00+05:30,2025-10-08,SENSEX,82167.67,82199.31,82167.67,82199.31,0
2025-10-08 09:32:00+05:30,2025-10-08,SENSEX,82201.28,82210.95,82174.8,82175.29,0
2025-10-08 09:33:00+05:30,2025-10-08,SENSEX,82179.81,82195.95,82166.6,82171.03,0
2025-10-08 09:34:00+05:30,2025-10-08,SENSEX,82172.49,82180.98,82127.12,82130.57,0
2025-10-08 09:35:00+05:30,2025-10-08,SENSEX,82132.04,82153.54,82121.74,82141.58,0
2025-10-09 09:30:00+05:30,2025-10-09,SENSEX,81967.38,82009.14,81966.06,81993.18,0
2025-10-09 09:31:00+05:30,2025-10-09,SENSEX,81993.12,81993.48,81952.99,81959.21,0
2025-10-09 09:32:00+05:30,2025-10-09,SENSEX,81957.15,81957.15,81906.59,81917.03,0
2025-10-09 09:33:00+05:30,2025-10-09,SENSEX,81917.71,81938.49,81901.2,81911.77,0
2025-10-09 09:34:00+05:30,2025-10-09,SENSEX,81911.77,81922.94,81903.42,81907.8,0
2025-10-09 09:35:00+05:30,2025-10-09,SENSEX,81906.25,81910.63,81871.38,81871.38,0
2025-10-13 09:30:00+05:30,2025-10-13,SENSEX,82189.39,82189.39,82150.74,82150.74,0
2025-10-13 09:31:00+05:30,2025-10-13,SENSEX,82150.88,82155.94,82088.92,82088.92,0
2025-10-13 09:32:00+05:30,2025-10-13,SENSEX,82089.93,82124.57,82071.02,82080.5,0
2025-10-13 09:33:00+05:30,2025-10-13,SENSEX,82077.75,82131.14,82061.79,82081.84,0
2025-10-13 09:34:00+05:30,2025-10-13,SENSEX,82085.9,82110.38,82063.9,82110.38,0
2025-10-13 09:35:00+05:30,2025-10-13,SENSEX,82106.48,82106.48,82047.41,82047.41,0
2025-10-14 09:30:00+05:30,2025-10-14,SENSEX,82546.03,82559.87,82502.97,82508.27,0
2025-10-14 09:31:00+05:30,2025-10-14,SENSEX,82501.86,82543.11,82486.53,82540.07,0
2025-10-14 09:32:00+05:30,2025-10-14,SENSEX,82537.92,82542.5,82477.77,82483.57,0
2025-10-14 09:33:00+05:30,2025-10-14,SENSEX,82479.96,82516.05,82479.96,82494.89,0
2025-10-14 09:34:00+05:30,2025-10-14,SENSEX,82485.95,82487.84,82459.43,82459.98,0
2025-10-14 09:35:00+05:30,2025-10-14,SENSEX,82468.04,82496.32,82467.08,82473.73,0
2025-10-15 09:30:00+05:30,2025-10-15,SENSEX,82348.8,82394.86,82348.8,82385.69,0
2025-10-15 09:31:00+05:30,2025-10-15,SENSEX,82385.89,82387.76,82372.61,82382.42,0
2025-10-15 09:32:00+05:30,2025-10-15,SENSEX,82385.42,82405.64,82374.53,82404.31,0
2025-10-15 09:33:00+05:30,2025-10-15,SENSEX,82402.72,82411.75,82356.14,82364.2,0
2025-10-15 09:34:00+05:30,2025-10-15,SENSEX,82362.97,82368.32,82337.85,82341.75,0
2025-10-15 09:35:00+05:30,2025-10-15,SENSEX,82340.78,82366.71,82332.03,82354.05,0
2025-10-16 09:30:00+05:30,2025-10-16,SENSEX,82949.91,82968.06,82942.31,82942.31,0
2025-10-16 09:31:00+05:30,2025-10-16,SENSEX,82942.03,82982.64,82942.03,82979.32,0
2025-10-16 09:32:00+05:30,2025-10-16,SENSEX,82980.51,83001.9,82977.17,82997.21,0
2025-10-16 09:33:00+05:30,2025-10-16,SENSEX,82996.95,83005.1,82982.83,82983.21,0
2025-10-16 09:34:00+05:30,2025-10-16,SENSEX,82982.84,83003.71,82977.82,82992.18,0
2025-10-16 09:35:00+05:30,2025-10-16,SENSEX,82993.82,83010.63,82983.03,83008.6,0
2025-10-17 09:30:00+05:30,2025-10-17,SENSEX,83536.33,83549.58,83509.39,83531.01,0
2025-10-17 09:31:00+05:30,2025-10-17,SENSEX,83532.81,83586.34,83527.77,83579.15,0
2025-10-17 09:32:00+05:30,2025-10-17,SENSEX,83580.34,83586.7,83530.64,83552.79,0
2025-10-17 09:33:00+05:30,2025-10-17,SENSEX,83549.56,83584.4,83547.28,83564.09,0
2025-10-17 09:34:00+05:30,2025-10-17,SENSEX,83565.9,83598.81,83551.98,83594.35,0
2025-10-17 09:35:00+05:30,2025-10-17,SENSEX,83590.82,83596.56,83553.8,83575.69,0
2025-10-20 09:30:00+05:30,2025-10-20,SENSEX,84503.05,84517.14,84463.6,84486.03,0
2025-10-20 09:31:00+05:30,2025-10-20,SENSEX,84487.73,84517.43,84477.97,84503.28,0
2025-10-20 09:32:00+05:30,2025-10-20,SENSEX,84502.82,84556.01,84497.07,84555.87,0
2025-10-20 09:33:00+05:30,2025-10-20,SENSEX,84557.13,84557.13,84483.07,84517.04,0
2025-10-20 09:34:00+05:30,2025-10-20,SENSEX,84516.46,84532.74,84494.37,84508.08,0
2025-10-20 09:35:00+05:30,2025-10-20,SENSEX,84505.81,84510.22,84474.5,84491.25,0
2025-10-23 09:30:00+05:30,2025-10-23,SENSEX,85088.59,85141.57,85085.2,85131.9,0
2025-10-23 09:31:00+05:30,2025-10-23,SENSEX,85127.82,85155.97,85117.78,85139.91,0
2025-10-23 09:32:00+05:30,2025-10-23,SENSEX,85134.2,85150.45,85122.31,85150.45,0
2025-10-23 09:33:00+05:30,2025-10-23,SENSEX,85138.27,85182.56,85133.4,85156.92,0
2025-10-23 09:34:00+05:30,2025-10-23,SENSEX,85142.28,85158.91,85132.27,85158.55,0
2025-10-23 09:35:00+05:30,2025-10-23,SENSEX,85158.22,85188.13,85151.54,85188.13,0
2025-10-24 09:30:00+05:30,2025-10-24,SENSEX,84516.31,84526.91,84500.0,84501.84,0
2025-10-24 09:31:00+05:30,2025-10-24,SENSEX,84498.51,84498.51,84457.74,84484.92,0
2025-10-24 09:32:00+05:30,2025-10-24,SENSEX,84484.05,84501.59,84474.82,84474.82,0
2025-10-24 09:33:00+05:30,2025-10-24,SENSEX,84473.64,84473.64,84439.91,84467.81,0
2025-10-24 09:34:00+05:30,2025-10-24,SENSEX,84468.67,84488.17,84468.67,84479.54,0
2025-10-24 09:35:00+05:30,2025-10-24,SENSEX,84476.5,84480.58,84447.25,84449.96,0
2025-10-27 09:30:00+05:30,2025-10-27,SENSEX,84511.3,84534.8,84505.87,84523.54,0
2025-10-27 09:31:00+05:30,2025-10-27,SENSEX,84526.03,84544.89,84512.95,84518.71,0
2025-10-27 09:32:00+05:30,2025-10-27,SENSEX,84517.02,84554.13,84502.73,84539.02,0
2025-10-27 09:33:00+05:30,2025-10-27,SENSEX,84539.44,84543.71,84515.34,84538.71,0
2025-10-27 09:34:00+05:30,2025-10-27,SENSEX,84534.94,84565.74,84527.79,84564.16,0
2025-10-27 09:35:00+05:30,2025-10-27,SENSEX,84559.59,84588.1,84554.79,84581.78,0
2025-10-28 09:30:00+05:30,2025-10-28,SENSEX,84826.56,84837.68,84808.36,84831.8,0
2025-10-28 09:31:00+05:30,2025-10-28,SENSEX,84829.7,84849.08,84829.7,84839.22,0
2025-10-28 09:32:00+05:30,2025-10-28,SENSEX,84840.6,84892.84,84829.72,84892.84,0
2025-10-28 09:33:00+05:30,2025-10-28,SENSEX,84892.68,84972.33,84892.68,84941.2,0
2025-10-28 09:34:00+05:30,2025-10-28,SENSEX,84940.64,84960.35,84939.25,84956.15,0
2025-10-28 09:35:00+05:30,2025-10-28,SENSEX,84957.96,84985.89,84953.21,84971.83,0
2025-10-29 09:30:00+05:30,2025-10-29,SENSEX,84830.0,84866.46,84830.0,84861.41,0
2025-10-29 09:31:00+05:30,2025-10-29,SENSEX,84857.01,84890.69,84828.78,84869.36,0
2025-10-29 09:32:00+05:30,2025-10-29,SENSEX,84864.45,84867.44,84834.07,84834.07,0
2025-10-29 09:33:00+05:30,2025-10-29,SENSEX,84822.63,84842.17,84802.65,84827.11,0
2025-10-29 09:34:00+05:30,2025-10-29,SENSEX,84825.99,84829.88,84766.84,84775.95,0
2025-10-29 09:35:00+05:30,2025-10-29,SENSEX,84777.15,84777.15,84718.33,84748.14,0
2025-10-31 09:30:00+05:30,2025-10-31,SENSEX,84580.72,84605.41,84580.72,84586.64,0
2025-10-31 09:31:00+05:30,2025-10-31,SENSEX,84586.55,84592.77,84579.56,84583.22,0
2025-10-31 09:32:00+05:30,2025-10-31,SENSEX,84585.16,84635.46,84578.89,84626.83,0
2025-10-31 09:33:00+05:30,2025-10-31,SENSEX,84626.83,84642.55,84616.3,84642.45,0
2025-10-31 09:34:00+05:30,2025-10-31,SENSEX,84643.45,84684.91,84642.4,84684.91,0
2025-10-31 09:35:00+05:30,2025-10-31,SENSEX,84682.04,84693.48,84675.22,84688.55,0
2025-11-03 09:30:00+05:30,2025-11-03,SENSEX,83708.08,83708.08,83634.87,83655.13,0
2025-11-03 09:31:00+05:30,2025-11-03,SENSEX,83657.46,83669.86,83633.4,83640.67,0
2025-11-03 09:32:00+05:30,2025-11-03,SENSEX,83646.75,83657.34,83612.2,83612.2,0
2025-11-03 09:33:00+05:30,2025-11-03,SENSEX,83613.44,83656.05,83613.44,83641.98,0
2025-11-03 09:34:00+05:30,2025-11-03,SENSEX,83648.38,83683.67,83638.77,83669.66,0
2025-11-03 09:35:00+05:30,2025-11-03,SENSEX,83670.95,83697.11,83664.85,83697.11,0
2025-11-04 09:30:00+05:30,2025-11-04,SENSEX,83894.96,83894.96,83823.68,83823.68,0
2025-11-04 09:31:00+05:30,2025-11-04,SENSEX,83821.8,83838.08,83818.55,83824.37,0
2025-11-04 09:32:00+05:30,2025-11-04,SENSEX,83823.51,83834.62,83814.93,83834.62,0
2025-11-04 09:33:00+05:30,2025-11-04,SENSEX,83832.79,83860.76,83828.34,83843.16,0
2025-11-04 09:34:00+05:30,2025-11-04,SENSEX,83842.42,83842.42,83808.01,83811.28,0
2025-11-04 09:35:00+05:30,2025-11-04,SENSEX,83809.92,83821.33,83798.07,83803.67,0
2025-11-06 09:30:00+05:30,2025-11-06,SENSEX,83652.23,83662.92,83632.58,83641.33,0
2025-11-06 09:31:00+05:30,2025-11-06,SENSEX,83638.43,83660.36,83624.43,83627.0,0
2025-11-06 09:32:00+05:30,2025-11-06,SENSEX,83623.69,83638.36,83601.41,83617.57,0
2025-11-06 09:33:00+05:30,2025-11-06,SENSEX,83613.77,83623.16,83606.7,83607.17,0
2025-11-06 09:34:00+05:30,2025-11-06,SENSEX,83609.35,83645.57,83601.13,83643.11,0
2025-11-06 09:35:00+05:30,2025-11-06,SENSEX,83643.72,83664.14,83643.72,83664.14,0
2025-11-07 09:30:00+05:30,2025-11-07,SENSEX,82768.24,82770.91,82730.73,82731.84,0
2025-11-07 09:31:00+05:30,2025-11-07,SENSEX,82728.42,82784.43,82728.11,82776.77,0
2025-11-07 09:32:00+05:30,2025-11-07,SENSEX,82777.46,82809.39,82726.66,82727.0,0
2025-11-07 09:33:00+05:30,2025-11-07,SENSEX,82725.51,82736.02,82712.7,82722.58,0
2025-11-07 09:34:00+05:30,2025-11-07,SENSEX,82721.76,82733.99,82681.07,82688.36,0
2025-11-07 09:35:00+05:30,2025-11-07,SENSEX,82688.36,82695.07,82678.23,82682.55,0
2025-11-10 09:30:00+05:30,2025-11-10,SENSEX,83350.13,83401.95,83350.13,83397.82,0
2025-11-10 09:31:00+05:30,2025-11-10,SENSEX,83400.65,83437.17,83392.48,83433.59,0
2025-11-10 09:32:00+05:30,2025-11-10,SENSEX,83429.59,83440.42,83406.62,83410.92,0
2025-11-10 09:33:00+05:30,2025-11-10,SENSEX,83409.58,83411.53,83379.79,83409.62,0
2025-11-10 09:34:00+05:30,2025-11-10,SENSEX,83405.64,83427.83,83395.13,83427.83,0
2025-11-10 09:35:00+05:30,2025-11-10,SENSEX,83427.29,83461.67,83422.73,83459.07,0
2025-11-11 09:30:00+05:30,2025-11-11,SENSEX,83358.48,83363.36,83316.98,83323.31,0
2025-11-11 09:31:00+05:30,2025-11-11,SENSEX,83322.07,83362.64,83322.07,83348.94,0
2025-11-11 09:32:00+05:30,2025-11-11,SENSEX,83354.24,83362.88,83323.03,83323.03,0
2025-11-11 09:33:00+05:30,2025-11-11,SENSEX,83322.18,83333.73,83286.48,83295.48,0
2025-11-11 09:34:00+05:30,2025-11-11,SENSEX,83289.08,83298.41,83281.84,83291.28,0
2025-11-11 09:35:00+05:30,2025-11-11,SENSEX,83293.19,83298.42,83281.69,83293.29,0
2025-11-12 09:30:00+05:30,2025-11-12,SENSEX,84219.45,84231.47,84168.7,84192.44,0
2025-11-12 09:31:00+05:30,2025-11-12,SENSEX,84197.45,84258.55,84197.45,84221.21,0
2025-11-12 09:32:00+05:30,2025-11-12,SENSEX,84215.66,84237.53,84208.94,84214.62,0
2025-11-12 09:33:00+05:30,2025-11-12,SENSEX,84216.98,84246.58,84214.47,84227.55,0
2025-11-12 09:34:00+05:30,2025-11-12,SENSEX,84228.4,84238.23,84203.41,84203.77,0
2025-11-12 09:35:00+05:30,2025-11-12,SENSEX,84200.94,84204.36,84171.29,84193.53,0
2025-11-13 09:30:00+05:30,2025-11-13,SENSEX,84480.6,84495.93,84453.22,84483.09,0
2025-11-13 09:31:00+05:30,2025-11-13,SENSEX,84482.83,84483.53,84446.52,84454.03,0
2025-11-13 09:32:00+05:30,2025-11-13,SENSEX,84457.16,84481.86,84447.49,84447.49,0
2025-11-13 09:33:00+05:30,2025-11-13,SENSEX,84443.42,84453.2,84437.95,84437.95,0
2025-11-13 09:34:00+05:30,2025-11-13,SENSEX,84432.56,84434.03,84363.38,84363.38,0
2025-11-13 09:35:00+05:30,2025-11-13,SENSEX,84363.15,84410.0,84352.01,84352.01,0
2025-11-14 09:30:00+05:30,2025-11-14,SENSEX,84266.8,84293.2,84264.66,84293.16,0
2025-11-14 09:31:00+05:30,2025-11-14,SENSEX,84295.76,84352.63,84289.68,84343.93,0
2025-11-14 09:32:00+05:30,2025-11-14,SENSEX,84343.06,84377.0,84336.54,84377.0,0
2025-11-14 09:33:00+05:30,2025-11-14,SENSEX,84376.81,84419.39,84376.63,84416.43,0
2025-11-14 09:34:00+05:30,2025-11-14,SENSEX,84415.06,84452.89,84409.05,84452.06,0
2025-11-14 09:35:00+05:30,2025-11-14,SENSEX,84451.2,84464.94,84396.94,84406.32,0
2025-11-17 09:30:00+05:30,2025-11-17,SENSEX,84786.08,84819.6,84785.38,84814.44,0
2025-11-17 09:31:00+05:30,2025-11-17,SENSEX,84815.52,84830.89,84812.9,84818.4,0
2025-11-17 09:32:00+05:30,2025-11-17,SENSEX,84819.62,84825.59,84813.87,84816.72,0
2025-11-17 09:33:00+05:30,2025-11-17,SENSEX,84817.56,84833.26,84809.27,84823.01,0
2025-11-17 09:34:00+05:30,2025-11-17,SENSEX,84822.57,84830.07,84785.82,84785.82,0
2025-11-17 09:35:00+05:30,2025-11-17,SENSEX,84785.09,84790.87,84774.47,84783.57,0
2025-11-18 09:30:00+05:30,2025-11-18,SENSEX,84807.86,84810.5,84757.02,84758.51,0
2025-11-18 09:31:00+05:30,2025-11-18,SENSEX,84756.75,84791.3,84756.75,84780.99,0
2025-11-18 09:32:00+05:30,2025-11-18,SENSEX,84783.69,84823.83,84783.42,84823.83,0
2025-11-18 09:33:00+05:30,2025-11-18,SENSEX,84824.74,84829.74,84809.98,84809.98,0
2025-11-18 09:34:00+05:30,2025-11-18,SENSEX,84810.13,84817.56,84783.57,84788.95,0
2025-11-18 09:35:00+05:30,2025-11-18,SENSEX,84788.51,84809.55,84782.74,84782.74,0
2025-11-19 09:30:00+05:30,2025-11-19,SENSEX,84701.79,84701.79,84647.9,84690.9,0
2025-11-19 09:31:00+05:30,2025-11-19,SENSEX,84686.11,84707.29,84674.1,84705.32,0
2025-11-19 09:32:00+05:30,2025-11-19,SENSEX,84703.96,84726.93,84699.33,84705.35,0
2025-11-19 09:33:00+05:30,2025-11-19,SENSEX,84705.09,84705.09,84670.82,84672.82,0
2025-11-19 09:34:00+05:30,2025-11-19,SENSEX,84668.9,84668.9,84625.62,84625.62,0
2025-11-19 09:35:00+05:30,2025-11-19,SENSEX,84627.03,84644.36,84619.76,84642.23,0
2025-11-20 09:30:00+05:30,2025-11-20,SENSEX,85363.27,85377.78,85361.43,85377.0,0
2025-11-20 09:31:00+05:30,2025-11-20,SENSEX,85376.57,85385.04,85345.72,85358.13,0
2025-11-20 09:32:00+05:30,2025-11-20,SENSEX,85358.4,85369.22,85351.14,85360.83,0
2025-11-20 09:33:00+05:30,2025-11-20,SENSEX,85363.14,85368.91,85325.68,85337.13,0
2025-11-20 09:34:00+05:30,2025-11-20,SENSEX,85329.06,85355.81,85324.55,85353.8,0
2025-11-20 09:35:00+05:30,2025-11-20,SENSEX,85353.7,85368.76,85347.35,85368.06,0
2025-11-21 09:30:00+05:30,2025-11-21,SENSEX,85570.03,85570.49,85519.76,85523.83,0
2025-11-21 09:31:00+05:30,2025-11-21,SENSEX,85534.31,85561.47,85522.94,85542.86,0
2025-11-21 09:32:00+05:30,2025-11-21,SENSEX,85551.22,85587.09,85543.75,85586.87,0
2025-11-21 09:33:00+05:30,2025-11-21,SENSEX,85581.97,85583.59,85557.02,85563.6,0
2025-11-21 09:34:00+05:30,2025-11-21,SENSEX,85561.55,85562.13,85518.06,85527.4,0
2025-11-21 09:35:00+05:30,2025-11-21,SENSEX,85528.27,85532.33,85495.85,85499.17,0
2025-11-24 09:30:00+05:30,2025-11-24,SENSEX,85365.44,85382.59,85364.09,85370.25,0
2025-11-24 09:31:00+05:30,2025-11-24,SENSEX,85371.34,85371.34,85345.2,85348.24,0
2025-11-24 09:32:00+05:30,2025-11-24,SENSEX,85345.54,85349.45,85322.37,85336.91,0
2025-11-24 09:33:00+05:30,2025-11-24,SENSEX,85332.31,85332.31,85305.78,85305.78,0
2025-11-24 09:34:00+05:30,2025-11-24,SENSEX,85309.09,85312.24,85285.69,85295.85,0
2025-11-24 09:35:00+05:30,2025-11-24,SENSEX,85295.58,85296.93,85258.04,85262.98,0
2025-11-25 09:30:00+05:30,2025-11-25,SENSEX,84875.53,84922.9,84875.53,84902.02,0
2025-11-25 09:31:00+05:30,2025-11-25,SENSEX,84899.23,84910.53,84884.74,84905.03,0
2025-11-25 09:32:00+05:30,2025-11-25,SENSEX,84905.81,84941.09,84894.35,84938.75,0
2025-11-25 09:33:00+05:30,2025-11-25,SENSEX,84939.4,84945.95,84933.33,84938.22,0
2025-11-25 09:34:00+05:30,2025-11-25,SENSEX,84937.42,84974.45,84930.65,84972.24,0
2025-11-25 09:35:00+05:30,2025-11-25,SENSEX,84972.24,84981.58,84948.22,84958.89,0
2025-11-26 09:30:00+05:30,2025-11-26,SENSEX,84869.42,84920.59,84869.42,84920.31,0
2025-11-26 09:31:00+05:30,2025-11-26,SENSEX,84922.4,84929.82,84900.19,84900.19,0
2025-11-26 09:32:00+05:30,2025-11-26,SENSEX,84900.77,84947.33,84900.77,84931.85,0
2025-11-26 09:33:00+05:30,2025-11-26,SENSEX,84940.36,84961.61,84934.31,84959.52,0
2025-11-26 09:34:00+05:30,2025-11-26,SENSEX,84961.42,84991.95,84959.45,84986.66,0
2025-11-26 09:35:00+05:30,2025-11-26,SENSEX,84985.18,85019.08,84977.34,84994.17,0
2025-11-27 09:30:00+05:30,2025-11-27,SENSEX,85922.07,85939.56,85877.17,85895.36,0
2025-11-27 09:31:00+05:30,2025-11-27,SENSEX,85896.56,85924.21,85876.48,85915.63,0
2025-11-27 09:32:00+05:30,2025-11-27,SENSEX,85919.35,85921.47,85875.08,85915.69,0
2025-11-27 09:33:00+05:30,2025-11-27,SENSEX,85918.64,85920.86,85873.92,85876.35,0
2025-11-27 09:34:00+05:30,2025-11-27,SENSEX,85877.39,85917.8,85876.06,85914.76,0
2025-11-27 09:35:00+05:30,2025-11-27,SENSEX,85914.76,85914.79,85873.14,85909.81,0
2025-11-28 09:30:00+05:30,2025-11-28,SENSEX,85789.5,85804.07,85780.78,85784.38,0
2025-11-28 09:31:00+05:30,2025-11-28,SENSEX,85784.57,85823.95,85765.52,85823.95,0
2025-11-28 09:32:00+05:30,2025-11-28,SENSEX,85816.77,85832.9,85809.01,85822.64,0
2025-11-28 09:33:00+05:30,2025-11-28,SENSEX,85822.44,85829.32,85810.16,85815.8,0
2025-11-28 09:34:00+05:30,2025-11-28,SENSEX,85818.76,85858.99,85815.97,85858.99,0
2025-11-28 09:35:00+05:30,2025-11-28,SENSEX,85857.54,85873.16,85840.47,85840.47,0
2025-12-01 09:30:00+05:30,2025-12-01,SENSEX,85971.62,86013.05,85969.66,86010.97,0
2025-12-01 09:31:00+05:30,2025-12-01,SENSEX,86014.66,86014.66,85992.89,85997.68,0
2025-12-01 09:32:00+05:30,2025-12-01,SENSEX,85996.45,86004.41,85983.22,85985.94,0
2025-12-01 09:33:00+05:30,2025-12-01,SENSEX,85984.62,86023.0,85984.62,86018.54,0
2025-12-01 09:34:00+05:30,2025-12-01,SENSEX,86018.22,86052.62,86018.22,86047.71,0
2025-12-01 09:35:00+05:30,2025-12-01,SENSEX,86049.43,86049.43,86023.06,86027.67,0
2025-12-02 09:30:00+05:30,2025-12-02,SENSEX,85446.19,85463.98,85430.19,85436.65,0
2025-12-02 09:31:00+05:30,2025-12-02,SENSEX,85428.45,85428.45,85401.44,85420.06,0
2025-12-02 09:32:00+05:30,2025-12-02,SENSEX,85419.08,85454.15,85410.54,85450.65,0
2025-12-02 09:33:00+05:30,2025-12-02,SENSEX,85466.24,85470.53,85428.56,85430.07,0
2025-12-02 09:34:00+05:30,2025-12-02,SENSEX,85427.56,85432.86,85403.96,85419.79,0
2025-12-02 09:35:00+05:30,2025-12-02,SENSEX,85409.44,85426.96,85404.07,85423.05,0
2025-12-03 09:30:00+05:30,2025-12-03,SENSEX,84947.54,84978.17,84947.54,84968.84,0
2025-12-03 09:31:00+05:30,2025-12-03,SENSEX,84973.68,84997.12,84965.69,84978.9,0
2025-12-03 09:32:00+05:30,2025-12-03,SENSEX,84981.16,84991.29,84972.34,84985.21,0
2025-12-03 09:33:00+05:30,2025-12-03,SENSEX,84977.81,84977.93,84900.52,84900.86,0
2025-12-03 09:34:00+05:30,2025-12-03,SENSEX,84900.61,84900.61,84865.79,84866.04,0
2025-12-03 09:35:00+05:30,2025-12-03,SENSEX,84863.33,84891.36,84857.6,84875.18,0
2025-12-04 09:30:00+05:30,2025-12-04,SENSEX,85147.11,85162.92,85139.62,85148.51,0
2025-12-04 09:31:00+05:30,2025-12-04,SENSEX,85151.48,85155.95,85132.56,85149.8,0
2025-12-04 09:32:00+05:30,2025-12-04,SENSEX,85147.75,85156.81,85097.26,85101.09,0
2025-12-04 09:33:00+05:30,2025-12-04,SENSEX,85107.57,85127.77,85103.87,85123.2,0
2025-12-04 09:34:00+05:30,2025-12-04,SENSEX,85122.3,85166.34,85122.3,85166.34,0
2025-12-04 09:35:00+05:30,2025-12-04,SENSEX,85165.24,85218.08,85165.24,85218.08,0
2025-12-05 09:30:00+05:30,2025-12-05,SENSEX,85267.53,85279.69,85244.76,85244.76,0
2025-12-05 09:31:00+05:30,2025-12-05,SENSEX,85248.07,85252.05,85237.12,85246.91,0
2025-12-05 09:32:00+05:30,2025-12-05,SENSEX,85249.4,85254.41,85236.57,85241.04,0
2025-12-05 09:33:00+05:30,2025-12-05,SENSEX,85251.31,85278.52,85244.7,85271.42,0
2025-12-05 09:34:00+05:30,2025-12-05,SENSEX,85275.48,85295.23,85265.45,85295.23,0
2025-12-05 09:35:00+05:30,2025-12-05,SENSEX,85297.99,85325.77,85295.93,85299.06,0
2025-12-08 09:30:00+05:30,2025-12-08,SENSEX,85573.74,85581.63,85557.43,85570.46,0
2025-12-08 09:31:00+05:30,2025-12-08,SENSEX,85570.73,85578.84,85550.78,85550.89,0
2025-12-08 09:32:00+05:30,2025-12-08,SENSEX,85550.69,85558.34,85535.76,85558.02,0
2025-12-08 09:33:00+05:30,2025-12-08,SENSEX,85558.04,85578.62,85547.68,85574.65,0
2025-12-08 09:34:00+05:30,2025-12-08,SENSEX,85574.74,85582.61,85545.47,85545.47,0
2025-12-08 09:35:00+05:30,2025-12-08,SENSEX,85547.51,85552.53,85502.84,85509.45,0
2025-12-09 09:30:00+05:30,2025-12-09,SENSEX,84620.74,84620.74,84537.68,84539.06,0
2025-12-09 09:31:00+05:30,2025-12-09,SENSEX,84530.34,84530.34,84483.45,84500.5,0
2025-12-09 09:32:00+05:30,2025-12-09,SENSEX,84497.94,84505.87,84482.72,84489.46,0
2025-12-09 09:33:00+05:30,2025-12-09,SENSEX,84482.28,84502.91,84479.23,84485.78,0
2025-12-09 09:34:00+05:30,2025-12-09,SENSEX,84488.15,84529.77,84488.15,84523.46,0
2025-12-09 09:35:00+05:30,2025-12-09,SENSEX,84521.4,84526.25,84489.35,84501.7,0
2025-12-10 09:30:00+05:30,2025-12-10,SENSEX,84830.52,84894.51,84830.09,84849.29,0
2025-12-10 09:31:00+05:30,2025-12-10,SENSEX,84846.61,84889.1,84840.19,84875.91,0
2025-12-10 09:32:00+05:30,2025-12-10,SENSEX,84877.29,84900.69,84877.29,84899.84,0
2025-12-10 09:33:00+05:30,2025-12-10,SENSEX,84900.9,84905.08,84865.6,84868.19,0
2025-12-10 09:34:00+05:30,2025-12-10,SENSEX,84869.65,84906.82,84861.79,84905.16,0
2025-12-10 09:35:00+05:30,2025-12-10,SENSEX,84904.7,84926.27,84897.11,84897.11,0
2025-12-11 09:30:00+05:30,2025-12-11,SENSEX,84531.93,84538.18,84454.77,84462.23,0
2025-12-11 09:31:00+05:30,2025-12-11,SENSEX,84459.49,84459.49,84435.34,84454.8,0
2025-12-11 09:32:00+05:30,2025-12-11,SENSEX,84456.39,84509.45,84443.58,84502.83,0
2025-12-11 09:33:00+05:30,2025-12-11,SENSEX,84502.53,84507.66,84430.02,84438.9,0
2025-12-11 09:34:00+05:30,2025-12-11,SENSEX,84443.65,84500.85,84438.74,84462.26,0
2025-12-11 09:35:00+05:30,2025-12-11,SENSEX,84461.38,84463.09,84443.73,84457.9,0
2025-12-12 09:30:00+05:30,2025-12-12,SENSEX,85190.68,85236.73,85190.68,85234.93,0
2025-12-12 09:31:00+05:30,2025-12-12,SENSEX,85242.68,85276.59,85235.62,85275.19,0
2025-12-12 09:32:00+05:30,2025-12-12,SENSEX,85272.76,85282.76,85265.65,85274.99,0
2025-12-12 09:33:00+05:30,2025-12-12,SENSEX,85275.51,85281.2,85244.88,85249.76,0
2025-12-12 09:34:00+05:30,2025-12-12,SENSEX,85246.61,85259.29,85244.49,85251.5,0
2025-12-12 09:35:00+05:30,2025-12-12,SENSEX,85251.23,85262.25,85221.37,85224.91,0
2025-12-15 09:30:00+05:30,2025-12-15,SENSEX,84873.95,84880.44,84864.33,84872.53,0
2025-12-15 09:31:00+05:30,2025-12-15,SENSEX,84873.56,84883.11,84866.51,84877.7,0
2025-12-15 09:32:00+05:30,2025-12-15,SENSEX,84871.63,84891.86,84868.77,84891.86,0
2025-12-15 09:33:00+05:30,2025-12-15,SENSEX,84889.77,84915.9,84889.77,84913.43,0
2025-12-15 09:34:00+05:30,2025-12-15,SENSEX,84908.5,84909.82,84873.88,84876.7,0
2025-12-15 09:35:00+05:30,2025-12-15,SENSEX,84878.07,84882.15,84869.62,84873.04,0
2025-12-16 09:30:00+05:30,2025-12-16,SENSEX,84852.56,84861.12,84828.28,84841.93,0
2025-12-16 09:31:00+05:30,2025-12-16,SENSEX,84839.3,84839.3,84810.74,84817.29,0
2025-12-16 09:32:00+05:30,2025-12-16,SENSEX,84819.26,84829.55,84808.16,84811.76,0
2025-12-16 09:33:00+05:30,2025-12-16,SENSEX,84809.93,84858.79,84797.08,84850.85,0
2025-12-16 09:34:00+05:30,2025-12-16,SENSEX,84847.97,84853.53,84831.0,84831.0,0
2025-12-16 09:35:00+05:30,2025-12-16,SENSEX,84825.93,84835.12,84806.26,84809.31,0
2025-12-17 09:30:00+05:30,2025-12-17,SENSEX,84821.66,84841.1,84786.33,84801.05,0
2025-12-17 09:31:00+05:30,2025-12-17,SENSEX,84802.56,84810.46,84785.19,84807.87,0
2025-12-17 09:32:00+05:30,2025-12-17,SENSEX,84807.52,84839.58,84799.12,84838.01,0
2025-12-17 09:33:00+05:30,2025-12-17,SENSEX,84839.03,84860.74,84831.63,84854.7,0
2025-12-17 09:34:00+05:30,2025-12-17,SENSEX,84847.06,84868.36,84843.56,84867.69,0
2025-12-17 09:35:00+05:30,2025-12-17,SENSEX,84868.03,84888.16,84867.16,84887.08,0
2025-12-18 09:30:00+05:30,2025-12-18,SENSEX,84436.62,84467.48,84417.84,84433.69,0
2025-12-18 09:31:00+05:30,2025-12-18,SENSEX,84438.02,84459.8,84432.38,84454.9,0
2025-12-18 09:32:00+05:30,2025-12-18,SENSEX,84444.85,84467.08,84424.94,84450.07,0
2025-12-18 09:33:00+05:30,2025-12-18,SENSEX,84450.7,84450.7,84384.06,84433.6,0
2025-12-18 09:34:00+05:30,2025-12-18,SENSEX,84429.52,84444.15,84400.1,84412.96,0
2025-12-18 09:35:00+05:30,2025-12-18,SENSEX,84413.13,84428.08,84386.94,84390.96,0
2025-12-19 09:30:00+05:30,2025-12-19,SENSEX,84932.16,84996.71,84932.16,84995.89,0
2025-12-19 09:31:00+05:30,2025-12-19,SENSEX,84994.42,85006.12,84986.23,84997.9,0
2025-12-19 09:32:00+05:30,2025-12-19,SENSEX,84997.66,85004.0,84972.1,84981.92,0
2025-12-19 09:33:00+05:30,2025-12-19,SENSEX,84980.07,84990.23,84963.36,84967.58,0
2025-12-19 09:34:00+05:30,2025-12-19,SENSEX,84967.58,84990.24,84965.75,84990.24,0
2025-12-19 09:35:00+05:30,2025-12-19,SENSEX,84990.24,84990.47,84962.89,84976.9,0
2025-12-22 09:30:00+05:30,2025-12-22,SENSEX,85413.06,85450.46,85408.08,85421.27,0
2025-12-22 09:31:00+05:30,2025-12-22,SENSEX,85421.46,85446.64,85421.46,85445.99,0
2025-12-22 09:32:00+05:30,2025-12-22,SENSEX,85449.39,85460.25,85432.62,85454.43,0
2025-12-22 09:33:00+05:30,2025-12-22,SENSEX,85452.85,85452.85,85430.04,85438.76,0
2025-12-22 09:34:00+05:30,2025-12-22,SENSEX,85436.11,85436.11,85401.67,85412.65,0
2025-12-22 09:35:00+05:30,2025-12-22,SENSEX,85412.8,85422.11,85394.5,85417.15,0
2025-12-23 09:30:00+05:30,2025-12-23,SENSEX,85447.52,85466.57,85413.1,85416.8,0
2025-12-23 09:31:00+05:30,2025-12-23,SENSEX,85412.97,85430.86,85404.37,85429.01,0
2025-12-23 09:32:00+05:30,2025-12-23,SENSEX,85428.95,85435.34,85403.07,85404.5,0
2025-12-23 09:33:00+05:30,2025-12-23,SENSEX,85403.03,85412.4,85397.02,85408.69,0
2025-12-23 09:34:00+05:30,2025-12-23,SENSEX,85408.69,85417.69,85404.01,85410.03,0
2025-12-23 09:35:00+05:30,2025-12-23,SENSEX,85410.36,85435.48,85404.51,85435.48,0
2025-12-24 09:30:00+05:30,2025-12-24,SENSEX,85629.87,85643.8,85624.86,85631.13,0
2025-12-24 09:31:00+05:30,2025-12-24,SENSEX,85631.89,85645.79,85628.42,85637.1,0
2025-12-24 09:32:00+05:30,2025-12-24,SENSEX,85640.12,85655.87,85634.05,85649.68,0
2025-12-24 09:33:00+05:30,2025-12-24,SENSEX,85651.88,85677.67,85646.23,85675.17,0
2025-12-24 09:34:00+05:30,2025-12-24,SENSEX,85677.76,85677.76,85655.68,85661.56,0
2025-12-24 09:35:00+05:30,2025-12-24,SENSEX,85665.85,85676.0,85657.7,85657.7,0
2025-12-26 09:30:00+05:30,2025-12-26,SENSEX,85348.0,85367.15,85336.41,85344.02,0
2025-12-26 09:31:00+05:30,2025-12-26,SENSEX,85338.75,85338.75,85318.78,85318.91,0
2025-12-26 09:32:00+05:30,2025-12-26,SENSEX,85319.96,85319.96,85282.76,85282.76,0
2025-12-26 09:33:00+05:30,2025-12-26,SENSEX,85283.35,85283.35,85263.44,85270.72,0
2025-12-26 09:34:00+05:30,2025-12-26,SENSEX,85271.86,85288.64,85257.55,85278.11,0
2025-12-26 09:35:00+05:30,2025-12-26,SENSEX,85278.04,85279.04,85247.43,85258.03,0
2025-12-29 09:30:00+05:30,2025-12-29,SENSEX,85056.48,85092.33,85056.48,85077.27,0
2025-12-29 09:31:00+05:30,2025-12-29,SENSEX,85076.94,85088.27,85070.46,85078.93,0
2025-12-29 09:32:00+05:30,2025-12-29,SENSEX,85078.54,85095.98,85072.37,85085.5,0
2025-12-29 09:33:00+05:30,2025-12-29,SENSEX,85087.37,85124.98,85087.37,85124.98,0
2025-12-29 09:34:00+05:30,2025-12-29,SENSEX,85120.35,85130.66,85109.9,85123.65,0
2025-12-29 09:35:00+05:30,2025-12-29,SENSEX,85120.85,85136.45,85113.71,85129.41,0
2025-12-30 09:30:00+05:30,2025-12-30,SENSEX,84492.39,84508.8,84489.62,84493.26,0
2025-12-30 09:31:00+05:30,2025-12-30,SENSEX,84495.97,84512.3,84490.25,84498.1,0
2025-12-30 09:32:00+05:30,2025-12-30,SENSEX,84501.37,84507.74,84494.21,84496.25,0
2025-12-30 09:33:00+05:30,2025-12-30,SENSEX,84497.86,84515.02,84496.1,84515.02,0
2025-12-30 09:34:00+05:30,2025-12-30,SENSEX,84517.06,84555.78,84517.06,84555.78,0
2025-12-30 09:35:00+05:30,2025-12-30,SENSEX,84555.32,84570.59,84552.82,84570.59,0
2025-12-31 09:30:00+05:30,2025-12-31,SENSEX,84872.57,84895.49,84871.98,84872.83,0
2025-12-31 09:31:00+05:30,2025-12-31,SENSEX,84876.33,84910.82,84873.63,84876.16,0
2025-12-31 09:32:00+05:30,2025-12-31,SENSEX,84877.73,84877.73,84840.19,84844.72,0
2025-12-31 09:33:00+05:30,2025-12-31,SENSEX,84844.66,84873.0,84829.65,84867.03,0
2025-12-31 09:34:00+05:30,2025-12-31,SENSEX,84865.1,84875.1,84815.77,84849.33,0
2025-12-31 09:35:00+05:30,2025-12-31,SENSEX,84847.83,84847.83,84786.79,84787.73,0
2026-01-01 09:30:00+05:30,2026-01-01,SENSEX,85424.53,85424.53,85392.79,85412.58,0
2026-01-01 09:31:00+05:30,2026-01-01,SENSEX,85411.86,85423.96,85361.02,85391.57,0
2026-01-01 09:32:00+05:30,2026-01-01,SENSEX,85392.78,85414.98,85356.29,85363.53,0
2026-01-01 09:33:00+05:30,2026-01-01,SENSEX,85364.4,85386.56,85350.63,85353.79,0
2026-01-01 09:34:00+05:30,2026-01-01,SENSEX,85353.35,85385.5,85349.14,85380.34,0
2026-01-01 09:35:00+05:30,2026-01-01,SENSEX,85382.79,85408.92,85360.86,85384.63,0
2026-01-02 09:30:00+05:30,2026-01-02,SENSEX,85392.05,85394.87,85359.01,85368.57,0
2026-01-02 09:31:00+05:30,2026-01-02,SENSEX,85371.2,85389.72,85363.84,85387.28,0
2026-01-02 09:32:00+05:30,2026-01-02,SENSEX,85385.69,85418.57,85378.75,85415.3,0
2026-01-02 09:33:00+05:30,2026-01-02,SENSEX,85414.44,85414.54,85369.05,85381.6,0
2026-01-02 09:34:00+05:30,2026-01-02,SENSEX,85377.73,85387.35,85356.16,85362.77,0
2026-01-02 09:35:00+05:30,2026-01-02,SENSEX,85362.55,85366.5,85347.52,85353.07,0
2026-01-05 09:30:00+05:30,2026-01-05,SENSEX,85631.33,85648.46,85612.07,85625.02,0
2026-01-05 09:31:00+05:30,2026-01-05,SENSEX,85630.68,85630.92,85595.19,85596.42,0
2026-01-05 09:32:00+05:30,2026-01-05,SENSEX,85594.6,85594.6,85575.9,85584.58,0
2026-01-05 09:33:00+05:30,2026-01-05,SENSEX,85586.88,85591.77,85552.59,85561.72,0
2026-01-05 09:34:00+05:30,2026-01-05,SENSEX,85554.58,85566.33,85530.28,85558.67,0
2026-01-05 09:35:00+05:30,2026-01-05,SENSEX,85559.26,85586.56,85544.04,85560.97,0
2026-01-06 09:30:00+05:30,2026-01-06,SENSEX,85075.16,85098.96,85069.06,85084.08,0
2026-01-06 09:31:00+05:30,2026-01-06,SENSEX,85085.81,85110.22,85078.12,85086.49,0
2026-01-06 09:32:00+05:30,2026-01-06,SENSEX,85083.28,85142.74,85083.28,85131.54,0
2026-01-06 09:33:00+05:30,2026-01-06,SENSEX,85136.61,85200.24,85132.59,85196.3,0
2026-01-06 09:34:00+05:30,2026-01-06,SENSEX,85197.36,85240.8,85197.36,85220.03,0
2026-01-06 09:35:00+05:30,2026-01-06,SENSEX,85212.48,85262.83,85212.48,85239.6,0
2026-01-07 09:30:00+05:30,2026-01-07,SENSEX,84891.97,84899.75,84862.13,84899.07,0
2026-01-07 09:31:00+05:30,2026-01-07,SENSEX,84891.66,84920.99,84872.56,84872.56,0
2026-01-07 09:32:00+05:30,2026-01-07,SENSEX,84873.72,84912.42,84865.63,84907.25,0
2026-01-07 09:33:00+05:30,2026-01-07,SENSEX,84905.93,84936.07,84896.63,84912.95,0
2026-01-07 09:34:00+05:30,2026-01-07,SENSEX,84915.29,84941.48,84902.18,84923.26,0
2026-01-07 09:35:00+05:30,2026-01-07,SENSEX,84920.83,84937.29,84898.32,84927.03,0
2026-01-08 09:30:00+05:30,2026-01-08,SENSEX,84730.15,84769.97,84715.83,84743.91,0
2026-01-08 09:31:00+05:30,2026-01-08,SENSEX,84746.99,84779.04,84730.66,84772.95,0
2026-01-08 09:32:00+05:30,2026-01-08,SENSEX,84775.05,84785.59,84721.48,84743.8,0
2026-01-08 09:33:00+05:30,2026-01-08,SENSEX,84748.61,84760.46,84678.85,84697.78,0
2026-01-08 09:34:00+05:30,2026-01-08,SENSEX,84706.32,84758.22,84706.15,84753.69,0
2026-01-08 09:35:00+05:30,2026-01-08,SENSEX,84766.08,84774.82,84728.35,84751.34,0
2026-01-09 09:30:00+05:30,2026-01-09,SENSEX,84078.38,84113.54,84066.26,84113.54,0
2026-01-09 09:31:00+05:30,2026-01-09,SENSEX,84120.32,84180.34,84120.32,84134.01,0
2026-01-09 09:32:00+05:30,2026-01-09,SENSEX,84130.66,84133.26,84097.53,84107.61,0
2026-01-09 09:33:00+05:30,2026-01-09,SENSEX,84106.76,84106.76,84035.19,84039.87,0
2026-01-09 09:34:00+05:30,2026-01-09,SENSEX,84040.84,84070.92,84031.86,84062.87,0
2026-01-09 09:35:00+05:30,2026-01-09,SENSEX,84060.89,84078.39,84054.43,84056.79,0
2026-01-12 09:30:00+05:30,2026-01-12,SENSEX,83067.07,83153.56,83052.9,83153.56,0
2026-01-12 09:31:00+05:30,2026-01-12,SENSEX,83157.28,83202.44,83146.72,83146.72,0
2026-01-12 09:32:00+05:30,2026-01-12,SENSEX,83146.72,83149.81,83125.92,83128.12,0
2026-01-12 09:33:00+05:30,2026-01-12,SENSEX,83127.58,83160.99,83114.59,83160.61,0
2026-01-12 09:34:00+05:30,2026-01-12,SENSEX,83161.73,83189.19,83157.67,83186.9,0
2026-01-12 09:35:00+05:30,2026-01-12,SENSEX,83183.82,83202.68,83162.28,83193.2,0
2026-01-13 09:30:00+05:30,2026-01-13,SENSEX,83783.12,83797.35,83768.5,83790.44,0
2026-01-13 09:31:00+05:30,2026-01-13,SENSEX,83789.71,83823.84,83776.18,83776.18,0
2026-01-13 09:32:00+05:30,2026-01-13,SENSEX,83781.46,83781.46,83720.55,83720.55,0
2026-01-13 09:33:00+05:30,2026-01-13,SENSEX,83713.73,83718.22,83688.41,83700.29,0
2026-01-13 09:34:00+05:30,2026-01-13,SENSEX,83703.71,83727.46,83688.39,83721.06,0
2026-01-13 09:35:00+05:30,2026-01-13,SENSEX,83729.15,83756.99,83715.42,83717.85,0
2026-01-14 09:30:00+05:30,2026-01-14,SENSEX,83651.46,83695.62,83643.83,83679.82,0
2026-01-14 09:31:00+05:30,2026-01-14,SENSEX,83675.33,83685.47,83614.62,83624.69,0
2026-01-14 09:32:00+05:30,2026-01-14,SENSEX,83625.49,83640.45,83608.49,83615.72,0
2026-01-14 09:33:00+05:30,2026-01-14,SENSEX,83613.91,83638.11,83572.18,83585.59,0
2026-01-14 09:34:00+05:30,2026-01-14,SENSEX,83591.22,83648.71,83589.89,83606.9,0
2026-01-14 09:35:00+05:30,2026-01-14,SENSEX,83610.38,83675.97,83607.43,83618.81,0
2026-01-16 09:30:00+05:30,2026-01-16,SENSEX,83668.99,83671.05,83636.76,83643.94,0
2026-01-16 09:31:00+05:30,2026-01-16,SENSEX,83641.7,83641.7,83600.83,83607.17,0
2026-01-16 09:32:00+05:30,2026-01-16,SENSEX,83606.71,83608.68,83557.89,83557.89,0
2026-01-16 09:33:00+05:30,2026-01-16,SENSEX,83559.65,83572.18,83535.42,83571.9,0
2026-01-16 09:34:00+05:30,2026-01-16,SENSEX,83574.78,83600.8,83574.78,83599.59,0
2026-01-16 09:35:00+05:30,2026-01-16,SENSEX,83596.48,83603.85,83561.16,83579.61,0
2026-01-19 09:30:00+05:30,2026-01-19,SENSEX,83162.53,83162.53,83106.45,83110.11,0
2026-01-19 09:31:00+05:30,2026-01-19,SENSEX,83120.41,83120.41,83079.44,83089.85,0
2026-01-19 09:32:00+05:30,2026-01-19,SENSEX,83088.71,83175.11,83087.55,83169.83,0
2026-01-19 09:33:00+05:30,2026-01-19,SENSEX,83166.77,83206.89,83166.27,83192.15,0
2026-01-19 09:34:00+05:30,2026-01-19,SENSEX,83191.1,83250.58,83184.09,83249.81,0
2026-01-19 09:35:00+05:30,2026-01-19,SENSEX,83245.02,83277.71,83221.64,83222.93,0
2026-01-20 09:30:00+05:30,2026-01-20,SENSEX,82945.56,82960.57,82932.14,82959.52,0
2026-01-20 09:31:00+05:30,2026-01-20,SENSEX,82956.35,82990.92,82955.21,82965.99,0
2026-01-20 09:32:00+05:30,2026-01-20,SENSEX,82967.63,82979.57,82952.42,82978.0,0
2026-01-20 09:33:00+05:30,2026-01-20,SENSEX,82985.94,83043.55,82985.94,83006.51,0
2026-01-20 09:34:00+05:30,2026-01-20,SENSEX,83003.54,83008.57,82986.21,82986.21,0
2026-01-20 09:35:00+05:30,2026-01-20,SENSEX,82981.31,82999.7,82953.83,82953.83,0
2026-01-21 09:30:00+05:30,2026-01-21,SENSEX,82010.71,82093.63,82004.43,82093.63,0
2026-01-21 09:31:00+05:30,2026-01-21,SENSEX,82103.41,82109.63,82046.83,82073.95,0
2026-01-21 09:32:00+05:30,2026-01-21,SENSEX,82077.32,82149.33,82075.92,82143.44,0
2026-01-21 09:33:00+05:30,2026-01-21,SENSEX,82142.85,82161.02,82098.46,82103.96,0
2026-01-21 09:34:00+05:30,2026-01-21,SENSEX,82101.95,82173.04,82101.8,82162.79,0
2026-01-21 09:35:00+05:30,2026-01-21,SENSEX,82164.57,82164.57,82123.09,82131.27,0
2026-01-22 09:30:00+05:30,2026-01-22,SENSEX,82615.14,82688.58,82613.38,82682.55,0
2026-01-22 09:31:00+05:30,2026-01-22,SENSEX,82684.96,82704.09,82651.44,82699.37,0
2026-01-22 09:32:00+05:30,2026-01-22,SENSEX,82691.59,82697.64,82652.98,82692.56,0
2026-01-22 09:33:00+05:30,2026-01-22,SENSEX,82694.82,82713.15,82683.14,82693.39,0
2026-01-22 09:34:00+05:30,2026-01-22,SENSEX,82692.21,82728.51,82691.4,82714.64,0
2026-01-22 09:35:00+05:30,2026-01-22,SENSEX,82714.01,82719.88,82694.66,82717.28,0
2026-01-23 09:30:00+05:30,2026-01-23,SENSEX,82452.12,82452.12,82404.22,82404.22,0
2026-01-23 09:31:00+05:30,2026-01-23,SENSEX,82406.68,82412.03,82372.37,82381.53,0
2026-01-23 09:32:00+05:30,2026-01-23,SENSEX,82384.33,82418.43,82384.33,82410.86,0
2026-01-23 09:33:00+05:30,2026-01-23,SENSEX,82411.67,82422.96,82378.37,82378.37,0
2026-01-23 09:34:00+05:30,2026-01-23,SENSEX,82375.89,82384.31,82354.27,82367.24,0
2026-01-23 09:35:00+05:30,2026-01-23,SENSEX,82364.72,82364.72,82302.78,82312.74,0
2026-01-27 09:30:00+05:30,2026-01-27,SENSEX,81150.3,81197.42,81117.19,81120.12,0
2026-01-27 09:31:00+05:30,2026-01-27,SENSEX,81115.97,81182.45,81103.67,81177.18,0
2026-01-27 09:32:00+05:30,2026-01-27,SENSEX,81165.86,81191.8,81142.98,81152.12,0
2026-01-27 09:33:00+05:30,2026-01-27,SENSEX,81157.73,81252.2,81121.05,81252.2,0
2026-01-27 09:34:00+05:30,2026-01-27,SENSEX,81254.23,81302.17,81248.51,81293.73,0
2026-01-27 09:35:00+05:30,2026-01-27,SENSEX,81276.39,81372.59,81258.39,81370.86,0
2026-01-28 09:30:00+05:30,2026-01-28,SENSEX,82419.4,82471.23,82395.38,82402.77,0
2026-01-28 09:31:00+05:30,2026-01-28,SENSEX,82408.2,82427.42,82379.66,82390.39,0
2026-01-28 09:32:00+05:30,2026-01-28,SENSEX,82397.12,82410.49,82349.66,82352.84,0
2026-01-28 09:33:00+05:30,2026-01-28,SENSEX,82351.02,82365.19,82342.46,82359.66,0
2026-01-28 09:34:00+05:30,2026-01-28,SENSEX,82360.34,82362.92,82277.35,82294.96,0
2026-01-28 09:35:00+05:30,2026-01-28,SENSEX,82288.95,82301.71,82253.66,82296.05,0
2026-01-29 09:30:00+05:30,2026-01-29,SENSEX,82048.47,82048.47,81972.61,81981.63,0
2026-01-29 09:31:00+05:30,2026-01-29,SENSEX,81981.06,82073.03,81971.87,82040.35,0
2026-01-29 09:32:00+05:30,2026-01-29,SENSEX,82041.19,82093.09,82036.83,82066.16,0
2026-01-29 09:33:00+05:30,2026-01-29,SENSEX,82067.14,82071.97,82034.43,82035.13,0
2026-01-29 09:34:00+05:30,2026-01-29,SENSEX,82032.48,82055.67,82015.58,82055.67,0
2026-01-29 09:35:00+05:30,2026-01-29,SENSEX,82061.68,82074.46,81995.51,82034.04,0
2026-01-30 09:30:00+05:30,2026-01-30,SENSEX,82061.43,82062.43,81983.66,81996.12,0
2026-01-30 09:31:00+05:30,2026-01-30,SENSEX,81997.12,82070.66,81994.11,82065.57,0
2026-01-30 09:32:00+05:30,2026-01-30,SENSEX,82067.51,82067.51,82025.32,82031.45,0
2026-01-30 09:33:00+05:30,2026-01-30,SENSEX,82035.67,82070.71,82029.9,82070.71,0
2026-01-30 09:34:00+05:30,2026-01-30,SENSEX,82069.43,82083.76,82042.69,82083.76,0
2026-01-30 09:35:00+05:30,2026-01-30,SENSEX,82088.41,82161.38,82088.41,82151.21,0
2026-02-01 09:30:00+05:30,2026-02-01,SENSEX,82345.51,82354.55,82295.03,82303.82,0
2026-02-01 09:31:00+05:30,2026-02-01,SENSEX,82298.71,82315.58,82255.66,82289.82,0
2026-02-01 09:32:00+05:30,2026-02-01,SENSEX,82282.63,82299.91,82247.09,82256.6,0
2026-02-01 09:33:00+05:30,2026-02-01,SENSEX,82256.45,82307.19,82256.45,82279.99,0
2026-02-01 09:34:00+05:30,2026-02-01,SENSEX,82278.25,82304.92,82271.37,82294.39,0
2026-02-01 09:35:00+05:30,2026-02-01,SENSEX,82293.72,82301.91,82276.42,82285.89,0
2026-02-02 09:30:00+05:30,2026-02-02,SENSEX,80902.64,81004.46,80887.12,81004.46,0
2026-02-02 09:31:00+05:30,2026-02-02,SENSEX,80995.48,81104.74,80995.48,81101.95,0
2026-02-02 09:32:00+05:30,2026-02-02,SENSEX,81106.86,81137.83,81095.41,81125.03,0
2026-02-02 09:33:00+05:30,2026-02-02,SENSEX,81115.51,81128.11,81082.05,81105.3,0
2026-02-02 09:34:00+05:30,2026-02-02,SENSEX,81103.46,81117.16,81041.99,81053.32,0
2026-02-02 09:35:00+05:30,2026-02-02,SENSEX,81051.22,81051.22,80985.45,80987.83,0
2026-02-03 09:30:00+05:30,2026-02-03,SENSEX,83972.08,83972.59,83887.19,83908.64,0
2026-02-03 09:31:00+05:30,2026-02-03,SENSEX,83913.72,83968.42,83900.02,83945.27,0
2026-02-03 09:32:00+05:30,2026-02-03,SENSEX,83932.69,83961.16,83899.59,83920.6,0
2026-02-03 09:33:00+05:30,2026-02-03,SENSEX,83923.66,83954.38,83900.93,83920.05,0
2026-02-03 09:34:00+05:30,2026-02-03,SENSEX,83917.08,83942.31,83852.02,83852.16,0
2026-02-03 09:35:00+05:30,2026-02-03,SENSEX,83857.3,83869.56,83821.73,83848.25,0
2026-02-04 09:30:00+05:30,2026-02-04,SENSEX,83737.69,83780.85,83731.71,83773.47,0
2026-02-04 09:31:00+05:30,2026-02-04,SENSEX,83771.9,83847.51,83771.9,83847.51,0
2026-02-04 09:32:00+05:30,2026-02-04,SENSEX,83847.77,83858.3,83824.08,83857.53,0
2026-02-04 09:33:00+05:30,2026-02-04,SENSEX,83860.59,83866.87,83829.36,83829.36,0
2026-02-04 09:34:00+05:30,2026-02-04,SENSEX,83822.51,83831.58,83767.67,83767.67,0
2026-02-04 09:35:00+05:30,2026-02-04,SENSEX,83768.78,83776.1,83744.82,83765.66,0
2026-02-05 09:30:00+05:30,2026-02-05,SENSEX,83560.39,83617.51,83557.9,83584.39,0
2026-02-05 09:31:00+05:30,2026-02-05,SENSEX,83580.39,83636.56,83580.39,83617.08,0
2026-02-05 09:32:00+05:30,2026-02-05,SENSEX,83614.55,83659.89,83611.3,83639.02,0
2026-02-05 09:33:00+05:30,2026-02-05,SENSEX,83638.85,83674.01,83614.82,83618.69,0
2026-02-05 09:34:00+05:30,2026-02-05,SENSEX,83617.54,83635.36,83550.59,83581.05,0
2026-02-05 09:35:00+05:30,2026-02-05,SENSEX,83581.34,83621.43,83570.64,83584.22,0
2026-02-06 09:30:00+05:30,2026-02-06,SENSEX,83140.84,83141.11,83098.75,83101.87,0
2026-02-06 09:31:00+05:30,2026-02-06,SENSEX,83103.14,83104.83,83073.22,83074.62,0
2026-02-06 09:32:00+05:30,2026-02-06,SENSEX,83076.55,83080.54,83055.08,83074.27,0
2026-02-06 09:33:00+05:30,2026-02-06,SENSEX,83080.81,83122.48,83080.81,83093.4,0
2026-02-06 09:34:00+05:30,2026-02-06,SENSEX,83092.18,83101.84,83080.55,83099.56,0
2026-02-06 09:35:00+05:30,2026-02-06,SENSEX,83097.55,83104.95,83066.97,83067.75,0
2026-02-09 09:30:00+05:30,2026-02-09,SENSEX,84005.89,84030.63,83998.9,84026.75,0
2026-02-09 09:31:00+05:30,2026-02-09,SENSEX,84026.45,84038.94,83997.41,83998.75,0
2026-02-09 09:32:00+05:30,2026-02-09,SENSEX,83996.61,84001.17,83970.45,83975.86,0
2026-02-09 09:33:00+05:30,2026-02-09,SENSEX,83972.73,83973.25,83921.77,83921.77,0
2026-02-09 09:34:00+05:30,2026-02-09,SENSEX,83930.09,83930.8,83898.44,83925.75,0
2026-02-09 09:35:00+05:30,2026-02-09,SENSEX,83924.35,83934.57,83912.43,83934.24,0
2026-02-10 09:30:00+05:30,2026-02-10,SENSEX,84250.04,84271.97,84250.04,84253.77,0
2026-02-10 09:31:00+05:30,2026-02-10,SENSEX,84250.75,84262.47,84224.17,84224.17,0
2026-02-10 09:32:00+05:30,2026-02-10,SENSEX,84224.28,84251.96,84224.28,84247.82,0
2026-02-10 09:33:00+05:30,2026-02-10,SENSEX,84251.33,84299.51,84251.33,84299.51,0
2026-02-10 09:34:00+05:30,2026-02-10,SENSEX,84293.07,84334.56,84293.07,84330.59,0
2026-02-10 09:35:00+05:30,2026-02-10,SENSEX,84325.14,84349.43,84324.59,84349.43,0
2026-02-11 09:30:00+05:30,2026-02-11,SENSEX,84344.55,84358.11,84327.84,84336.19,0
2026-02-11 09:31:00+05:30,2026-02-11,SENSEX,84341.08,84341.87,84318.61,84325.9,0
2026-02-11 09:32:00+05:30,2026-02-11,SENSEX,84322.06,84328.91,84293.63,84303.72,0
2026-02-11 09:33:00+05:30,2026-02-11,SENSEX,84304.61,84304.61,84282.25,84282.25,0
2026-02-11 09:34:00+05:30,2026-02-11,SENSEX,84283.12,84305.97,84279.33,84292.39,0
2026-02-11 09:35:00+05:30,2026-02-11,SENSEX,84300.79,84305.84,84279.55,84281.15,0
2026-02-12 09:30:00+05:30,2026-02-12,SENSEX,83831.76,83844.4,83815.77,83825.73,0
2026-02-12 09:31:00+05:30,2026-02-12,SENSEX,83816.13,83849.23,83800.29,83808.77,0
2026-02-12 09:32:00+05:30,2026-02-12,SENSEX,83809.14,83843.43,83796.95,83805.17,0
2026-02-12 09:33:00+05:30,2026-02-12,SENSEX,83803.58,83856.8,83803.58,83856.8,0
2026-02-12 09:34:00+05:30,2026-02-12,SENSEX,83860.73,83862.16,83811.42,83857.32,0
2026-02-12 09:35:00+05:30,2026-02-12,SENSEX,83862.73,83873.59,83830.86,83833.0,0
2026-02-13 09:30:00+05:30,2026-02-13,SENSEX,82985.33,82985.33,82908.98,82921.27,0
2026-02-13 09:31:00+05:30,2026-02-13,SENSEX,82922.99,82951.02,82914.07,82914.07,0
2026-02-13 09:32:00+05:30,2026-02-13,SENSEX,82919.46,82919.46,82882.13,82895.68,0
2026-02-13 09:33:00+05:30,2026-02-13,SENSEX,82897.78,82926.24,82893.27,82905.5,0
2026-02-13 09:34:00+05:30,2026-02-13,SENSEX,82912.25,82912.25,82863.76,82864.68,0
2026-02-13 09:35:00+05:30,2026-02-13,SENSEX,82870.52,82876.04,82847.02,82855.51,0
2026-02-16 09:30:00+05:30,2026-02-16,SENSEX,82608.0,82691.76,82608.0,82691.22,0
2026-02-16 09:31:00+05:30,2026-02-16,SENSEX,82691.45,82725.53,82685.38,82704.62,0
2026-02-16 09:32:00+05:30,2026-02-16,SENSEX,82703.63,82720.37,82697.39,82697.39,0
2026-02-16 09:33:00+05:30,2026-02-16,SENSEX,82704.64,82750.6,82704.32,82749.76,0
2026-02-16 09:34:00+05:30,2026-02-16,SENSEX,82746.23,82784.93,82745.27,82768.59,0
2026-02-16 09:35:00+05:30,2026-02-16,SENSEX,82770.33,82773.75,82743.53,82758.14,0
2026-02-17 09:30:00+05:30,2026-02-17,SENSEX,83052.27,83070.06,83030.71,83070.06,0
2026-02-17 09:31:00+05:30,2026-02-17,SENSEX,83068.31,83068.31,83037.84,83055.37,0
2026-02-17 09:32:00+05:30,2026-02-17,SENSEX,83051.13,83096.46,83028.65,83096.46,0
2026-02-17 09:33:00+05:30,2026-02-17,SENSEX,83089.79,83142.94,83089.79,83140.78,0
2026-02-17 09:34:00+05:30,2026-02-17,SENSEX,83145.23,83145.23,83105.6,83133.86,0
2026-02-17 09:35:00+05:30,2026-02-17,SENSEX,83128.6,83128.6,83098.83,83108.08,0
2026-02-18 09:30:00+05:30,2026-02-18,SENSEX,83427.99,83435.65,83400.17,83421.14,0
2026-02-18 09:31:00+05:30,2026-02-18,SENSEX,83425.93,83426.28,83381.45,83381.45,0
2026-02-18 09:32:00+05:30,2026-02-18,SENSEX,83381.15,83426.26,83378.64,83426.26,0
2026-02-18 09:33:00+05:30,2026-02-18,SENSEX,83428.48,83457.58,83428.48,83441.42,0
2026-02-18 09:34:00+05:30,2026-02-18,SENSEX,83443.54,83460.28,83428.01,83458.67,0
2026-02-18 09:35:00+05:30,2026-02-18,SENSEX,83457.15,83471.86,83418.82,83449.71,0
2026-02-19 09:30:00+05:30,2026-02-19,SENSEX,83696.33,83704.89,83653.68,83662.73,0
2026-02-19 09:31:00+05:30,2026-02-19,SENSEX,83660.11,83711.85,83658.59,83687.32,0
2026-02-19 09:32:00+05:30,2026-02-19,SENSEX,83690.24,83702.92,83641.36,83666.6,0
2026-02-19 09:33:00+05:30,2026-02-19,SENSEX,83663.35,83695.81,83650.6,83651.18,0
2026-02-19 09:34:00+05:30,2026-02-19,SENSEX,83652.39,83685.92,83629.05,83629.05,0
2026-02-19 09:35:00+05:30,2026-02-19,SENSEX,83631.34,83706.82,83631.21,83658.6,0
2026-02-20 09:30:00+05:30,2026-02-20,SENSEX,82227.52,82348.87,82227.52,82348.87,0
2026-02-20 09:31:00+05:30,2026-02-20,SENSEX,82352.25,82368.35,82304.47,82304.47,0
2026-02-20 09:32:00+05:30,2026-02-20,SENSEX,82303.77,82369.5,82300.24,82369.5,0
2026-02-20 09:33:00+05:30,2026-02-20,SENSEX,82371.26,82446.18,82371.26,82446.18,0
2026-02-20 09:34:00+05:30,2026-02-20,SENSEX,82447.06,82494.76,82433.52,82480.71,0
2026-02-20 09:35:00+05:30,2026-02-20,SENSEX,82481.77,82514.29,82477.6,82496.76,0
2026-02-23 09:30:00+05:30,2026-02-23,SENSEX,83442.19,83485.98,83442.19,83477.25,0
2026-02-23 09:31:00+05:30,2026-02-23,SENSEX,83479.5,83479.57,83412.61,83414.67,0
2026-02-23 09:32:00+05:30,2026-02-23,SENSEX,83412.14,83416.27,83377.24,83404.2,0
2026-02-23 09:33:00+05:30,2026-02-23,SENSEX,83402.59,83404.47,83371.84,83390.82,0
2026-02-23 09:34:00+05:30,2026-02-23,SENSEX,83389.61,83391.18,83363.68,83376.09,0
2026-02-23 09:35:00+05:30,2026-02-23,SENSEX,83377.13,83433.16,83374.08,83403.72,0
2026-02-24 09:30:00+05:30,2026-02-24,SENSEX,82707.34,82710.72,82651.5,82651.5,0
2026-02-24 09:31:00+05:30,2026-02-24,SENSEX,82654.31,82683.55,82648.49,82671.14,0
2026-02-24 09:32:00+05:30,2026-02-24,SENSEX,82670.99,82673.56,82631.9,82636.55,0
2026-02-24 09:33:00+05:30,2026-02-24,SENSEX,82635.75,82635.75,82589.43,82606.48,0
2026-02-24 09:34:00+05:30,2026-02-24,SENSEX,82606.75,82610.16,82584.17,82591.34,0
2026-02-24 09:35:00+05:30,2026-02-24,SENSEX,82589.11,82605.92,82578.43,82596.91,0
2026-02-25 09:30:00+05:30,2026-02-25,SENSEX,82763.54,82763.54,82712.74,82741.78,0
2026-02-25 09:31:00+05:30,2026-02-25,SENSEX,82735.12,82740.22,82703.11,82707.48,0
2026-02-25 09:32:00+05:30,2026-02-25,SENSEX,82714.3,82734.54,82681.98,82730.35,0
2026-02-25 09:33:00+05:30,2026-02-25,SENSEX,82733.26,82744.21,82711.51,82721.8,0
2026-02-25 09:34:00+05:30,2026-02-25,SENSEX,82725.6,82748.9,82712.36,82742.03,0
2026-02-25 09:35:00+05:30,2026-02-25,SENSEX,82741.76,82749.87,82725.89,82741.27,0
2026-02-26 09:30:00+05:30,2026-02-26,SENSEX,82300.9,82346.63,82293.84,82340.27,0
2026-02-26 09:31:00+05:30,2026-02-26,SENSEX,82347.61,82347.74,82291.73,82300.44,0
2026-02-26 09:32:00+05:30,2026-02-26,SENSEX,82300.0,82323.69,82295.94,82323.69,0
2026-02-26 09:33:00+05:30,2026-02-26,SENSEX,82323.19,82329.34,82311.35,82328.93,0
2026-02-26 09:34:00+05:30,2026-02-26,SENSEX,82327.34,82360.41,82324.72,82355.71,0
2026-02-26 09:35:00+05:30,2026-02-26,SENSEX,82358.24,82371.64,82349.21,82367.49,0
2026-02-27 09:30:00+05:30,2026-02-27,SENSEX,81871.38,81901.12,81871.38,81897.18,0
2026-02-27 09:31:00+05:30,2026-02-27,SENSEX,81896.32,81901.37,81875.86,81899.44,0
2026-02-27 09:32:00+05:30,2026-02-27,SENSEX,81896.34,81940.84,81895.92,81926.86,0
2026-02-27 09:33:00+05:30,2026-02-27,SENSEX,81926.96,81933.65,81894.99,81894.99,0
2026-02-27 09:34:00+05:30,2026-02-27,SENSEX,81896.41,81911.1,81890.25,81896.5,0
2026-02-27 09:35:00+05:30,2026-02-27,SENSEX,81896.87,81900.04,81871.65,81877.43,0
2026-03-02 09:30:00+05:30,2026-03-02,SENSEX,80327.6,80447.06,80320.63,80447.06,0
2026-03-02 09:31:00+05:30,2026-03-02,SENSEX,80447.35,80471.13,80439.98,80465.98,0
2026-03-02 09:32:00+05:30,2026-03-02,SENSEX,80461.73,80477.89,80415.14,80472.15,0
2026-03-02 09:33:00+05:30,2026-03-02,SENSEX,80471.17,80570.52,80467.85,80570.52,0
2026-03-02 09:34:00+05:30,2026-03-02,SENSEX,80568.03,80602.08,80564.02,80596.33,0
2026-03-02 09:35:00+05:30,2026-03-02,SENSEX,80596.52,80606.23,80568.2,80595.14,0
2026-03-04 09:30:00+05:30,2026-03-04,SENSEX,78572.34,78610.81,78546.29,78586.46,0
2026-03-04 09:31:00+05:30,2026-03-04,SENSEX,78589.17,78609.72,78552.77,78566.49,0
2026-03-04 09:32:00+05:30,2026-03-04,SENSEX,78561.51,78602.69,78545.79,78565.15,0
2026-03-04 09:33:00+05:30,2026-03-04,SENSEX,78566.82,78568.78,78507.47,78517.24,0
2026-03-04 09:34:00+05:30,2026-03-04,SENSEX,78511.94,78569.22,78482.87,78492.09,0
2026-03-04 09:35:00+05:30,2026-03-04,SENSEX,78499.12,78506.66,78471.16,78499.82,0
2026-03-05 09:30:00+05:30,2026-03-05,SENSEX,79349.43,79395.89,79335.98,79373.04,0
2026-03-05 09:31:00+05:30,2026-03-05,SENSEX,79370.54,79370.54,79293.52,79342.01,0
2026-03-05 09:32:00+05:30,2026-03-05,SENSEX,79346.84,79419.94,79339.52,79379.7,0
2026-03-05 09:33:00+05:30,2026-03-05,SENSEX,79373.62,79423.42,79362.79,79367.63,0
2026-03-05 09:34:00+05:30,2026-03-05,SENSEX,79365.59,79400.7,79321.56,79323.2,0
2026-03-05 09:35:00+05:30,2026-03-05,SENSEX,79328.45,79359.68,79295.85,79355.19,0
2026-03-06 09:30:00+05:30,2026-03-06,SENSEX,79713.83,79714.47,79664.49,79669.59,0
2026-03-06 09:31:00+05:30,2026-03-06,SENSEX,79669.06,79672.4,79638.43,79655.01,0
2026-03-06 09:32:00+05:30,2026-03-06,SENSEX,79654.86,79686.38,79652.58,79667.62,0
2026-03-06 09:33:00+05:30,2026-03-06,SENSEX,79665.11,79699.16,79656.47,79683.6,0
2026-03-06 09:34:00+05:30,2026-03-06,SENSEX,79681.54,79682.12,79631.81,79631.81,0
2026-03-06 09:35:00+05:30,2026-03-06,SENSEX,79629.0,79645.88,79607.62,79625.41,0
2026-03-09 09:30:00+05:30,2026-03-09,SENSEX,76566.84,76705.6,76566.84,76698.13,0
2026-03-09 09:31:00+05:30,2026-03-09,SENSEX,76703.23,76780.75,76665.29,76764.94,0
2026-03-09 09:32:00+05:30,2026-03-09,SENSEX,76759.14,76759.14,76652.19,76656.26,0
2026-03-09 09:33:00+05:30,2026-03-09,SENSEX,76650.29,76650.56,76582.09,76645.27,0
2026-03-09 09:34:00+05:30,2026-03-09,SENSEX,76649.82,76703.19,76617.97,76671.78,0
2026-03-09 09:35:00+05:30,2026-03-09,SENSEX,76680.3,76699.93,76643.73,76670.66,0
2026-03-10 09:30:00+05:30,2026-03-10,SENSEX,77998.01,78012.63,77915.07,77927.61,0
2026-03-10 09:31:00+05:30,2026-03-10,SENSEX,77926.48,77944.89,77891.53,77941.58,0
2026-03-10 09:32:00+05:30,2026-03-10,SENSEX,77948.67,78004.99,77944.34,77975.46,0
2026-03-10 09:33:00+05:30,2026-03-10,SENSEX,77970.26,77970.26,77927.4,77928.66,0
2026-03-10 09:34:00+05:30,2026-03-10,SENSEX,77929.51,77929.51,77901.68,77903.52,0
2026-03-10 09:35:00+05:30,2026-03-10,SENSEX,77903.05,77903.05,77868.52,77890.0,0
2026-03-11 09:30:00+05:30,2026-03-11,SENSEX,78082.27,78091.81,78044.71,78051.27,0
2026-03-11 09:31:00+05:30,2026-03-11,SENSEX,78051.4,78096.83,78020.88,78023.22,0
2026-03-11 09:32:00+05:30,2026-03-11,SENSEX,78025.16,78030.52,77981.51,77987.42,0
2026-03-11 09:33:00+05:30,2026-03-11,SENSEX,77986.07,78031.21,77982.53,78024.94,0
2026-03-11 09:34:00+05:30,2026-03-11,SENSEX,78023.36,78060.02,78007.93,78053.57,0
2026-03-11 09:35:00+05:30,2026-03-11,SENSEX,78054.39,78057.74,77989.52,78003.62,0
2026-03-12 09:30:00+05:30,2026-03-12,SENSEX,76044.9,76047.46,76016.38,76039.59,0
2026-03-12 09:31:00+05:30,2026-03-12,SENSEX,76042.3,76110.0,76038.89,76064.35,0
2026-03-12 09:32:00+05:30,2026-03-12,SENSEX,76053.81,76060.99,76026.79,76040.12,0
2026-03-12 09:33:00+05:30,2026-03-12,SENSEX,76034.58,76081.67,76018.57,76025.92,0
2026-03-12 09:34:00+05:30,2026-03-12,SENSEX,76023.29,76033.11,75986.0,76023.99,0
2026-03-12 09:35:00+05:30,2026-03-12,SENSEX,76018.11,76030.04,75954.89,75988.5,0
2026-03-13 09:30:00+05:30,2026-03-13,SENSEX,75502.18,75513.62,75484.06,75512.82,0
2026-03-13 09:31:00+05:30,2026-03-13,SENSEX,75511.57,75576.07,75510.39,75557.05,0
2026-03-13 09:32:00+05:30,2026-03-13,SENSEX,75555.06,75565.49,75481.99,75500.4,0
2026-03-13 09:33:00+05:30,2026-03-13,SENSEX,75502.81,75535.95,75487.36,75487.36,0
2026-03-13 09:34:00+05:30,2026-03-13,SENSEX,75488.91,75494.97,75461.05,75466.7,0
2026-03-13 09:35:00+05:30,2026-03-13,SENSEX,75466.48,75475.9,75445.27,75445.27,0
2026-03-16 09:30:00+05:30,2026-03-16,SENSEX,74587.03,74690.61,74587.03,74676.71,0
2026-03-16 09:31:00+05:30,2026-03-16,SENSEX,74680.41,74741.27,74653.92,74721.58,0
2026-03-16 09:32:00+05:30,2026-03-16,SENSEX,74727.36,74735.34,74679.0,74701.86,0
2026-03-16 09:33:00+05:30,2026-03-16,SENSEX,74701.14,74774.95,74701.14,74737.89,0
2026-03-16 09:34:00+05:30,2026-03-16,SENSEX,74738.93,74800.14,74730.24,74792.75,0
2026-03-16 09:35:00+05:30,2026-03-16,SENSEX,74785.49,74816.46,74774.71,74807.56,0
2026-03-17 09:30:00+05:30,2026-03-17,SENSEX,75402.63,75456.64,75375.58,75380.89,0
2026-03-17 09:31:00+05:30,2026-03-17,SENSEX,75380.48,75401.23,75359.37,75398.22,0
2026-03-17 09:32:00+05:30,2026-03-17,SENSEX,75397.41,75413.44,75364.89,75412.2,0
2026-03-17 09:33:00+05:30,2026-03-17,SENSEX,75410.39,75477.87,75409.14,75473.58,0
2026-03-17 09:34:00+05:30,2026-03-17,SENSEX,75473.1,75498.22,75464.7,75468.66,0
2026-03-17 09:35:00+05:30,2026-03-17,SENSEX,75465.29,75538.03,75452.33,75527.63,0
2026-03-18 09:30:00+05:30,2026-03-18,SENSEX,76466.78,76529.28,76466.78,76521.88,0
2026-03-18 09:31:00+05:30,2026-03-18,SENSEX,76521.92,76536.11,76466.9,76482.53,0
2026-03-18 09:32:00+05:30,2026-03-18,SENSEX,76480.61,76529.08,76480.61,76521.28,0
2026-03-18 09:33:00+05:30,2026-03-18,SENSEX,76513.19,76526.6,76467.21,76473.5,0
2026-03-18 09:34:00+05:30,2026-03-18,SENSEX,76472.63,76521.64,76472.63,76489.86,0
2026-03-18 09:35:00+05:30,2026-03-18,SENSEX,76495.98,76518.24,76478.85,76484.09,0
2026-03-19 09:30:00+05:30,2026-03-19,SENSEX,75164.03,75182.11,75100.93,75161.81,0
2026-03-19 09:31:00+05:30,2026-03-19,SENSEX,75171.02,75184.04,75103.23,75160.61,0
2026-03-19 09:32:00+05:30,2026-03-19,SENSEX,75161.21,75187.0,75121.68,75180.21,0
2026-03-19 09:33:00+05:30,2026-03-19,SENSEX,75166.6,75191.74,75150.24,75162.05,0
2026-03-19 09:34:00+05:30,2026-03-19,SENSEX,75167.05,75167.05,75111.62,75121.7,0
2026-03-19 09:35:00+05:30,2026-03-19,SENSEX,75118.93,75141.9,75088.86,75103.11,0
2026-03-20 09:30:00+05:30,2026-03-20,SENSEX,75102.41,75119.42,75081.76,75083.46,0
2026-03-20 09:31:00+05:30,2026-03-20,SENSEX,75089.71,75112.09,75083.03,75110.75,0
2026-03-20 09:32:00+05:30,2026-03-20,SENSEX,75109.27,75182.17,75101.13,75169.33,0
2026-03-20 09:33:00+05:30,2026-03-20,SENSEX,75172.01,75181.46,75155.57,75166.63,0
2026-03-20 09:34:00+05:30,2026-03-20,SENSEX,75169.85,75194.09,75163.96,75179.56,0
2026-03-20 09:35:00+05:30,2026-03-20,SENSEX,75189.16,75201.51,75135.18,75135.18,0
2026-03-23 09:30:00+05:30,2026-03-23,SENSEX,73231.06,73283.27,73218.19,73270.14,0
2026-03-23 09:31:00+05:30,2026-03-23,SENSEX,73275.08,73275.08,73232.08,73235.39,0
2026-03-23 09:32:00+05:30,2026-03-23,SENSEX,73238.22,73241.6,73217.58,73228.44,0
2026-03-23 09:33:00+05:30,2026-03-23,SENSEX,73227.51,73281.64,73227.51,73276.7,0
2026-03-23 09:34:00+05:30,2026-03-23,SENSEX,73270.74,73274.55,73246.75,73264.03,0
2026-03-23 09:35:00+05:30,2026-03-23,SENSEX,73267.02,73330.48,73254.09,73328.13,0
2026-03-24 09:30:00+05:30,2026-03-24,SENSEX,73733.36,73779.91,73713.34,73767.74,0
2026-03-24 09:31:00+05:30,2026-03-24,SENSEX,73762.22,73783.31,73689.38,73707.72,0
2026-03-24 09:32:00+05:30,2026-03-24,SENSEX,73696.34,73718.68,73662.38,73700.41,0
2026-03-24 09:33:00+05:30,2026-03-24,SENSEX,73702.63,73707.51,73667.69,73700.07,0
2026-03-24 09:34:00+05:30,2026-03-24,SENSEX,73698.09,73698.09,73648.57,73653.97,0
2026-03-24 09:35:00+05:30,2026-03-24,SENSEX,73647.52,73683.62,73642.12,73648.07,0
2026-03-25 09:30:00+05:30,2026-03-25,SENSEX,74983.98,75001.75,74959.27,74993.84,0
2026-03-25 09:31:00+05:30,2026-03-25,SENSEX,74999.93,75014.44,74988.5,74997.34,0
2026-03-25 09:32:00+05:30,2026-03-25,SENSEX,74988.89,75009.25,74966.47,74980.72,0
2026-03-25 09:33:00+05:30,2026-03-25,SENSEX,74970.01,75011.45,74966.81,74989.72,0
2026-03-25 09:34:00+05:30,2026-03-25,SENSEX,74994.03,75042.85,74992.06,75039.19,0
2026-03-25 09:35:00+05:30,2026-03-25,SENSEX,75037.27,75058.05,75032.87,75049.46,0
2026-03-27 09:30:00+05:30,2026-03-27,SENSEX,74428.92,74428.92,74332.78,74337.59,0
2026-03-27 09:31:00+05:30,2026-03-27,SENSEX,74339.18,74390.05,74339.18,74389.53,0
2026-03-27 09:32:00+05:30,2026-03-27,SENSEX,74390.4,74450.23,74390.4,74425.87,0
2026-03-27 09:33:00+05:30,2026-03-27,SENSEX,74422.45,74422.45,74358.14,74358.14,0
2026-03-27 09:34:00+05:30,2026-03-27,SENSEX,74359.23,74363.91,74311.16,74317.67,0
2026-03-27 09:35:00+05:30,2026-03-27,SENSEX,74311.86,74323.37,74295.8,74304.25,0
2026-03-30 09:30:00+05:30,2026-03-30,SENSEX,72724.19,72802.48,72724.19,72734.65,0
2026-03-30 09:31:00+05:30,2026-03-30,SENSEX,72735.17,72851.83,72733.52,72840.72,0
2026-03-30 09:32:00+05:30,2026-03-30,SENSEX,72845.39,72897.54,72845.39,72872.92,0
2026-03-30 09:33:00+05:30,2026-03-30,SENSEX,72875.0,72904.04,72864.53,72887.87,0
2026-03-30 09:34:00+05:30,2026-03-30,SENSEX,72889.6,73072.94,72889.6,73067.72,0
2026-03-30 09:35:00+05:30,2026-03-30,SENSEX,73065.8,73065.8,72995.95,73017.47,0
2026-04-01 09:30:00+05:30,2026-04-01,SENSEX,73880.27,73912.3,73823.37,73836.93,0
2026-04-01 09:31:00+05:30,2026-04-01,SENSEX,73837.4,73837.79,73765.25,73765.25,0
2026-04-01 09:32:00+05:30,2026-04-01,SENSEX,73763.59,73764.51,73620.9,73641.32,0
2026-04-01 09:33:00+05:30,2026-04-01,SENSEX,73640.73,73681.52,73640.73,73671.81,0
2026-04-01 09:34:00+05:30,2026-04-01,SENSEX,73672.1,73672.1,73630.91,73636.05,0
2026-04-01 09:35:00+05:30,2026-04-01,SENSEX,73635.06,73638.08,73564.25,73591.61,0
2026-04-02 09:30:00+05:30,2026-04-02,SENSEX,71730.77,71785.36,71722.46,71773.95,0
2026-04-02 09:31:00+05:30,2026-04-02,SENSEX,71776.77,71823.37,71767.0,71777.1,0
2026-04-02 09:32:00+05:30,2026-04-02,SENSEX,71768.32,71796.74,71759.37,71769.24,0
2026-04-02 09:33:00+05:30,2026-04-02,SENSEX,71767.78,71771.15,71732.16,71745.23,0
2026-04-02 09:34:00+05:30,2026-04-02,SENSEX,71750.34,71782.11,71737.67,71777.71,0
2026-04-02 09:35:00+05:30,2026-04-02,SENSEX,71783.54,71784.44,71758.95,71782.86,0
2026-04-06 09:30:00+05:30,2026-04-06,SENSEX,72924.3,72958.5,72902.54,72939.81,0
2026-04-06 09:31:00+05:30,2026-04-06,SENSEX,72952.95,73058.72,72949.11,73035.71,0
2026-04-06 09:32:00+05:30,2026-04-06,SENSEX,73034.68,73053.92,73009.86,73028.74,0
2026-04-06 09:33:00+05:30,2026-04-06,SENSEX,73025.41,73149.59,73015.17,73147.32,0
2026-04-06 09:34:00+05:30,2026-04-06,SENSEX,73139.33,73161.43,73139.33,73154.12,0
2026-04-06 09:35:00+05:30,2026-04-06,SENSEX,73153.15,73224.41,73141.73,73224.41,0
2026-04-07 09:30:00+05:30,2026-04-07,SENSEX,73834.39,73868.84,73833.66,73852.1,0
2026-04-07 09:31:00+05:30,2026-04-07,SENSEX,73850.54,73853.22,73803.51,73811.31,0
2026-04-07 09:32:00+05:30,2026-04-07,SENSEX,73809.72,73814.09,73774.02,73810.36,0
2026-04-07 09:33:00+05:30,2026-04-07,SENSEX,73808.64,73808.64,73779.54,73797.74,0
2026-04-07 09:34:00+05:30,2026-04-07,SENSEX,73789.82,73790.72,73738.99,73738.99,0
2026-04-07 09:35:00+05:30,2026-04-07,SENSEX,73739.19,73742.41,73683.41,73684.03,0
2026-04-08 09:30:00+05:30,2026-04-08,SENSEX,77192.6,77272.05,77190.89,77262.6,0
2026-04-08 09:31:00+05:30,2026-04-08,SENSEX,77260.55,77293.27,77255.26,77264.0,0
2026-04-08 09:32:00+05:30,2026-04-08,SENSEX,77268.7,77280.79,77241.73,77249.4,0
2026-04-08 09:33:00+05:30,2026-04-08,SENSEX,77246.28,77252.6,77188.06,77199.67,0
2026-04-08 09:34:00+05:30,2026-04-08,SENSEX,77199.69,77229.52,77190.96,77200.01,0
2026-04-08 09:35:00+05:30,2026-04-08,SENSEX,77196.83,77248.3,77196.83,77235.41,0
2026-04-09 09:30:00+05:30,2026-04-09,SENSEX,77398.95,77421.55,77304.04,77304.04,0
2026-04-09 09:31:00+05:30,2026-04-09,SENSEX,77304.25,77304.25,77232.29,77232.29,0
2026-04-09 09:32:00+05:30,2026-04-09,SENSEX,77230.5,77279.83,77165.41,77165.41,0
2026-04-09 09:33:00+05:30,2026-04-09,SENSEX,77167.34,77169.64,77138.68,77157.53,0
2026-04-09 09:34:00+05:30,2026-04-09,SENSEX,77156.74,77161.45,77071.93,77071.93,0
2026-04-09 09:35:00+05:30,2026-04-09,SENSEX,77083.99,77200.28,77077.53,77166.92,0
2026-04-10 09:30:00+05:30,2026-04-10,SENSEX,77143.39,77167.43,77141.56,77154.97,0
2026-04-10 09:31:00+05:30,2026-04-10,SENSEX,77155.39,77178.03,77124.02,77125.13,0
2026-04-10 09:32:00+05:30,2026-04-10,SENSEX,77127.23,77169.04,77113.56,77169.04,0
2026-04-10 09:33:00+05:30,2026-04-10,SENSEX,77168.19,77205.69,77162.18,77199.79,0
2026-04-10 09:34:00+05:30,2026-04-10,SENSEX,77198.26,77207.8,77161.78,77162.09,0
2026-04-10 09:35:00+05:30,2026-04-10,SENSEX,77162.1,77166.4,77104.3,77115.68,0
2026-04-13 09:30:00+05:30,2026-04-13,SENSEX,76065.95,76065.95,76013.47,76013.47,0
2026-04-13 09:31:00+05:30,2026-04-13,SENSEX,76017.94,76031.55,75990.95,76021.76,0
2026-04-13 09:32:00+05:30,2026-04-13,SENSEX,76016.41,76083.09,76006.33,76082.27,0
2026-04-13 09:33:00+05:30,2026-04-13,SENSEX,76082.38,76105.85,76070.93,76091.36,0
2026-04-13 09:34:00+05:30,2026-04-13,SENSEX,76096.01,76102.25,76086.12,76092.79,0
2026-04-13 09:35:00+05:30,2026-04-13,SENSEX,76090.11,76090.11,76032.02,76033.84,0
2026-04-15 09:30:00+05:30,2026-04-15,SENSEX,78016.49,78016.49,77951.99,77958.88,0
2026-04-15 09:31:00+05:30,2026-04-15,SENSEX,77960.92,77972.94,77939.86,77951.45,0
2026-04-15 09:32:00+05:30,2026-04-15,SENSEX,77956.54,77989.39,77937.34,77981.49,0
2026-04-15 09:33:00+05:30,2026-04-15,SENSEX,77987.55,77998.1,77948.57,77956.33,0
2026-04-15 09:34:00+05:30,2026-04-15,SENSEX,77957.64,77965.42,77915.94,77920.5,0
2026-04-15 09:35:00+05:30,2026-04-15,SENSEX,77921.31,77940.65,77897.8,77897.8,0
2026-04-16 09:30:00+05:30,2026-04-16,SENSEX,78679.25,78707.43,78679.1,78697.32,0
2026-04-16 09:31:00+05:30,2026-04-16,SENSEX,78681.93,78694.54,78617.27,78617.27,0
2026-04-16 09:32:00+05:30,2026-04-16,SENSEX,78619.84,78620.14,78573.44,78579.85,0
2026-04-16 09:33:00+05:30,2026-04-16,SENSEX,78582.18,78593.96,78551.47,78572.32,0
2026-04-16 09:34:00+05:30,2026-04-16,SENSEX,78573.78,78573.78,78543.1,78569.4,0
2026-04-16 09:35:00+05:30,2026-04-16,SENSEX,78579.22,78583.04,78549.58,78572.91,0
2026-04-17 09:30:00+05:30,2026-04-17,SENSEX,78160.11,78166.76,78082.41,78084.96,0
2026-04-17 09:31:00+05:30,2026-04-17,SENSEX,78086.49,78092.94,78069.73,78073.12,0
2026-04-17 09:32:00+05:30,2026-04-17,SENSEX,78073.17,78107.49,78073.17,78086.02,0
2026-04-17 09:33:00+05:30,2026-04-17,SENSEX,78083.82,78091.3,78051.48,78058.03,0
2026-04-17 09:34:00+05:30,2026-04-17,SENSEX,78059.2,78059.57,78020.84,78035.64,0
2026-04-17 09:35:00+05:30,2026-04-17,SENSEX,78031.57,78031.57,77983.75,77988.75,0
2026-04-20 09:30:00+05:30,2026-04-20,SENSEX,78650.42,78672.59,78623.92,78627.16,0
2026-04-20 09:31:00+05:30,2026-04-20,SENSEX,78621.72,78621.72,78587.35,78606.55,0
2026-04-20 09:32:00+05:30,2026-04-20,SENSEX,78602.23,78602.23,78505.66,78521.76,0
2026-04-20 09:33:00+05:30,2026-04-20,SENSEX,78522.45,78617.53,78518.26,78612.76,0
2026-04-20 09:34:00+05:30,2026-04-20,SENSEX,78615.38,78621.26,78555.57,78580.99,0
2026-04-20 09:35:00+05:30,2026-04-20,SENSEX,78579.25,78618.71,78570.18,78606.45,0
2026-04-21 09:30:00+05:30,2026-04-21,SENSEX,78846.44,78856.76,78829.19,78832.45,0
2026-04-21 09:31:00+05:30,2026-04-21,SENSEX,78833.01,78850.5,78825.61,78850.5,0
2026-04-21 09:32:00+05:30,2026-04-21,SENSEX,78850.01,78871.01,78849.92,78870.02,0
2026-04-21 09:33:00+05:30,2026-04-21,SENSEX,78871.45,78884.19,78860.56,78873.77,0
2026-04-21 09:34:00+05:30,2026-04-21,SENSEX,78873.35,78874.06,78850.83,78873.16,0
2026-04-21 09:35:00+05:30,2026-04-21,SENSEX,78873.32,78906.03,78870.83,78903.46,0
2026-04-22 09:30:00+05:30,2026-04-22,SENSEX,78738.48,78738.48,78700.63,78733.92,0
2026-04-22 09:31:00+05:30,2026-04-22,SENSEX,78738.24,78756.73,78736.78,78756.67,0
2026-04-22 09:32:00+05:30,2026-04-22,SENSEX,78756.67,78770.38,78752.02,78770.13,0
2026-04-22 09:33:00+05:30,2026-04-22,SENSEX,78774.2,78810.78,78767.3,78769.63,0
2026-04-22 09:34:00+05:30,2026-04-22,SENSEX,78769.48,78772.55,78727.41,78757.47,0
2026-04-22 09:35:00+05:30,2026-04-22,SENSEX,78761.82,78790.74,78756.56,78756.56,0
2026-04-23 09:30:00+05:30,2026-04-23,SENSEX,77952.56,77966.31,77907.48,77961.08,0
2026-04-23 09:31:00+05:30,2026-04-23,SENSEX,77969.32,78020.19,77960.33,77974.77,0
2026-04-23 09:32:00+05:30,2026-04-23,SENSEX,77975.36,77977.39,77918.0,77941.68,0
2026-04-23 09:33:00+05:30,2026-04-23,SENSEX,77942.16,77943.88,77868.26,77868.26,0
2026-04-23 09:34:00+05:30,2026-04-23,SENSEX,77864.78,77902.7,77851.0,77889.14,0
2026-04-23 09:35:00+05:30,2026-04-23,SENSEX,77885.64,77895.57,77867.74,77872.64,0
2026-04-24 09:30:00+05:30,2026-04-24,SENSEX,77189.94,77189.94,77125.61,77172.87,0
2026-04-24 09:31:00+05:30,2026-04-24,SENSEX,77175.79,77188.71,77158.05,77158.05,0
2026-04-24 09:32:00+05:30,2026-04-24,SENSEX,77156.66,77156.66,77108.33,77111.0,0
2026-04-24 09:33:00+05:30,2026-04-24,SENSEX,77111.55,77116.98,77102.66,77103.81,0
2026-04-24 09:34:00+05:30,2026-04-24,SENSEX,77112.22,77119.77,77049.28,77063.5,0
2026-04-24 09:35:00+05:30,2026-04-24,SENSEX,77065.04,77098.36,77055.78,77093.17,0
2026-04-27 09:30:00+05:30,2026-04-27,SENSEX,77112.05,77162.75,77107.46,77107.46,0
2026-04-27 09:31:00+05:30,2026-04-27,SENSEX,77113.23,77140.66,77107.94,77134.05,0
2026-04-27 09:32:00+05:30,2026-04-27,SENSEX,77132.87,77143.58,77073.05,77086.34,0
2026-04-27 09:33:00+05:30,2026-04-27,SENSEX,77085.97,77085.97,77035.37,77048.33,0
2026-04-27 09:34:00+05:30,2026-04-27,SENSEX,77054.17,77076.46,77006.52,77024.25,0
2026-04-27 09:35:00+05:30,2026-04-27,SENSEX,77024.31,77069.88,77017.21,77053.91,0
2026-04-28 09:30:00+05:30,2026-04-28,SENSEX,77309.22,77312.41,77278.2,77281.49,0
2026-04-28 09:31:00+05:30,2026-04-28,SENSEX,77285.26,77285.59,77260.12,77265.41,0
2026-04-28 09:32:00+05:30,2026-04-28,SENSEX,77259.5,77267.0,77247.18,77259.12,0
2026-04-28 09:33:00+05:30,2026-04-28,SENSEX,77260.42,77280.7,77236.99,77278.2,0
2026-04-28 09:34:00+05:30,2026-04-28,SENSEX,77280.18,77292.89,77264.13,77270.17,0
2026-04-28 09:35:00+05:30,2026-04-28,SENSEX,77269.4,77269.4,77218.45,77228.91,0
2026-04-29 09:30:00+05:30,2026-04-29,SENSEX,77274.07,77303.57,77272.17,77303.14,0
2026-04-29 09:31:00+05:30,2026-04-29,SENSEX,77306.51,77322.29,77301.87,77321.38,0
2026-04-29 09:32:00+05:30,2026-04-29,SENSEX,77325.55,77333.3,77314.53,77324.39,0
2026-04-29 09:33:00+05:30,2026-04-29,SENSEX,77320.63,77325.08,77261.22,77262.43,0
2026-04-29 09:34:00+05:30,2026-04-29,SENSEX,77258.94,77258.94,77199.28,77209.63,0
2026-04-29 09:35:00+05:30,2026-04-29,SENSEX,77211.35,77240.78,77207.73,77223.44,0
2026-04-30 09:30:00+05:30,2026-04-30,SENSEX,76540.4,76540.4,76504.32,76517.11,0
2026-04-30 09:31:00+05:30,2026-04-30,SENSEX,76521.94,76564.86,76521.94,76562.97,0
2026-04-30 09:32:00+05:30,2026-04-30,SENSEX,76570.09,76650.81,76569.44,76645.73,0
2026-04-30 09:33:00+05:30,2026-04-30,SENSEX,76642.14,76646.73,76602.62,76645.04,0
2026-04-30 09:34:00+05:30,2026-04-30,SENSEX,76640.71,76676.03,76629.18,76676.03,0
2026-04-30 09:35:00+05:30,2026-04-30,SENSEX,76678.04,76688.22,76659.87,76663.43,0
2026-05-04 09:30:00+05:30,2026-05-04,SENSEX,77644.2,77721.24,77644.2,77711.86,0
2026-05-04 09:31:00+05:30,2026-05-04,SENSEX,77709.69,77725.98,77657.46,77657.46,0
2026-05-04 09:32:00+05:30,2026-05-04,SENSEX,77656.53,77671.17,77587.95,77587.95,0
2026-05-04 09:33:00+05:30,2026-05-04,SENSEX,77579.74,77596.6,77549.54,77589.36,0
2026-05-04 09:34:00+05:30,2026-05-04,SENSEX,77592.94,77693.24,77592.94,77693.24,0
2026-05-04 09:35:00+05:30,2026-05-04,SENSEX,77692.28,77742.84,77691.56,77735.76,0
2026-05-05 09:30:00+05:30,2026-05-05,SENSEX,76890.69,76965.14,76878.57,76965.14,0
2026-05-05 09:31:00+05:30,2026-05-05,SENSEX,76961.77,77013.89,76961.77,77006.7,0
2026-05-05 09:32:00+05:30,2026-05-05,SENSEX,77009.34,77053.86,77001.02,77018.04,0
2026-05-05 09:33:00+05:30,2026-05-05,SENSEX,77020.85,77049.47,77018.14,77027.8,0
2026-05-05 09:34:00+05:30,2026-05-05,SENSEX,77028.8,77062.99,77028.8,77059.93,0
2026-05-05 09:35:00+05:30,2026-05-05,SENSEX,77059.17,77091.18,77051.34,77084.53,0
2026-05-06 09:30:00+05:30,2026-05-06,SENSEX,77429.18,77466.19,77421.61,77439.75,0
2026-05-06 09:31:00+05:30,2026-05-06,SENSEX,77440.94,77469.76,77412.85,77412.85,0
2026-05-06 09:32:00+05:30,2026-05-06,SENSEX,77413.67,77454.23,77413.61,77446.91,0
2026-05-06 09:33:00+05:30,2026-05-06,SENSEX,77443.47,77448.51,77417.26,77417.26,0
2026-05-06 09:34:00+05:30,2026-05-06,SENSEX,77412.8,77414.6,77388.72,77396.19,0
2026-05-06 09:35:00+05:30,2026-05-06,SENSEX,77392.73,77411.22,77379.08,77379.61,0
2026-05-07 09:30:00+05:30,2026-05-07,SENSEX,77896.34,77896.34,77839.49,77886.34,0
2026-05-07 09:31:00+05:30,2026-05-07,SENSEX,77885.61,77993.81,77881.12,77989.72,0
2026-05-07 09:32:00+05:30,2026-05-07,SENSEX,77982.88,78000.87,77958.67,77991.08,0
2026-05-07 09:33:00+05:30,2026-05-07,SENSEX,77987.24,78018.73,77964.08,77964.08,0
2026-05-07 09:34:00+05:30,2026-05-07,SENSEX,77968.59,78002.03,77966.12,77994.4,0
2026-05-07 09:35:00+05:30,2026-05-07,SENSEX,77997.21,78039.36,77984.72,78020.74,0
2026-05-08 09:30:00+05:30,2026-05-08,SENSEX,77566.08,77568.84,77508.47,77525.32,0
2026-05-08 09:31:00+05:30,2026-05-08,SENSEX,77524.57,77536.01,77507.86,77508.78,0
2026-05-08 09:32:00+05:30,2026-05-08,SENSEX,77509.98,77512.61,77466.81,77468.48,0
2026-05-08 09:33:00+05:30,2026-05-08,SENSEX,77468.95,77483.98,77430.13,77432.79,0
2026-05-08 09:34:00+05:30,2026-05-08,SENSEX,77429.0,77439.77,77379.86,77439.77,0
2026-05-08 09:35:00+05:30,2026-05-08,SENSEX,77441.27,77445.53,77401.17,77409.61,0
2026-05-11 09:30:00+05:30,2026-05-11,SENSEX,76528.9,76543.17,76512.65,76531.52,0
2026-05-11 09:31:00+05:30,2026-05-11,SENSEX,76526.07,76557.45,76518.67,76551.04,0
2026-05-11 09:32:00+05:30,2026-05-11,SENSEX,76552.18,76552.18,76510.82,76516.51,0
2026-05-11 09:33:00+05:30,2026-05-11,SENSEX,76512.01,76512.01,76419.97,76419.97,0
2026-05-11 09:34:00+05:30,2026-05-11,SENSEX,76420.17,76466.53,76414.14,76458.78,0
2026-05-11 09:35:00+05:30,2026-05-11,SENSEX,76460.42,76460.42,76408.88,76417.86,0
2026-05-12 09:30:00+05:30,2026-05-12,SENSEX,75344.72,75344.72,75311.13,75326.13,0
2026-05-12 09:31:00+05:30,2026-05-12,SENSEX,75328.66,75357.46,75321.42,75325.69,0
2026-05-12 09:32:00+05:30,2026-05-12,SENSEX,75322.83,75339.58,75300.72,75303.69,0
2026-05-12 09:33:00+05:30,2026-05-12,SENSEX,75299.6,75300.88,75276.65,75294.14,0
2026-05-12 09:34:00+05:30,2026-05-12,SENSEX,75297.36,75318.68,75284.22,75314.66,0
2026-05-12 09:35:00+05:30,2026-05-12,SENSEX,75315.9,75329.38,75302.01,75325.97,0
2026-05-13 09:30:00+05:30,2026-05-13,SENSEX,74471.91,74535.78,74471.91,74522.05,0
2026-05-13 09:31:00+05:30,2026-05-13,SENSEX,74517.4,74522.52,74422.86,74444.66,0
2026-05-13 09:32:00+05:30,2026-05-13,SENSEX,74439.79,74450.23,74427.13,74433.99,0
2026-05-13 09:33:00+05:30,2026-05-13,SENSEX,74421.79,74445.19,74411.92,74434.46,0
2026-05-13 09:34:00+05:30,2026-05-13,SENSEX,74435.08,74442.99,74382.09,74382.09,0
2026-05-13 09:35:00+05:30,2026-05-13,SENSEX,74382.61,74388.04,74312.59,74312.59,0
2026-05-14 09:30:00+05:30,2026-05-14,SENSEX,75057.35,75075.26,75019.16,75022.69,0
2026-05-14 09:31:00+05:30,2026-05-14,SENSEX,75030.9,75077.51,75025.47,75067.52,0
2026-05-14 09:32:00+05:30,2026-05-14,SENSEX,75061.84,75069.43,75041.6,75047.03,0
2026-05-14 09:33:00+05:30,2026-05-14,SENSEX,75048.06,75060.71,75022.98,75026.2,0
2026-05-14 09:34:00+05:30,2026-05-14,SENSEX,75028.09,75039.3,74999.59,75003.3,0
2026-05-14 09:35:00+05:30,2026-05-14,SENSEX,75002.28,75015.65,74984.73,75000.86,0
2026-05-15 09:30:00+05:30,2026-05-15,SENSEX,75716.15,75717.35,75616.91,75616.91,0
2026-05-15 09:31:00+05:30,2026-05-15,SENSEX,75616.51,75696.59,75607.04,75696.59,0
2026-05-15 09:32:00+05:30,2026-05-15,SENSEX,75695.99,75703.93,75654.36,75684.5,0
2026-05-15 09:33:00+05:30,2026-05-15,SENSEX,75680.48,75714.86,75676.41,75695.6,0
2026-05-15 09:34:00+05:30,2026-05-15,SENSEX,75699.18,75699.18,75615.55,75617.59,0
2026-05-15 09:35:00+05:30,2026-05-15,SENSEX,75610.2,75636.59,75593.94,75621.8,0
2026-05-18 09:30:00+05:30,2026-05-18,SENSEX,74372.65,74400.53,74372.65,74382.12,0
2026-05-18 09:31:00+05:30,2026-05-18,SENSEX,74380.62,74380.62,74341.46,74344.14,0
2026-05-18 09:32:00+05:30,2026-05-18,SENSEX,74337.45,74378.47,74329.53,74378.47,0
2026-05-18 09:33:00+05:30,2026-05-18,SENSEX,74379.98,74437.06,74378.85,74418.26,0
2026-05-18 09:34:00+05:30,2026-05-18,SENSEX,74414.11,74422.01,74389.56,74419.22,0
2026-05-18 09:35:00+05:30,2026-05-18,SENSEX,74416.69,74436.97,74397.3,74397.3,0
2026-05-19 09:30:00+05:30,2026-05-19,SENSEX,75700.05,75741.84,75699.1,75699.1,0
2026-05-19 09:31:00+05:30,2026-05-19,SENSEX,75695.58,75698.29,75630.07,75659.85,0
2026-05-19 09:32:00+05:30,2026-05-19,SENSEX,75666.71,75666.71,75617.08,75617.08,0
2026-05-19 09:33:00+05:30,2026-05-19,SENSEX,75616.41,75616.41,75548.85,75551.83,0
2026-05-19 09:34:00+05:30,2026-05-19,SENSEX,75550.02,75550.27,75484.8,75486.42,0
2026-05-19 09:35:00+05:30,2026-05-19,SENSEX,75486.92,75488.0,75418.0,75434.3,0
2026-05-20 09:30:00+05:30,2026-05-20,SENSEX,74740.09,74777.08,74709.57,74777.08,0
2026-05-20 09:31:00+05:30,2026-05-20,SENSEX,74776.66,74796.79,74772.78,74790.84,0
2026-05-20 09:32:00+05:30,2026-05-20,SENSEX,74788.98,74867.64,74788.98,74864.49,0
2026-05-20 09:33:00+05:30,2026-05-20,SENSEX,74861.94,74863.76,74827.15,74840.75,0
2026-05-20 09:34:00+05:30,2026-05-20,SENSEX,74839.14,74903.35,74832.49,74891.87,0
2026-05-20 09:35:00+05:30,2026-05-20,SENSEX,74885.15,74887.89,74846.09,74850.67,0
2026-05-21 09:30:00+05:30,2026-05-21,SENSEX,75566.84,75614.78,75566.84,75614.78,0
2026-05-21 09:31:00+05:30,2026-05-21,SENSEX,75611.68,75611.68,75581.11,75589.36,0
2026-05-21 09:32:00+05:30,2026-05-21,SENSEX,75591.55,75594.13,75532.46,75532.77,0
2026-05-21 09:33:00+05:30,2026-05-21,SENSEX,75528.62,75529.97,75504.15,75505.94,0
2026-05-21 09:34:00+05:30,2026-05-21,SENSEX,75505.24,75505.24,75476.06,75489.19,0
2026-05-21 09:35:00+05:30,2026-05-21,SENSEX,75489.37,75510.11,75477.02,75490.19,0
2026-05-22 09:30:00+05:30,2026-05-22,SENSEX,75498.01,75552.29,75498.01,75546.11,0
2026-05-22 09:31:00+05:30,2026-05-22,SENSEX,75550.69,75556.12,75539.98,75551.17,0
2026-05-22 09:32:00+05:30,2026-05-22,SENSEX,75551.99,75556.78,75525.7,75525.7,0
2026-05-22 09:33:00+05:30,2026-05-22,SENSEX,75525.78,75528.42,75508.51,75523.07,0
2026-05-22 09:34:00+05:30,2026-05-22,SENSEX,75527.15,75599.36,75527.15,75590.24,0
2026-05-22 09:35:00+05:30,2026-05-22,SENSEX,75591.77,75641.85,75590.67,75624.47,0
2026-05-25 09:30:00+05:30,2026-05-25,SENSEX,76292.81,76304.45,76255.45,76255.45,0
2026-05-25 09:31:00+05:30,2026-05-25,SENSEX,76259.78,76270.59,76227.37,76228.74,0
2026-05-25 09:32:00+05:30,2026-05-25,SENSEX,76224.57,76240.63,76206.48,76220.19,0
2026-05-25 09:33:00+05:30,2026-05-25,SENSEX,76218.89,76250.89,76206.5,76248.09,0
2026-05-25 09:34:00+05:30,2026-05-25,SENSEX,76248.18,76249.06,76208.11,76231.81,0
2026-05-25 09:35:00+05:30,2026-05-25,SENSEX,76231.65,76231.65,76199.33,76211.09,0
2026-05-26 09:30:00+05:30,2026-05-26,SENSEX,76477.76,76487.25,76463.38,76464.95,0
2026-05-26 09:31:00+05:30,2026-05-26,SENSEX,76466.28,76492.74,76466.28,76481.97,0
2026-05-26 09:32:00+05:30,2026-05-26,SENSEX,76481.33,76500.8,76473.89,76490.97,0
2026-05-26 09:33:00+05:30,2026-05-26,SENSEX,76487.7,76502.71,76478.98,76498.03,0
2026-05-26 09:34:00+05:30,2026-05-26,SENSEX,76496.81,76501.78,76474.35,76474.35,0
2026-05-26 09:35:00+05:30,2026-05-26,SENSEX,76482.16,76482.16,76440.26,76443.98,0
2026-05-27 09:30:00+05:30,2026-05-27,SENSEX,75917.59,75927.33,75880.64,75892.36,0
2026-05-27 09:31:00+05:30,2026-05-27,SENSEX,75888.03,75920.38,75870.15,75870.15,0
2026-05-27 09:32:00+05:30,2026-05-27,SENSEX,75865.2,75875.1,75812.64,75819.79,0
2026-05-27 09:33:00+05:30,2026-05-27,SENSEX,75813.49,75869.58,75800.02,75816.75,0
2026-05-27 09:34:00+05:30,2026-05-27,SENSEX,75818.55,75885.0,75818.55,75865.9,0
2026-05-27 09:35:00+05:30,2026-05-27,SENSEX,75867.36,75889.29,75861.89,75884.56,0
2026-05-29 09:30:00+05:30,2026-05-29,SENSEX,75858.68,75893.26,75846.75,75872.93,0
2026-05-29 09:31:00+05:30,2026-05-29,SENSEX,75873.3,75935.92,75866.69,75899.36,0
2026-05-29 09:32:00+05:30,2026-05-29,SENSEX,75897.82,75919.17,75869.57,75871.01,0
2026-05-29 09:33:00+05:30,2026-05-29,SENSEX,75873.79,75889.36,75850.43,75889.36,0
2026-05-29 09:34:00+05:30,2026-05-29,SENSEX,75891.49,75905.77,75869.14,75881.03,0
2026-05-29 09:35:00+05:30,2026-05-29,SENSEX,75878.33,75942.05,75877.24,75941.5,0
2026-06-01 09:30:00+05:30,2026-06-01,SENSEX,74960.47,75008.08,74959.69,75008.08,0
2026-06-01 09:31:00+05:30,2026-06-01,SENSEX,75012.62,75040.62,75007.17,75008.68,0
2026-06-01 09:32:00+05:30,2026-06-01,SENSEX,75006.33,75038.95,74997.34,75032.14,0
2026-06-01 09:33:00+05:30,2026-06-01,SENSEX,75034.58,75046.46,75018.68,75026.15,0
2026-06-01 09:34:00+05:30,2026-06-01,SENSEX,75023.54,75042.96,75023.06,75027.04,0
2026-06-01 09:35:00+05:30,2026-06-01,SENSEX,75029.16,75030.86,74953.38,74953.38,0
2026-06-02 09:30:00+05:30,2026-06-02,SENSEX,73979.78,73983.32,73933.85,73974.74,0
2026-06-02 09:31:00+05:30,2026-06-02,SENSEX,73970.71,73990.3,73946.92,73989.74,0
2026-06-02 09:32:00+05:30,2026-06-02,SENSEX,73985.62,73997.79,73958.75,73966.99,0
2026-06-02 09:33:00+05:30,2026-06-02,SENSEX,73965.23,73965.23,73920.94,73933.92,0
2026-06-02 09:34:00+05:30,2026-06-02,SENSEX,73934.29,73985.02,73934.29,73977.01,0
2026-06-02 09:35:00+05:30,2026-06-02,SENSEX,73978.23,74038.42,73978.23,74025.34,0
2026-06-03 09:30:00+05:30,2026-06-03,SENSEX,73911.3,73911.3,73842.14,73859.81,0
2026-06-03 09:31:00+05:30,2026-06-03,SENSEX,73854.65,73939.21,73854.65,73932.03,0
2026-06-03 09:32:00+05:30,2026-06-03,SENSEX,73927.47,73931.47,73821.77,73823.11,0
2026-06-03 09:33:00+05:30,2026-06-03,SENSEX,73826.01,73870.59,73820.34,73843.39,0
2026-06-03 09:34:00+05:30,2026-06-03,SENSEX,73846.77,73857.15,73780.07,73780.07,0
2026-06-03 09:35:00+05:30,2026-06-03,SENSEX,73776.12,73806.82,73760.47,73801.72,0
2026-06-04 09:30:00+05:30,2026-06-04,SENSEX,74119.63,74121.93,74074.02,74090.05,0
2026-06-04 09:31:00+05:30,2026-06-04,SENSEX,74089.58,74119.94,74016.58,74083.24,0
2026-06-04 09:32:00+05:30,2026-06-04,SENSEX,74084.93,74107.71,74077.05,74092.9,0
2026-06-04 09:33:00+05:30,2026-06-04,SENSEX,74095.82,74114.18,74092.83,74106.32,0
2026-06-04 09:34:00+05:30,2026-06-04,SENSEX,74103.9,74105.55,74071.95,74097.96,0
2026-06-04 09:35:00+05:30,2026-06-04,SENSEX,74102.29,74107.0,74080.18,74103.66,0
2026-06-05 09:30:00+05:30,2026-06-05,SENSEX,74548.73,74578.96,74533.18,74578.96,0
2026-06-05 09:31:00+05:30,2026-06-05,SENSEX,74572.1,74594.12,74568.25,74587.68,0
2026-06-05 09:32:00+05:30,2026-06-05,SENSEX,74588.1,74588.29,74510.52,74516.14,0
2026-06-05 09:33:00+05:30,2026-06-05,SENSEX,74518.26,74539.75,74508.37,74518.94,0
2026-06-05 09:34:00+05:30,2026-06-05,SENSEX,74515.31,74545.5,74511.96,74534.46,0
2026-06-05 09:35:00+05:30,2026-06-05,SENSEX,74533.4,74577.9,74533.4,74575.54,0
2026-06-08 09:30:00+05:30,2026-06-08,SENSEX,73561.47,73595.25,73553.06,73595.25,0
2026-06-08 09:31:00+05:30,2026-06-08,SENSEX,73603.6,73627.09,73603.6,73609.64,0
2026-06-08 09:32:00+05:30,2026-06-08,SENSEX,73614.94,73624.67,73584.03,73616.42,0
2026-06-08 09:33:00+05:30,2026-06-08,SENSEX,73621.42,73647.08,73621.42,73646.22,0
2026-06-08 09:34:00+05:30,2026-06-08,SENSEX,73639.76,73658.9,73622.55,73658.9,0
2026-06-08 09:35:00+05:30,2026-06-08,SENSEX,73656.19,73662.14,73610.23,73617.01,0
2026-06-09 09:30:00+05:30,2026-06-09,SENSEX,73860.56,73916.54,73859.92,73915.47,0
2026-06-09 09:31:00+05:30,2026-06-09,SENSEX,73913.62,73926.54,73904.17,73925.63,0
2026-06-09 09:32:00+05:30,2026-06-09,SENSEX,73927.98,73958.39,73927.98,73948.38,0
2026-06-09 09:33:00+05:30,2026-06-09,SENSEX,73947.23,73965.71,73928.47,73928.47,0
2026-06-09 09:34:00+05:30,2026-06-09,SENSEX,73926.93,73930.71,73912.84,73918.4,0
2026-06-09 09:35:00+05:30,2026-06-09,SENSEX,73916.0,73922.1,73895.6,73895.6,0
2026-06-10 09:30:00+05:30,2026-06-10,SENSEX,74313.28,74356.61,74302.19,74303.14,0
2026-06-10 09:31:00+05:30,2026-06-10,SENSEX,74299.73,74335.15,74290.43,74293.31,0
2026-06-10 09:32:00+05:30,2026-06-10,SENSEX,74303.07,74306.83,74278.39,74303.97,0
2026-06-10 09:33:00+05:30,2026-06-10,SENSEX,74300.54,74319.09,74289.48,74319.09,0
2026-06-10 09:34:00+05:30,2026-06-10,SENSEX,74317.84,74332.72,74310.63,74326.12,0
2026-06-10 09:35:00+05:30,2026-06-10,SENSEX,74330.17,74336.88,74307.13,74308.18,0
2026-06-11 09:30:00+05:30,2026-06-11,SENSEX,73658.09,73663.23,73602.52,73603.97,0
2026-06-11 09:31:00+05:30,2026-06-11,SENSEX,73604.36,73618.18,73589.98,73614.28,0
2026-06-11 09:32:00+05:30,2026-06-11,SENSEX,73622.92,73661.91,73622.81,73631.2,0
2026-06-11 09:33:00+05:30,2026-06-11,SENSEX,73627.37,73627.37,73589.63,73589.63,0
2026-06-11 09:34:00+05:30,2026-06-11,SENSEX,73591.07,73612.3,73591.07,73611.71,0
2026-06-11 09:35:00+05:30,2026-06-11,SENSEX,73608.63,73611.3,73576.34,73576.34,0
2026-06-12 09:30:00+05:30,2026-06-12,SENSEX,74705.35,74731.96,74705.35,74726.94,0
2026-06-12 09:31:00+05:30,2026-06-12,SENSEX,74727.38,74727.38,74659.28,74699.16,0
2026-06-12 09:32:00+05:30,2026-06-12,SENSEX,74706.43,74708.84,74692.75,74699.5,0
2026-06-12 09:33:00+05:30,2026-06-12,SENSEX,74700.65,74700.65,74675.61,74684.19,0
2026-06-12 09:34:00+05:30,2026-06-12,SENSEX,74685.66,74728.58,74683.58,74725.3,0
2026-06-12 09:35:00+05:30,2026-06-12,SENSEX,74724.61,74736.84,74705.03,74714.59,0
2026-06-15 09:30:00+05:30,2026-06-15,SENSEX,76577.0,76601.37,76577.0,76587.23,0
2026-06-15 09:31:00+05:30,2026-06-15,SENSEX,76588.62,76610.98,76583.38,76593.62,0
2026-06-15 09:32:00+05:30,2026-06-15,SENSEX,76591.62,76592.09,76525.4,76534.38,0
2026-06-15 09:33:00+05:30,2026-06-15,SENSEX,76537.08,76572.15,76533.6,76569.25,0
2026-06-15 09:34:00+05:30,2026-06-15,SENSEX,76565.88,76598.13,76565.63,76581.92,0
2026-06-15 09:35:00+05:30,2026-06-15,SENSEX,76595.63,76605.82,76563.05,76567.37,0
2026-06-16 09:30:00+05:30,2026-06-16,SENSEX,76598.96,76625.78,76597.09,76619.59,0
2026-06-16 09:31:00+05:30,2026-06-16,SENSEX,76615.03,76621.62,76593.05,76602.21,0
2026-06-16 09:32:00+05:30,2026-06-16,SENSEX,76600.68,76650.63,76599.29,76650.63,0
2026-06-16 09:33:00+05:30,2026-06-16,SENSEX,76647.93,76669.82,76643.93,76666.33,0
2026-06-16 09:34:00+05:30,2026-06-16,SENSEX,76666.29,76675.95,76631.96,76634.22,0
2026-06-16 09:35:00+05:30,2026-06-16,SENSEX,76634.97,76639.61,76613.71,76613.71,0
2026-06-17 09:30:00+05:30,2026-06-17,SENSEX,76925.81,76944.88,76916.04,76940.8,0
2026-06-17 09:31:00+05:30,2026-06-17,SENSEX,76935.45,76966.25,76934.37,76960.03,0
2026-06-17 09:32:00+05:30,2026-06-17,SENSEX,76960.03,76983.62,76956.75,76982.64,0
2026-06-17 09:33:00+05:30,2026-06-17,SENSEX,76984.75,77001.96,76982.0,76991.43,0
2026-06-17 09:34:00+05:30,2026-06-17,SENSEX,76995.09,77003.63,76967.96,76971.73,0
2026-06-17 09:35:00+05:30,2026-06-17,SENSEX,76966.85,76972.27,76947.93,76971.8,0
2026-06-18 09:30:00+05:30,2026-06-18,SENSEX,77131.22,77157.71,77131.22,77150.37,0
2026-06-18 09:31:00+05:30,2026-06-18,SENSEX,77148.45,77149.67,77106.57,77110.92,0
2026-06-18 09:32:00+05:30,2026-06-18,SENSEX,77109.63,77123.18,77092.49,77123.18,0
2026-06-18 09:33:00+05:30,2026-06-18,SENSEX,77120.46,77124.8,77108.71,77112.79,0
2026-06-18 09:34:00+05:30,2026-06-18,SENSEX,77114.56,77123.8,77098.02,77099.78,0
2026-06-18 09:35:00+05:30,2026-06-18,SENSEX,77098.92,77109.4,77069.4,77069.4,0
2026-06-19 09:30:00+05:30,2026-06-19,SENSEX,76632.22,76632.22,76583.59,76595.84,0
2026-06-19 09:31:00+05:30,2026-06-19,SENSEX,76592.8,76618.79,76590.9,76598.62,0
2026-06-19 09:32:00+05:30,2026-06-19,SENSEX,76598.79,76630.37,76578.77,76626.43,0
2026-06-19 09:33:00+05:30,2026-06-19,SENSEX,76622.42,76641.93,76620.77,76633.62,0
2026-06-19 09:34:00+05:30,2026-06-19,SENSEX,76632.95,76632.95,76612.15,76615.52,0
2026-06-19 09:35:00+05:30,2026-06-19,SENSEX,76612.26,76635.72,76607.25,76627.47,0
2026-06-22 09:30:00+05:30,2026-06-22,SENSEX,77212.25,77229.64,77203.42,77222.21,0
2026-06-22 09:31:00+05:30,2026-06-22,SENSEX,77224.48,77233.31,77217.71,77227.21,0
2026-06-22 09:32:00+05:30,2026-06-22,SENSEX,77231.01,77237.07,77197.37,77209.13,0
2026-06-22 09:33:00+05:30,2026-06-22,SENSEX,77206.87,77221.34,77201.28,77217.0,0
2026-06-22 09:34:00+05:30,2026-06-22,SENSEX,77216.64,77229.86,77209.6,77215.93,0
2026-06-22 09:35:00+05:30,2026-06-22,SENSEX,77216.78,77225.65,77190.16,77190.16,0
2026-06-23 09:30:00+05:30,2026-06-23,SENSEX,77041.91,77067.82,77036.0,77067.82,0
2026-06-23 09:31:00+05:30,2026-06-23,SENSEX,77066.43,77084.07,77051.43,77082.51,0
2026-06-23 09:32:00+05:30,2026-06-23,SENSEX,77084.38,77084.38,77066.38,77067.81,0
2026-06-23 09:33:00+05:30,2026-06-23,SENSEX,77071.06,77082.43,77057.85,77076.07,0
2026-06-23 09:34:00+05:30,2026-06-23,SENSEX,77075.66,77085.82,77061.6,77067.26,0
2026-06-23 09:35:00+05:30,2026-06-23,SENSEX,77072.35,77090.93,77064.0,77088.22,0
2026-06-24 09:30:00+05:30,2026-06-24,SENSEX,76451.11,76478.0,76447.82,76463.01,0
2026-06-24 09:31:00+05:30,2026-06-24,SENSEX,76463.48,76472.94,76450.52,76453.77,0
2026-06-24 09:32:00+05:30,2026-06-24,SENSEX,76455.84,76477.62,76455.84,76471.84,0
2026-06-24 09:33:00+05:30,2026-06-24,SENSEX,76472.8,76476.9,76457.84,76460.51,0
2026-06-24 09:34:00+05:30,2026-06-24,SENSEX,76450.83,76450.83,76420.9,76439.84,0
2026-06-24 09:35:00+05:30,2026-06-24,SENSEX,76440.12,76440.73,76419.66,76435.61,0
2026-06-25 09:30:00+05:30,2026-06-25,SENSEX,77425.8,77425.8,77370.08,77397.05,0
2026-06-25 09:31:00+05:30,2026-06-25,SENSEX,77398.0,77404.68,77361.09,77361.09,0
2026-06-25 09:32:00+05:30,2026-06-25,SENSEX,77361.66,77377.15,77345.9,77360.85,0
2026-06-25 09:33:00+05:30,2026-06-25,SENSEX,77360.64,77377.55,77354.56,77361.2,0
2026-06-25 09:34:00+05:30,2026-06-25,SENSEX,77360.66,77404.79,77359.67,77393.07,0
2026-06-25 09:35:00+05:30,2026-06-25,SENSEX,77392.81,77394.93,77368.55,77370.02,0
2026-06-29 09:30:00+05:30,2026-06-29,SENSEX,77040.75,77040.75,76980.18,76980.18,0
2026-06-29 09:31:00+05:30,2026-06-29,SENSEX,76985.33,77018.74,76958.51,76963.04,0
2026-06-29 09:32:00+05:30,2026-06-29,SENSEX,76964.57,76968.25,76919.03,76961.64,0
2026-06-29 09:33:00+05:30,2026-06-29,SENSEX,76966.22,76971.87,76945.91,76947.32,0
2026-06-29 09:34:00+05:30,2026-06-29,SENSEX,76946.5,76946.5,76892.8,76892.8,0
2026-06-29 09:35:00+05:30,2026-06-29,SENSEX,76890.92,76890.92,76855.55,76860.04,0
2026-06-30 09:30:00+05:30,2026-06-30,SENSEX,76618.93,76619.24,76574.68,76586.57,0
2026-06-30 09:31:00+05:30,2026-06-30,SENSEX,76584.94,76603.43,76559.9,76596.74,0
2026-06-30 09:32:00+05:30,2026-06-30,SENSEX,76601.11,76601.11,76524.62,76529.35,0
2026-06-30 09:33:00+05:30,2026-06-30,SENSEX,76530.42,76538.71,76505.93,76525.56,0
2026-06-30 09:34:00+05:30,2026-06-30,SENSEX,76529.75,76545.02,76515.33,76523.69,0
2026-06-30 09:35:00+05:30,2026-06-30,SENSEX,76523.58,76556.56,76512.37,76547.35,0
2026-07-01 09:30:00+05:30,2026-07-01,SENSEX,76675.89,76710.84,76666.59,76705.85,0
2026-07-01 09:31:00+05:30,2026-07-01,SENSEX,76703.37,76711.1,76670.52,76675.04,0
2026-07-01 09:32:00+05:30,2026-07-01,SENSEX,76673.84,76683.42,76654.36,76669.85,0
2026-07-01 09:33:00+05:30,2026-07-01,SENSEX,76667.96,76672.34,76633.59,76657.29,0
2026-07-01 09:34:00+05:30,2026-07-01,SENSEX,76657.64,76661.49,76636.31,76656.59,0
2026-07-01 09:35:00+05:30,2026-07-01,SENSEX,76660.07,76678.1,76651.26,76677.45,0
2026-07-02 09:30:00+05:30,2026-07-02,SENSEX,77284.01,77297.28,77277.2,77284.69,0
2026-07-02 09:31:00+05:30,2026-07-02,SENSEX,77285.18,77308.14,77281.6,77306.66,0
2026-07-02 09:32:00+05:30,2026-07-02,SENSEX,77306.51,77323.79,77301.21,77323.31,0
2026-07-02 09:33:00+05:30,2026-07-02,SENSEX,77323.62,77353.63,77316.54,77341.16,0
2026-07-02 09:34:00+05:30,2026-07-02,SENSEX,77343.8,77355.34,77314.45,77321.94,0
2026-07-02 09:35:00+05:30,2026-07-02,SENSEX,77327.84,77355.81,77325.47,77325.47,0
