ticker,leg,side,option_type,expiry,strike,entry_date,exit_date,monthly_expiry,weekly_expiry,scheduled_entry_date,spot,atm_strike,spot_timestamp,entry_available,exit_available,entry_timestamp,entry_close,entry_volume,entry_oi,entry_source,exit_timestamp,exit_close,exit_volume,exit_oi,exit_source
SENSEX,L1,BUY,PE,2025-10-29,80800.0,2025-10-03,2025-10-09,2025-10-29,2025-10-09,2025-10-03,80787.08,80800.0,2025-10-03 09:30:00+05:30,False,False,,,,,,,,,,
SENSEX,L2,SELL,PE,2025-10-09,81000.0,2025-10-03,2025-10-09,2025-10-29,2025-10-09,2025-10-03,80787.08,80800.0,2025-10-03 09:30:00+05:30,True,True,2025-10-03 09:30:00+05:30,409.1,67780.0,553240.0,upstox_expired,2025-10-09 15:15:00+05:30,0.15,134540.0,2554740.0,upstox_expired
SENSEX,L3,BUY,CE,2025-10-09,80800.0,2025-10-03,2025-10-09,2025-10-29,2025-10-09,2025-10-03,80787.08,80800.0,2025-10-03 09:30:00+05:30,True,True,2025-10-03 09:30:00+05:30,418.6,69520.0,300940.0,upstox_expired,2025-10-09 15:15:00+05:30,1362.05,300.0,20700.0,upstox_expired
SENSEX,L4,SELL,CE,2025-10-29,80600.0,2025-10-03,2025-10-09,2025-10-29,2025-10-09,2025-10-03,80787.08,80800.0,2025-10-03 09:30:00+05:30,False,False,,,,,,,,,,
SENSEX,L1,BUY,PE,2025-10-29,82000.0,2025-10-09,2025-10-16,2025-10-29,2025-10-16,2025-10-10,81993.18,82000.0,2025-10-09 09:30:00+05:30,False,False,,,,,,,,,,
SENSEX,L2,SELL,PE,2025-10-16,82200.0,2025-10-09,2025-10-16,2025-10-29,2025-10-16,2025-10-10,81993.18,82000.0,2025-10-09 09:30:00+05:30,True,True,2025-10-09 09:30:00+05:30,453.3,600.0,17300.0,upstox_expired,2025-10-16 15:15:00+05:30,0.65,165360.0,1032860.0,upstox_expired
SENSEX,L3,BUY,CE,2025-10-16,82000.0,2025-10-09,2025-10-16,2025-10-29,2025-10-16,2025-10-10,81993.18,82000.0,2025-10-09 09:30:00+05:30,True,True,2025-10-09 09:30:00+05:30,467.45,30260.0,316700.0,upstox_expired,2025-10-16 15:15:00+05:30,1451.5,1040.0,361380.0,upstox_expired
SENSEX,L4,SELL,CE,2025-10-29,81800.0,2025-10-09,2025-10-16,2025-10-29,2025-10-16,2025-10-10,81993.18,82000.0,2025-10-09 09:30:00+05:30,False,False,,,,,,,,,,
SENSEX,L1,BUY,PE,2025-10-29,83500.0,2025-10-17,2025-10-23,2025-10-29,2025-10-23,2025-10-17,83531.01,83500.0,2025-10-17 09:30:00+05:30,False,False,,,,,,,,,,
SENSEX,L2,SELL,PE,2025-10-23,83700.0,2025-10-17,2025-10-23,2025-10-29,2025-10-23,2025-10-17,83531.01,83500.0,2025-10-17 09:30:00+05:30,True,True,2025-10-17 09:30:00+05:30,432.95,34360.0,73840.0,upstox_expired,2025-10-23 15:15:00+05:30,0.5,218700.0,696160.0,upstox_expired
SENSEX,L3,BUY,CE,2025-10-23,83500.0,2025-10-17,2025-10-23,2025-10-29,2025-10-23,2025-10-17,83531.01,83500.0,2025-10-17 09:30:00+05:30,True,True,2025-10-17 09:30:00+05:30,476.85,247280.0,589200.0,upstox_expired,2025-10-23 15:15:00+05:30,1028.55,1700.0,107220.0,upstox_expired
SENSEX,L4,SELL,CE,2025-10-29,83300.0,2025-10-17,2025-10-23,2025-10-29,2025-10-23,2025-10-17,83531.01,83500.0,2025-10-17 09:30:00+05:30,False,False,,,,,,,,,,
SENSEX,L1,BUY,PE,2025-10-29,84500.0,2025-10-24,2025-10-29,2025-10-29,2025-10-29,2025-10-24,84501.84,84500.0,2025-10-24 09:30:00+05:30,False,False,,,,,,,,,,
SENSEX,L2,SELL,PE,2025-10-29,84700.0,2025-10-24,2025-10-29,2025-10-29,2025-10-29,2025-10-24,84501.84,84500.0,2025-10-24 09:30:00+05:30,False,False,,,,,,,,,,
SENSEX,L3,BUY,CE,2025-10-29,84500.0,2025-10-24,2025-10-29,2025-10-29,2025-10-29,2025-10-24,84501.84,84500.0,2025-10-24 09:30:00+05:30,False,False,,,,,,,,,,
SENSEX,L4,SELL,CE,2025-10-29,84300.0,2025-10-24,2025-10-29,2025-10-29,2025-10-29,2025-10-24,84501.84,84500.0,2025-10-24 09:30:00+05:30,False,False,,,,,,,,,,
SENSEX,L1,BUY,PE,2025-11-27,84600.0,2025-10-31,2025-11-06,2025-11-27,2025-11-06,2025-10-31,84586.64,84600.0,2025-10-31 09:30:00+05:30,True,True,2025-10-31 09:30:00+05:30,797.45,200.0,1100.0,upstox_expired,2025-11-06 15:15:00+05:30,1263.3,0.0,820.0,upstox_expired
SENSEX,L2,SELL,PE,2025-11-06,84800.0,2025-10-31,2025-11-06,2025-11-27,2025-11-06,2025-10-31,84586.64,84600.0,2025-10-31 09:30:00+05:30,True,True,2025-10-31 09:30:00+05:30,483.5,19100.0,88700.0,upstox_expired,2025-11-06 15:15:00+05:30,1511.05,120.0,39380.0,upstox_expired
SENSEX,L3,BUY,CE,2025-11-06,84600.0,2025-10-31,2025-11-06,2025-11-27,2025-11-06,2025-10-31,84586.64,84600.0,2025-10-31 09:30:00+05:30,True,True,2025-10-31 09:30:00+05:30,535.0,110640.0,362360.0,upstox_expired,2025-11-06 15:15:00+05:30,0.05,103680.0,835520.0,upstox_expired
SENSEX,L4,SELL,CE,2025-11-27,84400.0,2025-10-31,2025-11-06,2025-11-27,2025-11-06,2025-10-31,84586.64,84600.0,2025-10-31 09:30:00+05:30,True,True,2025-10-31 09:30:00+05:30,1448.3,0.0,220.0,upstox_expired,2025-11-06 15:15:00+05:30,548.65,40.0,2700.0,upstox_expired
SENSEX,L1,BUY,PE,2025-11-27,82700.0,2025-11-07,2025-11-13,2025-11-27,2025-11-13,2025-11-07,82731.84,82700.0,2025-11-07 09:30:00+05:30,True,True,2025-11-07 09:30:00+05:30,669.7,20.0,1280.0,upstox_expired,2025-11-13 15:15:00+05:30,160.3,40.0,2540.0,upstox_expired
SENSEX,L2,SELL,PE,2025-11-13,82900.0,2025-11-07,2025-11-13,2025-11-27,2025-11-13,2025-11-07,82731.84,82700.0,2025-11-07 09:30:00+05:30,True,True,2025-11-07 09:30:00+05:30,475.35,45220.0,198180.0,upstox_expired,2025-11-13 15:15:00+05:30,0.15,176500.0,1004960.0,upstox_expired
SENSEX,L3,BUY,CE,2025-11-13,82700.0,2025-11-07,2025-11-13,2025-11-27,2025-11-13,2025-11-07,82731.84,82700.0,2025-11-07 09:30:00+05:30,True,True,2025-11-07 09:30:00+05:30,525.15,29500.0,123640.0,upstox_expired,2025-11-13 15:15:00+05:30,1803.45,540.0,24660.0,upstox_expired
SENSEX,L4,SELL,CE,2025-11-27,82500.0,2025-11-07,2025-11-13,2025-11-27,2025-11-13,2025-11-07,82731.84,82700.0,2025-11-07 09:30:00+05:30,True,True,2025-11-07 09:30:00+05:30,1250.0,20.0,260.0,upstox_expired,2025-11-13 15:15:00+05:30,2378.4,0.0,780.0,upstox_expired
SENSEX,L1,BUY,PE,2025-11-27,84300.0,2025-11-14,2025-11-20,2025-11-27,2025-11-20,2025-11-14,84293.16,84300.0,2025-11-14 09:30:00+05:30,True,True,2025-11-14 09:30:00+05:30,560.9,520.0,2700.0,upstox_expired,2025-11-20 15:15:00+05:30,101.0,480.0,32940.0,upstox_expired
SENSEX,L2,SELL,PE,2025-11-20,84500.0,2025-11-14,2025-11-20,2025-11-27,2025-11-20,2025-11-14,84293.16,84300.0,2025-11-14 09:30:00+05:30,True,True,2025-11-14 09:30:00+05:30,516.7,68400.0,351560.0,upstox_expired,2025-11-20 15:15:00+05:30,0.15,129640.0,1884280.0,upstox_expired
SENSEX,L3,BUY,CE,2025-11-20,84300.0,2025-11-14,2025-11-20,2025-11-27,2025-11-20,2025-11-14,84293.16,84300.0,2025-11-14 09:30:00+05:30,True,True,2025-11-14 09:30:00+05:30,627.1,106120.0,157780.0,upstox_expired,2025-11-20 15:15:00+05:30,1336.4,260.0,70240.0,upstox_expired
SENSEX,L4,SELL,CE,2025-11-27,84100.0,2025-11-14,2025-11-20,2025-11-27,2025-11-20,2025-11-14,84293.16,84300.0,2025-11-14 09:30:00+05:30,True,True,2025-11-14 09:30:00+05:30,1065.0,260.0,2380.0,upstox_expired,2025-11-20 15:15:00+05:30,1809.2,0.0,2100.0,upstox_expired
SENSEX,L1,BUY,PE,2025-11-27,85500.0,2025-11-21,2025-11-27,2025-11-27,2025-11-27,2025-11-21,85523.83,85500.0,2025-11-21 09:30:00+05:30,True,True,2025-11-21 09:30:00+05:30,442.35,131280.0,634460.0,upstox_expired,2025-11-27 15:15:00+05:30,0.25,623540.0,4257160.0,upstox_expired
SENSEX,L2,SELL,PE,2025-11-27,85700.0,2025-11-21,2025-11-27,2025-11-27,2025-11-27,2025-11-21,85523.83,85500.0,2025-11-21 09:30:00+05:30,True,True,2025-11-21 09:30:00+05:30,535.35,41160.0,221000.0,upstox_expired,2025-11-27 15:15:00+05:30,2.25,14148080.0,11784900.0,upstox_expired
SENSEX,L3,BUY,CE,2025-11-27,85500.0,2025-11-21,2025-11-27,2025-11-27,2025-11-27,2025-11-21,85523.83,85500.0,2025-11-21 09:30:00+05:30,True,True,2025-11-21 09:30:00+05:30,555.0,67300.0,453260.0,upstox_expired,2025-11-27 15:15:00+05:30,221.1,130440.0,1167680.0,upstox_expired
SENSEX,L4,SELL,CE,2025-11-27,85300.0,2025-11-21,2025-11-27,2025-11-27,2025-11-27,2025-11-21,85523.83,85500.0,2025-11-21 09:30:00+05:30,True,True,2025-11-21 09:30:00+05:30,675.0,9120.0,75640.0,upstox_expired,2025-11-27 15:15:00+05:30,421.6,18340.0,237540.0,upstox_expired
SENSEX,L1,BUY,PE,2025-12-24,85800.0,2025-11-28,2025-12-04,2025-12-24,2025-12-04,2025-11-28,85784.38,85800.0,2025-11-28 09:30:00+05:30,True,True,2025-11-28 09:30:00+05:30,676.55,0.0,3640.0,upstox_expired,2025-12-04 15:15:00+05:30,776.7,20.0,3360.0,upstox_expired
SENSEX,L2,SELL,PE,2025-12-04,86000.0,2025-11-28,2025-12-04,2025-12-24,2025-12-04,2025-11-28,85784.38,85800.0,2025-11-28 09:30:00+05:30,True,True,2025-11-28 09:30:00+05:30,484.85,28740.0,328620.0,upstox_expired,2025-12-04 15:15:00+05:30,709.3,7360.0,170800.0,upstox_expired
SENSEX,L3,BUY,CE,2025-12-04,85800.0,2025-11-28,2025-12-04,2025-12-24,2025-12-04,2025-11-28,85784.38,85800.0,2025-11-28 09:30:00+05:30,True,True,2025-11-28 09:30:00+05:30,476.9,94400.0,495620.0,upstox_expired,2025-12-04 15:15:00+05:30,0.1,80220.0,1668940.0,upstox_expired
SENSEX,L4,SELL,CE,2025-12-24,85600.0,2025-11-28,2025-12-04,2025-12-24,2025-12-04,2025-11-28,85784.38,85800.0,2025-11-28 09:30:00+05:30,True,True,2025-11-28 09:30:00+05:30,1391.65,0.0,8480.0,upstox_expired,2025-12-04 15:15:00+05:30,814.1,0.0,4160.0,upstox_expired
SENSEX,L1,BUY,PE,2025-12-24,85200.0,2025-12-05,2025-12-11,2025-12-24,2025-12-11,2025-12-05,85244.76,85200.0,2025-12-05 09:30:00+05:30,True,True,2025-12-05 09:30:00+05:30,554.0,0.0,3560.0,upstox_expired,2025-12-11 15:15:00+05:30,621.4,20.0,2760.0,upstox_expired
SENSEX,L2,SELL,PE,2025-12-11,85400.0,2025-12-05,2025-12-11,2025-12-24,2025-12-11,2025-12-05,85244.76,85200.0,2025-12-05 09:30:00+05:30,True,True,2025-12-05 09:30:00+05:30,446.6,31740.0,143340.0,upstox_expired,2025-12-11 15:15:00+05:30,578.2,1000.0,96400.0,upstox_expired
SENSEX,L3,BUY,CE,2025-12-11,85200.0,2025-12-05,2025-12-11,2025-12-24,2025-12-11,2025-12-05,85244.76,85200.0,2025-12-05 09:30:00+05:30,True,True,2025-12-05 09:30:00+05:30,510.8,42040.0,321260.0,upstox_expired,2025-12-11 15:15:00+05:30,0.05,154840.0,1599280.0,upstox_expired
SENSEX,L4,SELL,CE,2025-12-24,85000.0,2025-12-05,2025-12-11,2025-12-24,2025-12-11,2025-12-05,85244.76,85200.0,2025-12-05 09:30:00+05:30,True,True,2025-12-05 09:30:00+05:30,1159.0,20.0,12880.0,upstox_expired,2025-12-11 15:15:00+05:30,635.5,0.0,24780.0,upstox_expired
SENSEX,L1,BUY,PE,2025-12-24,85200.0,2025-12-12,2025-12-18,2025-12-24,2025-12-18,2025-12-12,85234.93,85200.0,2025-12-12 09:30:00+05:30,True,True,2025-12-12 09:30:00+05:30,420.0,700.0,5200.0,upstox_expired,2025-12-18 15:15:00+05:30,735.0,560.0,19780.0,upstox_expired
SENSEX,L2,SELL,PE,2025-12-18,85400.0,2025-12-12,2025-12-18,2025-12-24,2025-12-18,2025-12-12,85234.93,85200.0,2025-12-12 09:30:00+05:30,True,True,2025-12-12 09:30:00+05:30,414.75,31900.0,75760.0,upstox_expired,2025-12-18 15:15:00+05:30,923.15,220.0,16400.0,upstox_expired
SENSEX,L3,BUY,CE,2025-12-18,85200.0,2025-12-12,2025-12-18,2025-12-24,2025-12-18,2025-12-12,85234.93,85200.0,2025-12-12 09:30:00+05:30,True,True,2025-12-12 09:30:00+05:30,511.65,273060.0,351700.0,upstox_expired,2025-12-18 15:15:00+05:30,0.1,144600.0,1616460.0,upstox_expired
SENSEX,L4,SELL,CE,2025-12-24,85000.0,2025-12-12,2025-12-18,2025-12-24,2025-12-18,2025-12-12,85234.93,85200.0,2025-12-12 09:30:00+05:30,True,True,2025-12-12 09:30:00+05:30,898.35,1640.0,25220.0,upstox_expired,2025-12-18 15:15:00+05:30,216.4,11680.0,394700.0,upstox_expired
SENSEX,L1,BUY,PE,2025-12-24,85000.0,2025-12-19,2025-12-24,2025-12-24,2025-12-24,2025-12-19,84995.89,85000.0,2025-12-19 09:30:00+05:30,True,True,2025-12-19 09:30:00+05:30,325.8,145820.0,670380.0,upstox_expired,2025-12-24 15:15:00+05:30,0.1,320500.0,2573560.0,upstox_expired
SENSEX,L2,SELL,PE,2025-12-24,85200.0,2025-12-19,2025-12-24,2025-12-24,2025-12-24,2025-12-19,84995.89,85000.0,2025-12-19 09:30:00+05:30,True,True,2025-12-19 09:30:00+05:30,425.9,32520.0,43860.0,upstox_expired,2025-12-24 15:15:00+05:30,0.15,350840.0,2780680.0,upstox_expired
SENSEX,L3,BUY,CE,2025-12-24,85000.0,2025-12-19,2025-12-24,2025-12-24,2025-12-24,2025-12-19,84995.89,85000.0,2025-12-19 09:30:00+05:30,True,True,2025-12-19 09:30:00+05:30,415.45,456940.0,795680.0,upstox_expired,2025-12-24 15:15:00+05:30,425.95,13780.0,245280.0,upstox_expired
SENSEX,L4,SELL,CE,2025-12-24,84800.0,2025-12-19,2025-12-24,2025-12-24,2025-12-24,2025-12-19,84995.89,85000.0,2025-12-19 09:30:00+05:30,True,True,2025-12-19 09:30:00+05:30,534.79,140840.0,313460.0,upstox_expired,2025-12-24 15:15:00+05:30,624.2,500.0,58260.0,upstox_expired
SENSEX,L1,BUY,PE,2026-01-29,85300.0,2025-12-26,2026-01-01,2026-01-29,2026-01-01,2025-12-26,85344.02,85300.0,2025-12-26 09:30:00+05:30,True,True,2025-12-26 09:30:00+05:30,653.95,0.0,1160.0,upstox_expired,2026-01-01 15:15:00+05:30,592.85,40.0,2720.0,upstox_expired
SENSEX,L2,SELL,PE,2026-01-01,85500.0,2025-12-26,2026-01-01,2026-01-29,2026-01-01,2025-12-26,85344.02,85300.0,2025-12-26 09:30:00+05:30,True,True,2025-12-26 09:30:00+05:30,396.2,44800.0,563000.0,upstox_expired,2026-01-01 15:15:00+05:30,303.95,154960.0,518380.0,upstox_expired
SENSEX,L3,BUY,CE,2026-01-01,85300.0,2025-12-26,2026-01-01,2026-01-29,2026-01-01,2025-12-26,85344.02,85300.0,2025-12-26 09:30:00+05:30,True,True,2025-12-26 09:30:00+05:30,381.75,55740.0,348440.0,upstox_expired,2026-01-01 15:15:00+05:30,0.25,3294760.0,15374840.0,upstox_expired
SENSEX,L4,SELL,CE,2026-01-29,85100.0,2025-12-26,2026-01-01,2026-01-29,2026-01-01,2025-12-26,85344.02,85300.0,2025-12-26 09:30:00+05:30,True,True,2025-12-26 15:10:00+05:30,1250.05,20.0,220.0,upstox_expired,2026-01-01 15:15:00+05:30,1231.55,0.0,460.0,upstox_expired
SENSEX,L1,BUY,PE,2026-01-29,85400.0,2026-01-02,2026-01-08,2026-01-29,2026-01-08,2026-01-02,85368.57,85400.0,2026-01-02 09:30:00+05:30,True,True,2026-01-02 09:30:00+05:30,577.55,80.0,780.0,upstox_expired,2026-01-08 15:15:00+05:30,1152.65,0.0,3380.0,upstox_expired
SENSEX,L2,SELL,PE,2026-01-08,85600.0,2026-01-02,2026-01-08,2026-01-29,2026-01-08,2026-01-02,85368.57,85400.0,2026-01-02 09:30:00+05:30,True,True,2026-01-02 09:30:00+05:30,360.65,14400.0,85320.0,upstox_expired,2026-01-08 15:15:00+05:30,1412.4,100.0,48020.0,upstox_expired
SENSEX,L3,BUY,CE,2026-01-08,85400.0,2026-01-02,2026-01-08,2026-01-29,2026-01-08,2026-01-02,85368.57,85400.0,2026-01-02 09:30:00+05:30,True,True,2026-01-02 09:30:00+05:30,364.5,113360.0,433540.0,upstox_expired,2026-01-08 15:15:00+05:30,0.3,137740.0,1193960.0,upstox_expired
SENSEX,L4,SELL,CE,2026-01-29,85200.0,2026-01-02,2026-01-08,2026-01-29,2026-01-08,2026-01-02,85368.57,85400.0,2026-01-02 09:30:00+05:30,True,True,2026-01-02 09:30:00+05:30,1223.1,0.0,360.0,upstox_expired,2026-01-08 15:15:00+05:30,500.0,80.0,6120.0,upstox_expired
SENSEX,L1,BUY,PE,2026-01-29,84100.0,2026-01-09,2026-01-14,2026-01-29,2026-01-14,2026-01-09,84113.54,84100.0,2026-01-09 09:30:00+05:30,True,True,2026-01-09 09:30:00+05:30,540.05,80.0,2680.0,upstox_expired,2026-01-14 15:15:00+05:30,895.2,0.0,3420.0,upstox_expired
SENSEX,L2,SELL,PE,2026-01-14,84300.0,2026-01-09,2026-01-14,2026-01-29,2026-01-14,2026-01-09,84113.54,84100.0,2026-01-09 09:30:00+05:30,True,True,2026-01-09 09:30:00+05:30,375.85,144860.0,437580.0,upstox_expired,2026-01-14 15:15:00+05:30,927.65,180.0,37860.0,upstox_expired
SENSEX,L3,BUY,CE,2026-01-14,84100.0,2026-01-09,2026-01-14,2026-01-29,2026-01-14,2026-01-09,84113.54,84100.0,2026-01-09 09:30:00+05:30,True,True,2026-01-09 09:30:00+05:30,506.0,65440.0,112280.0,upstox_expired,2026-01-14 15:15:00+05:30,0.15,165100.0,1106140.0,upstox_expired
SENSEX,L4,SELL,CE,2026-01-29,83900.0,2026-01-09,2026-01-14,2026-01-29,2026-01-14,2026-01-09,84113.54,84100.0,2026-01-09 09:30:00+05:30,True,True,2026-01-09 15:10:00+05:30,823.65,0.0,2380.0,upstox_expired,2026-01-14 15:15:00+05:30,541.6,0.0,5140.0,upstox_expired
SENSEX,L1,BUY,PE,2026-01-29,83600.0,2026-01-16,2026-01-22,2026-01-29,2026-01-22,2026-01-16,83643.94,83600.0,2026-01-16 09:30:00+05:30,True,True,2026-01-16 09:30:00+05:30,491.55,120.0,7020.0,upstox_expired,2026-01-22 15:15:00+05:30,1190.0,0.0,11980.0,upstox_expired
SENSEX,L2,SELL,PE,2026-01-22,83800.0,2026-01-16,2026-01-22,2026-01-29,2026-01-22,2026-01-16,83643.94,83600.0,2026-01-16 09:30:00+05:30,True,True,2026-01-16 09:30:00+05:30,460.75,36300.0,223780.0,upstox_expired,2026-01-22 15:15:00+05:30,1518.85,300.0,32260.0,upstox_expired
SENSEX,L3,BUY,CE,2026-01-22,83600.0,2026-01-16,2026-01-22,2026-01-29,2026-01-22,2026-01-16,83643.94,83600.0,2026-01-16 09:30:00+05:30,True,True,2026-01-16 09:30:00+05:30,535.1,59480.0,322140.0,upstox_expired,2026-01-22 15:15:00+05:30,0.3,72400.0,1089960.0,upstox_expired
SENSEX,L4,SELL,CE,2026-01-29,83400.0,2026-01-16,2026-01-22,2026-01-29,2026-01-22,2026-01-16,83643.94,83600.0,2026-01-16 09:30:00+05:30,True,True,2026-01-16 09:30:00+05:30,943.6,200.0,5560.0,upstox_expired,2026-01-22 15:15:00+05:30,202.95,860.0,46120.0,upstox_expired
SENSEX,L1,BUY,PE,2026-01-29,82400.0,2026-01-23,2026-01-29,2026-01-29,2026-01-29,2026-01-23,82404.22,82400.0,2026-01-23 09:30:00+05:30,True,True,2026-01-23 09:30:00+05:30,441.1,66920.0,319840.0,upstox_expired,2026-01-29 15:15:00+05:30,0.3,2378720.0,4059140.0,upstox_expired
SENSEX,L2,SELL,PE,2026-01-29,82600.0,2026-01-23,2026-01-29,2026-01-29,2026-01-29,2026-01-23,82404.22,82400.0,2026-01-23 09:30:00+05:30,True,True,2026-01-23 09:30:00+05:30,532.35,24360.0,119700.0,upstox_expired,2026-01-29 15:15:00+05:30,21.25,9489440.0,7018100.0,upstox_expired
SENSEX,L3,BUY,CE,2026-01-29,82400.0,2026-01-23,2026-01-29,2026-01-29,2026-01-29,2026-01-23,82404.22,82400.0,2026-01-23 09:30:00+05:30,True,True,2026-01-23 09:30:00+05:30,598.45,65980.0,290740.0,upstox_expired,2026-01-29 15:15:00+05:30,187.2,552340.0,1003580.0,upstox_expired
SENSEX,L4,SELL,CE,2026-01-29,82200.0,2026-01-23,2026-01-29,2026-01-29,2026-01-29,2026-01-23,82404.22,82400.0,2026-01-23 09:30:00+05:30,True,True,2026-01-23 09:30:00+05:30,718.0,16020.0,151380.0,upstox_expired,2026-01-29 15:15:00+05:30,386.7,76700.0,610020.0,upstox_expired
SENSEX,L1,BUY,PE,2026-02-26,82000.0,2026-01-30,2026-02-05,2026-02-26,2026-02-05,2026-01-30,81996.12,82000.0,2026-01-30 09:30:00+05:30,True,True,2026-01-30 09:30:00+05:30,930.4,240.0,15560.0,upstox_expired,2026-02-05 15:15:00+05:30,319.45,40.0,17340.0,upstox_expired
SENSEX,L2,SELL,PE,2026-02-05,82200.0,2026-01-30,2026-02-05,2026-02-26,2026-02-05,2026-01-30,81996.12,82000.0,2026-01-30 09:30:00+05:30,True,True,2026-01-30 09:30:00+05:30,754.35,63560.0,222100.0,upstox_expired,2026-02-05 15:15:00+05:30,0.15,126580.0,783580.0,upstox_expired
SENSEX,L3,BUY,CE,2026-02-05,82000.0,2026-01-30,2026-02-05,2026-02-26,2026-02-05,2026-01-30,81996.12,82000.0,2026-01-30 09:30:00+05:30,True,True,2026-01-30 09:30:00+05:30,795.1,72380.0,353640.0,upstox_expired,2026-02-05 15:15:00+05:30,1340.55,0.0,59520.0,upstox_expired
SENSEX,L4,SELL,CE,2026-02-26,81800.0,2026-01-30,2026-02-05,2026-02-26,2026-02-05,2026-01-30,81996.12,82000.0,2026-01-30 09:30:00+05:30,False,False,,,,,,,,,,
SENSEX,L1,BUY,PE,2026-02-26,83100.0,2026-02-06,2026-02-12,2026-02-26,2026-02-12,2026-02-06,83101.87,83100.0,2026-02-06 09:30:00+05:30,True,True,2026-02-06 09:30:00+05:30,655.0,0.0,1220.0,upstox_expired,2026-02-12 15:15:00+05:30,337.0,0.0,5080.0,upstox_expired
SENSEX,L2,SELL,PE,2026-02-12,83300.0,2026-02-06,2026-02-12,2026-02-26,2026-02-12,2026-02-06,83101.87,83100.0,2026-02-06 09:30:00+05:30,True,True,2026-02-06 09:30:00+05:30,531.55,71500.0,416280.0,upstox_expired,2026-02-12 15:15:00+05:30,0.25,360680.0,1591800.0,upstox_expired
SENSEX,L3,BUY,CE,2026-02-12,83100.0,2026-02-06,2026-02-12,2026-02-26,2026-02-12,2026-02-06,83101.87,83100.0,2026-02-06 09:30:00+05:30,True,True,2026-02-06 09:30:00+05:30,537.0,49480.0,133540.0,upstox_expired,2026-02-12 15:15:00+05:30,572.1,1160.0,55480.0,upstox_expired
SENSEX,L4,SELL,CE,2026-02-26,82900.0,2026-02-06,2026-02-12,2026-02-26,2026-02-12,2026-02-06,83101.87,83100.0,2026-02-06 09:30:00+05:30,True,True,2026-02-06 09:30:00+05:30,1253.2,0.0,1300.0,upstox_expired,2026-02-12 15:15:00+05:30,1553.95,0.0,520.0,upstox_expired
SENSEX,L1,BUY,PE,2026-02-26,82900.0,2026-02-13,2026-02-19,2026-02-26,2026-02-19,2026-02-13,82921.27,82900.0,2026-02-13 09:30:00+05:30,True,True,2026-02-13 09:30:00+05:30,542.1,120.0,5160.0,upstox_expired,2026-02-19 15:15:00+05:30,779.0,3020.0,74260.0,upstox_expired
SENSEX,L2,SELL,PE,2026-02-19,83100.0,2026-02-13,2026-02-19,2026-02-26,2026-02-19,2026-02-13,82921.27,82900.0,2026-02-13 09:30:00+05:30,True,True,2026-02-13 09:30:00+05:30,470.5,74600.0,192140.0,upstox_expired,2026-02-19 15:15:00+05:30,582.2,34500.0,479140.0,upstox_expired
SENSEX,L3,BUY,CE,2026-02-19,82900.0,2026-02-13,2026-02-19,2026-02-26,2026-02-19,2026-02-13,82921.27,82900.0,2026-02-13 09:30:00+05:30,True,True,2026-02-13 09:30:00+05:30,514.25,49880.0,177900.0,upstox_expired,2026-02-19 15:15:00+05:30,0.35,467520.0,6703440.0,upstox_expired
SENSEX,L4,SELL,CE,2026-02-26,82700.0,2026-02-13,2026-02-19,2026-02-26,2026-02-19,2026-02-13,82921.27,82900.0,2026-02-13 09:30:00+05:30,True,True,2026-02-13 09:30:00+05:30,932.9,20.0,1560.0,upstox_expired,2026-02-19 15:15:00+05:30,477.9,6020.0,80400.0,upstox_expired
SENSEX,L1,BUY,PE,2026-02-26,82300.0,2026-02-20,2026-02-26,2026-02-26,2026-02-26,2026-02-20,82348.87,82300.0,2026-02-20 09:30:00+05:30,True,True,2026-02-20 09:30:00+05:30,459.7,171960.0,238440.0,upstox_expired,2026-02-26 15:15:00+05:30,59.25,4739540.0,4281740.0,upstox_expired
SENSEX,L2,SELL,PE,2026-02-26,82500.0,2026-02-20,2026-02-26,2026-02-26,2026-02-26,2026-02-20,82348.87,82300.0,2026-02-20 09:30:00+05:30,True,True,2026-02-20 09:30:00+05:30,547.9,133920.0,541880.0,upstox_expired,2026-02-26 15:15:00+05:30,257.0,214520.0,1032160.0,upstox_expired
SENSEX,L3,BUY,CE,2026-02-26,82300.0,2026-02-20,2026-02-26,2026-02-26,2026-02-26,2026-02-20,82348.87,82300.0,2026-02-20 09:30:00+05:30,True,True,2026-02-20 09:30:00+05:30,606.4,71600.0,149860.0,upstox_expired,2026-02-26 15:15:00+05:30,0.5,14438240.0,14118940.0,upstox_expired
SENSEX,L4,SELL,CE,2026-02-26,82100.0,2026-02-20,2026-02-26,2026-02-26,2026-02-26,2026-02-20,82348.87,82300.0,2026-02-20 09:30:00+05:30,True,True,2026-02-20 09:30:00+05:30,730.8,8200.0,36820.0,upstox_expired,2026-02-26 15:15:00+05:30,141.6,691580.0,879520.0,upstox_expired
SENSEX,L1,BUY,PE,2026-03-25,81900.0,2026-02-27,2026-03-05,2026-03-25,2026-03-05,2026-02-27,81897.18,81900.0,2026-02-27 09:30:00+05:30,True,True,2026-02-27 09:30:00+05:30,833.0,0.0,140.0,upstox_expired,2026-03-05 15:15:00+05:30,2087.65,0.0,600.0,upstox_expired
SENSEX,L2,SELL,PE,2026-03-05,82100.0,2026-02-27,2026-03-05,2026-03-25,2026-03-05,2026-02-27,81897.18,81900.0,2026-02-27 09:30:00+05:30,True,True,2026-02-27 09:30:00+05:30,586.3,48200.0,291260.0,upstox_expired,2026-03-05 15:15:00+05:30,2163.1,260.0,40160.0,upstox_expired
SENSEX,L3,BUY,CE,2026-03-05,81900.0,2026-02-27,2026-03-05,2026-03-25,2026-03-05,2026-02-27,81897.18,81900.0,2026-02-27 09:30:00+05:30,True,True,2026-02-27 09:30:00+05:30,555.95,88880.0,198840.0,upstox_expired,2026-03-05 15:15:00+05:30,0.2,66140.0,630020.0,upstox_expired
SENSEX,L4,SELL,CE,2026-03-25,81700.0,2026-02-27,2026-03-05,2026-03-25,2026-03-05,2026-02-27,81897.18,81900.0,2026-02-27 09:30:00+05:30,True,True,2026-02-27 15:10:00+05:30,1078.75,0.0,540.0,upstox_expired,2026-03-05 15:15:00+05:30,569.95,0.0,1040.0,upstox_expired
SENSEX,L1,BUY,PE,2026-03-25,79700.0,2026-03-06,2026-03-12,2026-03-25,2026-03-12,2026-03-06,79669.59,79700.0,2026-03-06 09:30:00+05:30,True,True,2026-03-06 09:30:00+05:30,1227.8,0.0,880.0,upstox_expired,2026-03-12 15:15:00+05:30,3645.95,0.0,780.0,upstox_expired
SENSEX,L2,SELL,PE,2026-03-12,79900.0,2026-03-06,2026-03-12,2026-03-25,2026-03-12,2026-03-06,79669.59,79700.0,2026-03-06 09:30:00+05:30,True,True,2026-03-06 09:30:00+05:30,949.2,4940.0,37640.0,upstox_expired,2026-03-12 15:15:00+05:30,3850.0,0.0,14440.0,upstox_expired
SENSEX,L3,BUY,CE,2026-03-12,79700.0,2026-03-06,2026-03-12,2026-03-25,2026-03-12,2026-03-06,79669.59,79700.0,2026-03-06 09:30:00+05:30,True,True,2026-03-06 09:30:00+05:30,852.7,43120.0,174840.0,upstox_expired,2026-03-12 15:15:00+05:30,0.1,16480.0,843900.0,upstox_expired
SENSEX,L4,SELL,CE,2026-03-25,79500.0,2026-03-06,2026-03-12,2026-03-25,2026-03-12,2026-03-06,79669.59,79700.0,2026-03-06 09:30:00+05:30,True,True,2026-03-06 09:30:00+05:30,1574.6,0.0,9740.0,upstox_expired,2026-03-12 15:15:00+05:30,223.05,60.0,20580.0,upstox_expired
SENSEX,L1,BUY,PE,2026-03-25,75500.0,2026-03-13,2026-03-19,2026-03-25,2026-03-19,2026-03-13,75512.82,75500.0,2026-03-13 09:30:00+05:30,True,True,2026-03-13 09:30:00+05:30,1196.45,340.0,10580.0,upstox_expired,2026-03-19 15:15:00+05:30,1709.55,420.0,65600.0,upstox_expired
SENSEX,L2,SELL,PE,2026-03-19,75700.0,2026-03-13,2026-03-19,2026-03-25,2026-03-19,2026-03-13,75512.82,75500.0,2026-03-13 09:30:00+05:30,True,True,2026-03-13 09:30:00+05:30,980.6,3860.0,34080.0,upstox_expired,2026-03-19 15:15:00+05:30,1541.95,820.0,59560.0,upstox_expired
SENSEX,L3,BUY,CE,2026-03-19,75500.0,2026-03-13,2026-03-19,2026-03-25,2026-03-19,2026-03-13,75512.82,75500.0,2026-03-13 09:30:00+05:30,True,True,2026-03-13 09:30:00+05:30,1000.45,56600.0,237080.0,upstox_expired,2026-03-19 15:15:00+05:30,0.25,408840.0,2829420.0,upstox_expired
SENSEX,L4,SELL,CE,2026-03-25,75300.0,2026-03-13,2026-03-19,2026-03-25,2026-03-19,2026-03-13,75512.82,75500.0,2026-03-13 09:30:00+05:30,True,True,2026-03-13 09:30:00+05:30,1551.9,20.0,140.0,upstox_expired,2026-03-19 15:15:00+05:30,447.6,380.0,26820.0,upstox_expired
SENSEX,L1,BUY,PE,2026-03-25,75100.0,2026-03-20,2026-03-25,2026-03-25,2026-03-25,2026-03-20,75083.46,75100.0,2026-03-20 09:30:00+05:30,True,True,2026-03-20 09:30:00+05:30,864.6,29960.0,217180.0,upstox_expired,2026-03-25 15:15:00+05:30,0.5,2248700.0,3559700.0,upstox_expired
SENSEX,L2,SELL,PE,2026-03-25,75300.0,2026-03-20,2026-03-25,2026-03-25,2026-03-25,2026-03-20,75083.46,75100.0,2026-03-20 09:30:00+05:30,True,True,2026-03-20 09:30:00+05:30,962.85,6940.0,30960.0,upstox_expired,2026-03-25 15:15:00+05:30,18.3,9835480.0,7613540.0,upstox_expired
SENSEX,L3,BUY,CE,2026-03-25,75100.0,2026-03-20,2026-03-25,2026-03-25,2026-03-25,2026-03-20,75083.46,75100.0,2026-03-20 09:30:00+05:30,True,True,2026-03-20 09:30:00+05:30,901.8,39720.0,206940.0,upstox_expired,2026-03-25 15:15:00+05:30,191.6,355720.0,342060.0,upstox_expired
SENSEX,L4,SELL,CE,2026-03-25,74900.0,2026-03-20,2026-03-25,2026-03-25,2026-03-25,2026-03-20,75083.46,75100.0,2026-03-20 09:30:00+05:30,True,True,2026-03-20 09:30:00+05:30,1016.65,8280.0,124580.0,upstox_expired,2026-03-25 15:15:00+05:30,392.1,42160.0,190320.0,upstox_expired
SENSEX,L1,BUY,PE,2026-04-30,74300.0,2026-03-27,2026-04-02,2026-04-30,2026-04-02,2026-03-27,74337.59,74300.0,2026-03-27 09:30:00+05:30,True,False,2026-03-27 15:10:00+05:30,2203.1,0.0,60.0,upstox_expired,,,,,
SENSEX,L2,SELL,PE,2026-04-02,74500.0,2026-03-27,2026-04-02,2026-04-30,2026-04-02,2026-03-27,74337.59,74300.0,2026-03-27 09:30:00+05:30,True,True,2026-03-27 09:30:00+05:30,1163.0,50760.0,295840.0,upstox_expired,2026-04-02 15:15:00+05:30,1101.9,200.0,70540.0,upstox_expired
SENSEX,L3,BUY,CE,2026-04-02,74300.0,2026-03-27,2026-04-02,2026-04-30,2026-04-02,2026-03-27,74337.59,74300.0,2026-03-27 09:30:00+05:30,True,True,2026-03-27 09:30:00+05:30,1224.0,4900.0,14040.0,upstox_expired,2026-04-02 15:15:00+05:30,0.55,124180.0,659940.0,upstox_expired
SENSEX,L4,SELL,CE,2026-04-30,74100.0,2026-03-27,2026-04-02,2026-04-30,2026-04-02,2026-03-27,74337.59,74300.0,2026-03-27 09:30:00+05:30,True,False,2026-03-27 15:10:00+05:30,2490.25,0.0,140.0,upstox_expired,,,,,
SENSEX,L1,BUY,PE,2026-04-30,71800.0,2026-04-02,2026-04-09,2026-04-30,2026-04-09,2026-04-03,71773.95,71800.0,2026-04-02 09:30:00+05:30,False,False,,,,,,,,,,
SENSEX,L2,SELL,PE,2026-04-09,72000.0,2026-04-02,2026-04-09,2026-04-30,2026-04-09,2026-04-03,71773.95,71800.0,2026-04-02 09:30:00+05:30,True,True,2026-04-02 09:30:00+05:30,1253.2,2360.0,38640.0,upstox_expired,2026-04-09 15:15:00+05:30,0.05,1300.0,780160.0,upstox_expired
SENSEX,L3,BUY,CE,2026-04-09,71800.0,2026-04-02,2026-04-09,2026-04-30,2026-04-09,2026-04-03,71773.95,71800.0,2026-04-02 09:30:00+05:30,True,True,2026-04-02 09:30:00+05:30,1230.4,2180.0,900.0,upstox_expired,2026-04-09 15:15:00+05:30,4865.0,60.0,18440.0,upstox_expired
SENSEX,L4,SELL,CE,2026-04-30,71600.0,2026-04-02,2026-04-09,2026-04-30,2026-04-09,2026-04-03,71773.95,71800.0,2026-04-02 09:30:00+05:30,True,True,2026-04-02 15:10:00+05:30,2536.65,0.0,140.0,upstox_expired,2026-04-09 15:15:00+05:30,6005.6,0.0,100.0,upstox_expired
SENSEX,L1,BUY,PE,2026-04-30,77200.0,2026-04-10,2026-04-16,2026-04-30,2026-04-16,2026-04-10,77154.97,77200.0,2026-04-10 09:30:00+05:30,True,True,2026-04-10 15:10:00+05:30,1005.1,60.0,300.0,upstox_expired,2026-04-16 15:15:00+05:30,723.5,0.0,260.0,upstox_expired
SENSEX,L2,SELL,PE,2026-04-16,77400.0,2026-04-10,2026-04-16,2026-04-30,2026-04-16,2026-04-10,77154.97,77200.0,2026-04-10 09:30:00+05:30,True,True,2026-04-10 09:30:00+05:30,845.1,5620.0,43840.0,upstox_expired,2026-04-16 15:15:00+05:30,0.15,180500.0,1246960.0,upstox_expired
SENSEX,L3,BUY,CE,2026-04-16,77200.0,2026-04-10,2026-04-16,2026-04-30,2026-04-16,2026-04-10,77154.97,77200.0,2026-04-10 09:30:00+05:30,True,True,2026-04-10 09:30:00+05:30,774.45,43860.0,290580.0,upstox_expired,2026-04-16 15:15:00+05:30,783.6,2060.0,34200.0,upstox_expired
SENSEX,L4,SELL,CE,2026-04-30,77000.0,2026-04-10,2026-04-16,2026-04-30,2026-04-16,2026-04-10,77154.97,77200.0,2026-04-10 09:30:00+05:30,True,True,2026-04-10 09:30:00+05:30,1549.4,300.0,12720.0,upstox_expired,2026-04-16 15:15:00+05:30,1715.05,0.0,15860.0,upstox_expired
SENSEX,L1,BUY,PE,2026-04-30,78100.0,2026-04-17,2026-04-23,2026-04-30,2026-04-23,2026-04-17,78084.96,78100.0,2026-04-17 09:30:00+05:30,True,True,2026-04-17 09:30:00+05:30,994.45,0.0,2100.0,upstox_expired,2026-04-23 15:15:00+05:30,1010.0,40.0,18740.0,upstox_expired
SENSEX,L2,SELL,PE,2026-04-23,78300.0,2026-04-17,2026-04-23,2026-04-30,2026-04-23,2026-04-17,78084.96,78100.0,2026-04-17 09:30:00+05:30,True,True,2026-04-17 09:30:00+05:30,825.45,9560.0,45460.0,upstox_expired,2026-04-23 15:15:00+05:30,642.25,6180.0,142080.0,upstox_expired
SENSEX,L3,BUY,CE,2026-04-23,78100.0,2026-04-17,2026-04-23,2026-04-30,2026-04-23,2026-04-17,78084.96,78100.0,2026-04-17 09:30:00+05:30,True,True,2026-04-17 09:30:00+05:30,723.6,44600.0,299580.0,upstox_expired,2026-04-23 15:15:00+05:30,0.15,415600.0,2166380.0,upstox_expired
SENSEX,L4,SELL,CE,2026-04-30,77900.0,2026-04-17,2026-04-23,2026-04-30,2026-04-23,2026-04-17,78084.96,78100.0,2026-04-17 09:30:00+05:30,True,True,2026-04-17 09:30:00+05:30,1250.0,0.0,1480.0,upstox_expired,2026-04-23 15:15:00+05:30,642.25,1420.0,118780.0,upstox_expired
SENSEX,L1,BUY,PE,2026-04-30,77200.0,2026-04-24,2026-04-30,2026-04-30,2026-04-30,2026-04-24,77172.87,77200.0,2026-04-24 09:30:00+05:30,True,True,2026-04-24 09:30:00+05:30,720.1,72520.0,81600.0,upstox_expired,2026-04-30 15:15:00+05:30,321.75,157420.0,804140.0,upstox_expired
SENSEX,L2,SELL,PE,2026-04-30,77400.0,2026-04-24,2026-04-30,2026-04-30,2026-04-30,2026-04-24,77172.87,77200.0,2026-04-24 09:30:00+05:30,True,True,2026-04-24 09:30:00+05:30,818.15,49780.0,108660.0,upstox_expired,2026-04-30 15:15:00+05:30,521.8,17260.0,156860.0,upstox_expired
SENSEX,L3,BUY,CE,2026-04-30,77200.0,2026-04-24,2026-04-30,2026-04-30,2026-04-30,2026-04-24,77172.87,77200.0,2026-04-24 09:30:00+05:30,True,True,2026-04-24 09:30:00+05:30,768.85,39720.0,42460.0,upstox_expired,2026-04-30 15:15:00+05:30,0.35,524460.0,3041560.0,upstox_expired
SENSEX,L4,SELL,CE,2026-04-30,77000.0,2026-04-24,2026-04-30,2026-04-30,2026-04-30,2026-04-24,77172.87,77200.0,2026-04-24 09:30:00+05:30,True,True,2026-04-24 09:30:00+05:30,880.75,16720.0,84200.0,upstox_expired,2026-04-30 15:15:00+05:30,0.95,3937460.0,6788960.0,upstox_expired
SENSEX,L1,BUY,PE,2026-05-27,76500.0,2026-04-30,2026-05-07,2026-05-27,2026-05-07,2026-05-01,76517.11,76500.0,2026-04-30 09:30:00+05:30,True,True,2026-04-30 09:30:00+05:30,1270.45,220.0,2940.0,upstox_expired,2026-05-07 15:15:00+05:30,558.3,60.0,3200.0,upstox_expired
SENSEX,L2,SELL,PE,2026-05-07,76700.0,2026-04-30,2026-05-07,2026-05-27,2026-05-07,2026-05-01,76517.11,76500.0,2026-04-30 09:30:00+05:30,True,True,2026-04-30 09:30:00+05:30,795.55,1760.0,11620.0,upstox_expired,2026-05-07 15:15:00+05:30,0.15,45600.0,610220.0,upstox_expired
SENSEX,L3,BUY,CE,2026-05-07,76500.0,2026-04-30,2026-05-07,2026-05-27,2026-05-07,2026-05-01,76517.11,76500.0,2026-04-30 09:30:00+05:30,True,True,2026-04-30 09:30:00+05:30,819.85,6900.0,23220.0,upstox_expired,2026-05-07 15:15:00+05:30,1319.7,60.0,60840.0,upstox_expired
SENSEX,L4,SELL,CE,2026-05-27,76300.0,2026-04-30,2026-05-07,2026-05-27,2026-05-07,2026-05-01,76517.11,76500.0,2026-04-30 09:30:00+05:30,True,False,2026-04-30 15:10:00+05:30,1905.45,0.0,80.0,upstox_expired,,,,,
SENSEX,L1,BUY,PE,2026-05-27,77500.0,2026-05-08,2026-05-14,2026-05-27,2026-05-14,2026-05-08,77525.32,77500.0,2026-05-08 09:30:00+05:30,True,True,2026-05-08 09:30:00+05:30,1066.05,180.0,11960.0,upstox_expired,2026-05-14 15:15:00+05:30,2239.0,0.0,13080.0,upstox_expired
SENSEX,L2,SELL,PE,2026-05-14,77700.0,2026-05-08,2026-05-14,2026-05-27,2026-05-14,2026-05-08,77525.32,77500.0,2026-05-08 09:30:00+05:30,True,True,2026-05-08 09:30:00+05:30,763.9,11080.0,76580.0,upstox_expired,2026-05-14 15:15:00+05:30,2322.8,0.0,35620.0,upstox_expired
SENSEX,L3,BUY,CE,2026-05-14,77500.0,2026-05-08,2026-05-14,2026-05-27,2026-05-14,2026-05-08,77525.32,77500.0,2026-05-08 09:30:00+05:30,True,True,2026-05-08 09:30:00+05:30,773.95,49300.0,427800.0,upstox_expired,2026-05-14 15:15:00+05:30,0.05,37620.0,2643340.0,upstox_expired
SENSEX,L4,SELL,CE,2026-05-27,77300.0,2026-05-08,2026-05-14,2026-05-27,2026-05-14,2026-05-08,77525.32,77500.0,2026-05-08 09:30:00+05:30,True,True,2026-05-08 09:30:00+05:30,1399.1,0.0,2640.0,upstox_expired,2026-05-14 15:15:00+05:30,346.7,0.0,1980.0,upstox_expired
SENSEX,L1,BUY,PE,2026-05-27,75600.0,2026-05-15,2026-05-21,2026-05-27,2026-05-21,2026-05-15,75616.91,75600.0,2026-05-15 09:30:00+05:30,True,True,2026-05-15 09:30:00+05:30,910.0,100.0,2960.0,upstox_expired,2026-05-21 15:15:00+05:30,907.25,2020.0,32740.0,upstox_expired
SENSEX,L2,SELL,PE,2026-05-21,75800.0,2026-05-15,2026-05-21,2026-05-27,2026-05-21,2026-05-15,75616.91,75600.0,2026-05-15 09:30:00+05:30,True,True,2026-05-15 09:30:00+05:30,784.55,34220.0,70060.0,upstox_expired,2026-05-21 15:15:00+05:30,638.6,5840.0,166660.0,upstox_expired
SENSEX,L3,BUY,CE,2026-05-21,75600.0,2026-05-15,2026-05-21,2026-05-27,2026-05-21,2026-05-15,75616.91,75600.0,2026-05-15 09:30:00+05:30,True,True,2026-05-15 09:30:00+05:30,781.6,44580.0,218840.0,upstox_expired,2026-05-21 15:15:00+05:30,0.15,303220.0,2388180.0,upstox_expired
SENSEX,L4,SELL,CE,2026-05-27,75400.0,2026-05-15,2026-05-21,2026-05-27,2026-05-21,2026-05-15,75616.91,75600.0,2026-05-15 09:30:00+05:30,True,True,2026-05-15 09:30:00+05:30,1240.0,0.0,1300.0,upstox_expired,2026-05-21 15:15:00+05:30,507.3,3680.0,99960.0,upstox_expired
SENSEX,L1,BUY,PE,2026-05-27,75500.0,2026-05-22,2026-05-27,2026-05-27,2026-05-27,2026-05-22,75546.11,75500.0,2026-05-22 09:30:00+05:30,True,True,2026-05-22 09:30:00+05:30,554.85,58500.0,581360.0,upstox_expired,2026-05-27 15:15:00+05:30,0.05,412320.0,3552420.0,upstox_expired
SENSEX,L2,SELL,PE,2026-05-27,75700.0,2026-05-22,2026-05-27,2026-05-27,2026-05-27,2026-05-22,75546.11,75500.0,2026-05-22 09:30:00+05:30,True,True,2026-05-22 09:30:00+05:30,653.05,6940.0,51900.0,upstox_expired,2026-05-27 15:15:00+05:30,0.1,509820.0,5015420.0,upstox_expired
SENSEX,L3,BUY,CE,2026-05-27,75500.0,2026-05-22,2026-05-27,2026-05-27,2026-05-27,2026-05-22,75546.11,75500.0,2026-05-22 09:30:00+05:30,True,True,2026-05-22 09:30:00+05:30,642.6,56340.0,556920.0,upstox_expired,2026-05-27 15:15:00+05:30,355.6,53540.0,462940.0,upstox_expired
SENSEX,L4,SELL,CE,2026-05-27,75300.0,2026-05-22,2026-05-27,2026-05-27,2026-05-27,2026-05-22,75546.11,75500.0,2026-05-22 09:30:00+05:30,True,True,2026-05-22 09:30:00+05:30,756.4,22940.0,287720.0,upstox_expired,2026-05-27 15:15:00+05:30,557.45,2880.0,52880.0,upstox_expired
SENSEX,L1,BUY,PE,2026-06-25,75900.0,2026-05-29,2026-06-04,2026-06-25,2026-06-04,2026-05-29,75872.93,75900.0,2026-05-29 09:30:00+05:30,True,True,2026-05-29 09:30:00+05:30,977.1,20.0,280.0,upstox_expired,2026-06-04 15:15:00+05:30,2144.8,0.0,640.0,upstox_expired
SENSEX,L2,SELL,PE,2026-06-04,76100.0,2026-05-29,2026-06-04,2026-06-25,2026-06-04,2026-05-29,75872.93,75900.0,2026-05-29 09:30:00+05:30,True,True,2026-05-29 09:30:00+05:30,617.6,40960.0,359500.0,upstox_expired,2026-06-04 15:15:00+05:30,1743.2,20.0,36860.0,upstox_expired
SENSEX,L3,BUY,CE,2026-06-04,75900.0,2026-05-29,2026-06-04,2026-06-25,2026-06-04,2026-05-29,75872.93,75900.0,2026-05-29 09:30:00+05:30,True,True,2026-05-29 09:30:00+05:30,671.25,48840.0,206480.0,upstox_expired,2026-06-04 15:15:00+05:30,0.15,54940.0,1035560.0,upstox_expired
SENSEX,L4,SELL,CE,2026-06-25,75700.0,2026-05-29,2026-06-04,2026-06-25,2026-06-04,2026-05-29,75872.93,75900.0,2026-05-29 09:30:00+05:30,False,True,,,,,,2026-06-04 15:15:00+05:30,638.75,0.0,200.0,upstox_expired
SENSEX,L1,BUY,PE,2026-06-25,74600.0,2026-06-05,2026-06-11,2026-06-25,2026-06-11,2026-06-05,74578.96,74600.0,2026-06-05 09:30:00+05:30,True,True,2026-06-05 09:30:00+05:30,1016.8,0.0,580.0,upstox_expired,2026-06-11 15:15:00+05:30,1169.9,0.0,1540.0,upstox_expired
SENSEX,L2,SELL,PE,2026-06-11,74800.0,2026-06-05,2026-06-11,2026-06-25,2026-06-11,2026-06-05,74578.96,74600.0,2026-06-05 09:30:00+05:30,True,True,2026-06-05 09:30:00+05:30,684.2,9100.0,67420.0,upstox_expired,2026-06-11 15:15:00+05:30,975.0,2120.0,35760.0,upstox_expired
SENSEX,L3,BUY,CE,2026-06-11,74600.0,2026-06-05,2026-06-11,2026-06-25,2026-06-11,2026-06-05,74578.96,74600.0,2026-06-05 09:30:00+05:30,True,True,2026-06-05 09:30:00+05:30,720.0,73260.0,244460.0,upstox_expired,2026-06-11 15:15:00+05:30,0.1,84900.0,1794960.0,upstox_expired
SENSEX,L4,SELL,CE,2026-06-25,74400.0,2026-06-05,2026-06-11,2026-06-25,2026-06-11,2026-06-05,74578.96,74600.0,2026-06-05 09:30:00+05:30,True,True,2026-06-05 15:10:00+05:30,1145.0,0.0,940.0,upstox_expired,2026-06-11 15:15:00+05:30,642.75,200.0,3220.0,upstox_expired
SENSEX,L1,BUY,PE,2026-06-25,74700.0,2026-06-12,2026-06-18,2026-06-25,2026-06-18,2026-06-12,74726.94,74700.0,2026-06-12 09:30:00+05:30,True,True,2026-06-12 09:30:00+05:30,785.05,40.0,1880.0,upstox_expired,2026-06-18 15:15:00+05:30,22.25,240.0,9740.0,upstox_expired
SENSEX,L2,SELL,PE,2026-06-18,74900.0,2026-06-12,2026-06-18,2026-06-25,2026-06-18,2026-06-12,74726.94,74700.0,2026-06-12 09:30:00+05:30,True,True,2026-06-12 09:30:00+05:30,634.25,14540.0,122960.0,upstox_expired,2026-06-18 15:15:00+05:30,0.15,7880.0,460080.0,upstox_expired
SENSEX,L3,BUY,CE,2026-06-18,74700.0,2026-06-12,2026-06-18,2026-06-25,2026-06-18,2026-06-12,74726.94,74700.0,2026-06-12 09:30:00+05:30,True,True,2026-06-12 09:30:00+05:30,638.05,34380.0,313400.0,upstox_expired,2026-06-18 15:15:00+05:30,2718.1,0.0,55260.0,upstox_expired
SENSEX,L4,SELL,CE,2026-06-25,74500.0,2026-06-12,2026-06-18,2026-06-25,2026-06-18,2026-06-12,74726.94,74700.0,2026-06-12 09:30:00+05:30,True,True,2026-06-12 09:30:00+05:30,974.6,900.0,86100.0,upstox_expired,2026-06-18 15:15:00+05:30,3014.9,0.0,86500.0,upstox_expired
SENSEX,L1,BUY,PE,2026-06-25,76600.0,2026-06-19,2026-06-25,2026-06-25,2026-06-25,2026-06-19,76595.84,76600.0,2026-06-19 09:30:00+05:30,True,True,2026-06-19 09:30:00+05:30,511.0,90800.0,169640.0,upstox_expired,2026-06-25 15:15:00+05:30,0.2,159800.0,1919740.0,upstox_expired
SENSEX,L2,SELL,PE,2026-06-25,76800.0,2026-06-19,2026-06-25,2026-06-25,2026-06-25,2026-06-19,76595.84,76600.0,2026-06-19 09:30:00+05:30,True,True,2026-06-19 09:30:00+05:30,614.0,37020.0,176240.0,upstox_expired,2026-06-25 15:15:00+05:30,0.25,393160.0,3009900.0,upstox_expired
SENSEX,L3,BUY,CE,2026-06-25,76600.0,2026-06-19,2026-06-25,2026-06-25,2026-06-25,2026-06-19,76595.84,76600.0,2026-06-19 09:30:00+05:30,True,True,2026-06-19 09:30:00+05:30,591.65,53280.0,172620.0,upstox_expired,2026-06-25 15:15:00+05:30,489.4,12020.0,110460.0,upstox_expired
SENSEX,L4,SELL,CE,2026-06-25,76400.0,2026-06-19,2026-06-25,2026-06-25,2026-06-25,2026-06-19,76595.84,76600.0,2026-06-19 09:30:00+05:30,True,True,2026-06-19 09:30:00+05:30,702.7,5860.0,41040.0,upstox_expired,2026-06-25 15:15:00+05:30,679.95,560.0,85040.0,upstox_expired
