ticker,leg,side,option_type,expiry,strike,entry_date,exit_date,monthly_expiry,weekly_expiry,scheduled_entry_date,spot,atm_strike,spot_timestamp,entry_timestamp,entry_close,entry_volume,entry_oi,entry_source,exit_timestamp,exit_close,exit_volume,exit_oi,exit_source,entry_available,exit_available,lot_size,entry_exec,exit_exec,leg_pnl,new_leg,new_side,expected_option_type,expected_strike,mapping_ok,strategy_id,strike_mapping
SENSEX,L1_SELL_MONTHLY_ATM_PE,SELL,PE,2025-10-30,80800.0,2025-10-03,2025-10-09,2025-10-30,2025-10-09,2025-10-03,80787.08,80800.0,2025-10-03 09:30:00+05:30,2025-10-03 09:30:00+05:30,652.7,100.0,4920.0,upstox_expired,2025-10-09 15:15:00+05:30,215.35,0.0,7080.0,upstox_expired,True,True,20,649.4365,216.42674999999997,8660.195000000002,L1_SELL_MONTHLY_ATM_PE,SELL,PE,80800.0,True,current_uploaded_screenshot,PASS
SENSEX,L3_BUY_WEEKLY_ATM_PLUS_2_PE,BUY,PE,2025-10-09,81000.0,2025-10-03,2025-10-09,2025-10-30,2025-10-09,2025-10-03,80787.08,80800.0,2025-10-03 09:30:00+05:30,2025-10-03 09:30:00+05:30,409.1,67780.0,553240.0,upstox_expired,2025-10-09 15:15:00+05:30,0.15,134540.0,2554740.0,upstox_expired,True,True,20,411.14549999999997,0.14925,-8219.925,L3_BUY_WEEKLY_ATM_PLUS_2_PE,BUY,PE,81000.0,True,current_uploaded_screenshot,PASS
SENSEX,L4_SELL_WEEKLY_ATM_CE,SELL,CE,2025-10-09,80800.0,2025-10-03,2025-10-09,2025-10-30,2025-10-09,2025-10-03,80787.08,80800.0,2025-10-03 09:30:00+05:30,2025-10-03 09:30:00+05:30,418.6,69520.0,300940.0,upstox_expired,2025-10-09 15:15:00+05:30,1362.05,300.0,20700.0,upstox_expired,True,True,20,416.507,1368.8602499999997,-19047.064999999995,L4_SELL_WEEKLY_ATM_CE,SELL,CE,80800.0,True,current_uploaded_screenshot,PASS
SENSEX,L2_BUY_MONTHLY_ATM_MINUS_2_CE,BUY,CE,2025-10-30,80600.0,2025-10-03,2025-10-09,2025-10-30,2025-10-09,2025-10-03,80787.08,80800.0,2025-10-03 09:30:00+05:30,2025-10-03 09:30:00+05:30,1330.0,0.0,540.0,upstox_expired,2025-10-09 15:15:00+05:30,2050.0,0.0,520.0,upstox_expired,True,True,20,1336.6499999999999,2039.75,14062.000000000004,L2_BUY_MONTHLY_ATM_MINUS_2_CE,BUY,CE,80600.0,True,current_uploaded_screenshot,PASS
SENSEX,L1_SELL_MONTHLY_ATM_PE,SELL,PE,2025-10-30,83500.0,2025-10-17,2025-10-23,2025-10-30,2025-10-23,2025-10-17,83531.01,83500.0,2025-10-17 09:30:00+05:30,2025-10-17 09:30:00+05:30,535.0,3180.0,47380.0,upstox_expired,2025-10-23 15:15:00+05:30,123.3,7480.0,149960.0,upstox_expired,True,True,20,532.325,123.91649999999998,8168.170000000001,L1_SELL_MONTHLY_ATM_PE,SELL,PE,83500.0,True,current_uploaded_screenshot,PASS
SENSEX,L3_BUY_WEEKLY_ATM_PLUS_2_PE,BUY,PE,2025-10-23,83700.0,2025-10-17,2025-10-23,2025-10-30,2025-10-23,2025-10-17,83531.01,83500.0,2025-10-17 09:30:00+05:30,2025-10-17 09:30:00+05:30,432.95,34360.0,73840.0,upstox_expired,2025-10-23 15:15:00+05:30,0.5,218700.0,696160.0,upstox_expired,True,True,20,435.11474999999996,0.4975,-8692.345,L3_BUY_WEEKLY_ATM_PLUS_2_PE,BUY,PE,83700.0,True,current_uploaded_screenshot,PASS
SENSEX,L4_SELL_WEEKLY_ATM_CE,SELL,CE,2025-10-23,83500.0,2025-10-17,2025-10-23,2025-10-30,2025-10-23,2025-10-17,83531.01,83500.0,2025-10-17 09:30:00+05:30,2025-10-17 09:30:00+05:30,476.85,247280.0,589200.0,upstox_expired,2025-10-23 15:15:00+05:30,1028.55,1700.0,107220.0,upstox_expired,True,True,20,474.46575,1033.69275,-11184.539999999997,L4_SELL_WEEKLY_ATM_CE,SELL,CE,83500.0,True,current_uploaded_screenshot,PASS
SENSEX,L2_BUY_MONTHLY_ATM_MINUS_2_CE,BUY,CE,2025-10-30,83300.0,2025-10-17,2025-10-23,2025-10-30,2025-10-23,2025-10-17,83531.01,83500.0,2025-10-17 09:30:00+05:30,2025-10-17 09:30:00+05:30,884.0,380.0,8380.0,upstox_expired,2025-10-23 15:15:00+05:30,1581.65,20.0,6560.0,upstox_expired,True,True,20,888.42,1573.7417500000001,13706.435000000003,L2_BUY_MONTHLY_ATM_MINUS_2_CE,BUY,CE,83300.0,True,current_uploaded_screenshot,PASS
SENSEX,L1_SELL_MONTHLY_ATM_PE,SELL,PE,2025-10-30,84500.0,2025-10-24,2025-10-30,2025-10-30,2025-10-30,2025-10-24,84501.84,84500.0,2025-10-24 09:30:00+05:30,2025-10-24 09:30:00+05:30,396.35,92920.0,666470.0,upstox_expired,2025-10-30 15:15:00+05:30,91.75,2154840.0,3168740.0,upstox_expired,True,True,20,394.36825000000005,92.20875,6043.1900000000005,L1_SELL_MONTHLY_ATM_PE,SELL,PE,84500.0,True,current_uploaded_screenshot,PASS
SENSEX,L3_BUY_WEEKLY_ATM_PLUS_2_PE,BUY,PE,2025-10-30,84700.0,2025-10-24,2025-10-30,2025-10-30,2025-10-30,2025-10-24,84501.84,84500.0,2025-10-24 09:30:00+05:30,2025-10-24 09:30:00+05:30,482.95,24220.0,174820.0,upstox_expired,2025-10-30 15:15:00+05:30,291.35,116480.0,768000.0,upstox_expired,True,True,20,485.36474999999996,289.89325,-3909.4299999999985,L3_BUY_WEEKLY_ATM_PLUS_2_PE,BUY,PE,84700.0,True,current_uploaded_screenshot,PASS
SENSEX,L4_SELL_WEEKLY_ATM_CE,SELL,CE,2025-10-30,84500.0,2025-10-24,2025-10-30,2025-10-30,2025-10-30,2025-10-24,84501.84,84500.0,2025-10-24 09:30:00+05:30,2025-10-24 09:30:00+05:30,585.0,86840.0,384620.0,upstox_expired,2025-10-30 15:15:00+05:30,0.65,3629600.0,8659100.0,upstox_expired,True,True,20,582.075,0.65325,11628.435000000001,L4_SELL_WEEKLY_ATM_CE,SELL,CE,84500.0,True,current_uploaded_screenshot,PASS
SENSEX,L2_BUY_MONTHLY_ATM_MINUS_2_CE,BUY,CE,2025-10-30,84300.0,2025-10-24,2025-10-30,2025-10-30,2025-10-30,2025-10-24,84501.84,84500.0,2025-10-24 09:30:00+05:30,2025-10-24 09:30:00+05:30,713.8,4960.0,50380.0,upstox_expired,2025-10-30 15:15:00+05:30,109.15,1227700.0,1634480.0,upstox_expired,True,True,20,717.3689999999999,108.60425000000001,-12175.294999999998,L2_BUY_MONTHLY_ATM_MINUS_2_CE,BUY,CE,84300.0,True,current_uploaded_screenshot,PASS
SENSEX,L1_SELL_MONTHLY_ATM_PE,SELL,PE,2025-11-27,84600.0,2025-10-31,2025-11-06,2025-11-27,2025-11-06,2025-10-31,84586.64,84600.0,2025-10-31 09:30:00+05:30,2025-10-31 09:30:00+05:30,797.45,200.0,1100.0,upstox_expired,2025-11-06 15:15:00+05:30,1263.3,0.0,820.0,upstox_expired,True,True,20,793.46275,1269.6164999999999,-9523.074999999997,L1_SELL_MONTHLY_ATM_PE,SELL,PE,84600.0,True,current_uploaded_screenshot,PASS
SENSEX,L3_BUY_WEEKLY_ATM_PLUS_2_PE,BUY,PE,2025-11-06,84800.0,2025-10-31,2025-11-06,2025-11-27,2025-11-06,2025-10-31,84586.64,84600.0,2025-10-31 09:30:00+05:30,2025-10-31 09:30:00+05:30,483.5,19100.0,88700.0,upstox_expired,2025-11-06 15:15:00+05:30,1511.05,120.0,39380.0,upstox_expired,True,True,20,485.91749999999996,1503.4947499999998,20351.545,L3_BUY_WEEKLY_ATM_PLUS_2_PE,BUY,PE,84800.0,True,current_uploaded_screenshot,PASS
SENSEX,L4_SELL_WEEKLY_ATM_CE,SELL,CE,2025-11-06,84600.0,2025-10-31,2025-11-06,2025-11-27,2025-11-06,2025-10-31,84586.64,84600.0,2025-10-31 09:30:00+05:30,2025-10-31 09:30:00+05:30,535.0,110640.0,362360.0,upstox_expired,2025-11-06 15:15:00+05:30,0.05,103680.0,835520.0,upstox_expired,True,True,20,532.325,0.050249999999999996,10645.495,L4_SELL_WEEKLY_ATM_CE,SELL,CE,84600.0,True,current_uploaded_screenshot,PASS
SENSEX,L2_BUY_MONTHLY_ATM_MINUS_2_CE,BUY,CE,2025-11-27,84400.0,2025-10-31,2025-11-06,2025-11-27,2025-11-06,2025-10-31,84586.64,84600.0,2025-10-31 09:30:00+05:30,2025-10-31 09:30:00+05:30,1448.3,0.0,220.0,upstox_expired,2025-11-06 15:15:00+05:30,548.65,40.0,2700.0,upstox_expired,True,True,20,1455.5414999999998,545.90675,-18192.694999999996,L2_BUY_MONTHLY_ATM_MINUS_2_CE,BUY,CE,84400.0,True,current_uploaded_screenshot,PASS
SENSEX,L1_SELL_MONTHLY_ATM_PE,SELL,PE,2025-11-27,82700.0,2025-11-07,2025-11-13,2025-11-27,2025-11-13,2025-11-07,82731.84,82700.0,2025-11-07 09:30:00+05:30,2025-11-07 09:30:00+05:30,669.7,20.0,1280.0,upstox_expired,2025-11-13 15:15:00+05:30,160.3,40.0,2540.0,upstox_expired,True,True,20,666.3515,161.1015,10105.0,L1_SELL_MONTHLY_ATM_PE,SELL,PE,82700.0,True,current_uploaded_screenshot,PASS
SENSEX,L3_BUY_WEEKLY_ATM_PLUS_2_PE,BUY,PE,2025-11-13,82900.0,2025-11-07,2025-11-13,2025-11-27,2025-11-13,2025-11-07,82731.84,82700.0,2025-11-07 09:30:00+05:30,2025-11-07 09:30:00+05:30,475.35,45220.0,198180.0,upstox_expired,2025-11-13 15:15:00+05:30,0.15,176500.0,1004960.0,upstox_expired,True,True,20,477.72675,0.14925,-9551.55,L3_BUY_WEEKLY_ATM_PLUS_2_PE,BUY,PE,82900.0,True,current_uploaded_screenshot,PASS
SENSEX,L4_SELL_WEEKLY_ATM_CE,SELL,CE,2025-11-13,82700.0,2025-11-07,2025-11-13,2025-11-27,2025-11-13,2025-11-07,82731.84,82700.0,2025-11-07 09:30:00+05:30,2025-11-07 09:30:00+05:30,525.15,29500.0,123640.0,upstox_expired,2025-11-13 15:15:00+05:30,1803.45,540.0,24660.0,upstox_expired,True,True,20,522.5242499999999,1812.46725,-25798.86,L4_SELL_WEEKLY_ATM_CE,SELL,CE,82700.0,True,current_uploaded_screenshot,PASS
SENSEX,L2_BUY_MONTHLY_ATM_MINUS_2_CE,BUY,CE,2025-11-27,82500.0,2025-11-07,2025-11-13,2025-11-27,2025-11-13,2025-11-07,82731.84,82700.0,2025-11-07 09:30:00+05:30,2025-11-07 09:30:00+05:30,1250.0,20.0,260.0,upstox_expired,2025-11-13 15:15:00+05:30,2378.4,0.0,780.0,upstox_expired,True,True,20,1256.2499999999998,2366.5080000000003,22205.16000000001,L2_BUY_MONTHLY_ATM_MINUS_2_CE,BUY,CE,82500.0,True,current_uploaded_screenshot,PASS
SENSEX,L1_SELL_MONTHLY_ATM_PE,SELL,PE,2025-11-27,84300.0,2025-11-14,2025-11-20,2025-11-27,2025-11-20,2025-11-14,84293.16,84300.0,2025-11-14 09:30:00+05:30,2025-11-14 09:30:00+05:30,560.9,520.0,2700.0,upstox_expired,2025-11-20 15:15:00+05:30,101.0,480.0,32940.0,upstox_expired,True,True,20,558.0955,101.505,9131.810000000001,L1_SELL_MONTHLY_ATM_PE,SELL,PE,84300.0,True,current_uploaded_screenshot,PASS
SENSEX,L3_BUY_WEEKLY_ATM_PLUS_2_PE,BUY,PE,2025-11-20,84500.0,2025-11-14,2025-11-20,2025-11-27,2025-11-20,2025-11-14,84293.16,84300.0,2025-11-14 09:30:00+05:30,2025-11-14 09:30:00+05:30,516.7,68400.0,351560.0,upstox_expired,2025-11-20 15:15:00+05:30,0.15,129640.0,1884280.0,upstox_expired,True,True,20,519.2835,0.14925,-10382.685,L3_BUY_WEEKLY_ATM_PLUS_2_PE,BUY,PE,84500.0,True,current_uploaded_screenshot,PASS
SENSEX,L4_SELL_WEEKLY_ATM_CE,SELL,CE,2025-11-20,84300.0,2025-11-14,2025-11-20,2025-11-27,2025-11-20,2025-11-14,84293.16,84300.0,2025-11-14 09:30:00+05:30,2025-11-14 09:30:00+05:30,627.1,106120.0,157780.0,upstox_expired,2025-11-20 15:15:00+05:30,1336.4,260.0,70240.0,upstox_expired,True,True,20,623.9645,1343.0819999999999,-14382.349999999997,L4_SELL_WEEKLY_ATM_CE,SELL,CE,84300.0,True,current_uploaded_screenshot,PASS
SENSEX,L2_BUY_MONTHLY_ATM_MINUS_2_CE,BUY,CE,2025-11-27,84100.0,2025-11-14,2025-11-20,2025-11-27,2025-11-20,2025-11-14,84293.16,84300.0,2025-11-14 09:30:00+05:30,2025-11-14 09:30:00+05:30,1065.0,260.0,2380.0,upstox_expired,2025-11-20 15:15:00+05:30,1809.2,0.0,2100.0,upstox_expired,True,True,20,1070.3249999999998,1800.154,14596.580000000004,L2_BUY_MONTHLY_ATM_MINUS_2_CE,BUY,CE,84100.0,True,current_uploaded_screenshot,PASS
SENSEX,L1_SELL_MONTHLY_ATM_PE,SELL,PE,2025-11-27,85500.0,2025-11-21,2025-11-27,2025-11-27,2025-11-27,2025-11-21,85523.83,85500.0,2025-11-21 09:30:00+05:30,2025-11-21 09:30:00+05:30,442.35,131280.0,634460.0,upstox_expired,2025-11-27 15:15:00+05:30,0.25,623540.0,4257160.0,upstox_expired,True,True,20,440.13825,0.25125,8797.74,L1_SELL_MONTHLY_ATM_PE,SELL,PE,85500.0,True,current_uploaded_screenshot,PASS
SENSEX,L3_BUY_WEEKLY_ATM_PLUS_2_PE,BUY,PE,2025-11-27,85700.0,2025-11-21,2025-11-27,2025-11-27,2025-11-27,2025-11-21,85523.83,85500.0,2025-11-21 09:30:00+05:30,2025-11-21 09:30:00+05:30,535.35,41160.0,221000.0,upstox_expired,2025-11-27 15:15:00+05:30,2.25,14148080.0,11784900.0,upstox_expired,True,True,20,538.02675,2.23875,-10715.76,L3_BUY_WEEKLY_ATM_PLUS_2_PE,BUY,PE,85700.0,True,current_uploaded_screenshot,PASS
SENSEX,L4_SELL_WEEKLY_ATM_CE,SELL,CE,2025-11-27,85500.0,2025-11-21,2025-11-27,2025-11-27,2025-11-27,2025-11-21,85523.83,85500.0,2025-11-21 09:30:00+05:30,2025-11-21 09:30:00+05:30,555.0,67300.0,453260.0,upstox_expired,2025-11-27 15:15:00+05:30,221.1,130440.0,1167680.0,upstox_expired,True,True,20,552.225,222.20549999999997,6600.390000000001,L4_SELL_WEEKLY_ATM_CE,SELL,CE,85500.0,True,current_uploaded_screenshot,PASS
SENSEX,L2_BUY_MONTHLY_ATM_MINUS_2_CE,BUY,CE,2025-11-27,85300.0,2025-11-21,2025-11-27,2025-11-27,2025-11-27,2025-11-21,85523.83,85500.0,2025-11-21 09:30:00+05:30,2025-11-21 09:30:00+05:30,675.0,9120.0,75640.0,upstox_expired,2025-11-27 15:15:00+05:30,421.6,18340.0,237540.0,upstox_expired,True,True,20,678.3749999999999,419.492,-5177.659999999997,L2_BUY_MONTHLY_ATM_MINUS_2_CE,BUY,CE,85300.0,True,current_uploaded_screenshot,PASS
SENSEX,L1_SELL_MONTHLY_ATM_PE,SELL,PE,2025-12-24,85800.0,2025-11-28,2025-12-04,2025-12-24,2025-12-04,2025-11-28,85784.38,85800.0,2025-11-28 09:30:00+05:30,2025-11-28 09:30:00+05:30,676.55,0.0,3640.0,upstox_expired,2025-12-04 15:15:00+05:30,776.7,20.0,3360.0,upstox_expired,True,True,20,673.16725,780.5835,-2148.325,L1_SELL_MONTHLY_ATM_PE,SELL,PE,85800.0,True,current_uploaded_screenshot,PASS
SENSEX,L3_BUY_WEEKLY_ATM_PLUS_2_PE,BUY,PE,2025-12-04,86000.0,2025-11-28,2025-12-04,2025-12-24,2025-12-04,2025-11-28,85784.38,85800.0,2025-11-28 09:30:00+05:30,2025-11-28 09:30:00+05:30,484.85,28740.0,328620.0,upstox_expired,2025-12-04 15:15:00+05:30,709.3,7360.0,170800.0,upstox_expired,True,True,20,487.27425,705.7534999999999,4369.584999999998,L3_BUY_WEEKLY_ATM_PLUS_2_PE,BUY,PE,86000.0,True,current_uploaded_screenshot,PASS
SENSEX,L4_SELL_WEEKLY_ATM_CE,SELL,CE,2025-12-04,85800.0,2025-11-28,2025-12-04,2025-12-24,2025-12-04,2025-11-28,85784.38,85800.0,2025-11-28 09:30:00+05:30,2025-11-28 09:30:00+05:30,476.9,94400.0,495620.0,upstox_expired,2025-12-04 15:15:00+05:30,0.1,80220.0,1668940.0,upstox_expired,True,True,20,474.5155,0.10049999999999999,9488.3,L4_SELL_WEEKLY_ATM_CE,SELL,CE,85800.0,True,current_uploaded_screenshot,PASS
SENSEX,L2_BUY_MONTHLY_ATM_MINUS_2_CE,BUY,CE,2025-12-24,85600.0,2025-11-28,2025-12-04,2025-12-24,2025-12-04,2025-11-28,85784.38,85800.0,2025-11-28 09:30:00+05:30,2025-11-28 09:30:00+05:30,1391.65,0.0,8480.0,upstox_expired,2025-12-04 15:15:00+05:30,814.1,0.0,4160.0,upstox_expired,True,True,20,1398.60825,810.0295,-11771.575,L2_BUY_MONTHLY_ATM_MINUS_2_CE,BUY,CE,85600.0,True,current_uploaded_screenshot,PASS
SENSEX,L1_SELL_MONTHLY_ATM_PE,SELL,PE,2025-12-24,85200.0,2025-12-05,2025-12-11,2025-12-24,2025-12-11,2025-12-05,85244.76,85200.0,2025-12-05 09:30:00+05:30,2025-12-05 09:30:00+05:30,554.0,0.0,3560.0,upstox_expired,2025-12-11 15:15:00+05:30,621.4,20.0,2760.0,upstox_expired,True,True,20,551.23,624.507,-1465.5399999999986,L1_SELL_MONTHLY_ATM_PE,SELL,PE,85200.0,True,current_uploaded_screenshot,PASS
SENSEX,L3_BUY_WEEKLY_ATM_PLUS_2_PE,BUY,PE,2025-12-11,85400.0,2025-12-05,2025-12-11,2025-12-24,2025-12-11,2025-12-05,85244.76,85200.0,2025-12-05 09:30:00+05:30,2025-12-05 09:30:00+05:30,446.6,31740.0,143340.0,upstox_expired,2025-12-11 15:15:00+05:30,578.2,1000.0,96400.0,upstox_expired,True,True,20,448.83299999999997,575.3090000000001,2529.5200000000023,L3_BUY_WEEKLY_ATM_PLUS_2_PE,BUY,PE,85400.0,True,current_uploaded_screenshot,PASS
SENSEX,L4_SELL_WEEKLY_ATM_CE,SELL,CE,2025-12-11,85200.0,2025-12-05,2025-12-11,2025-12-24,2025-12-11,2025-12-05,85244.76,85200.0,2025-12-05 09:30:00+05:30,2025-12-05 09:30:00+05:30,510.8,42040.0,321260.0,upstox_expired,2025-12-11 15:15:00+05:30,0.05,154840.0,1599280.0,upstox_expired,True,True,20,508.246,0.050249999999999996,10163.914999999999,L4_SELL_WEEKLY_ATM_CE,SELL,CE,85200.0,True,current_uploaded_screenshot,PASS
SENSEX,L2_BUY_MONTHLY_ATM_MINUS_2_CE,BUY,CE,2025-12-24,85000.0,2025-12-05,2025-12-11,2025-12-24,2025-12-11,2025-12-05,85244.76,85200.0,2025-12-05 09:30:00+05:30,2025-12-05 09:30:00+05:30,1159.0,20.0,12880.0,upstox_expired,2025-12-11 15:15:00+05:30,635.5,0.0,24780.0,upstox_expired,True,True,20,1164.7949999999998,632.3225,-10649.449999999997,L2_BUY_MONTHLY_ATM_MINUS_2_CE,BUY,CE,85000.0,True,current_uploaded_screenshot,PASS
SENSEX,L1_SELL_MONTHLY_ATM_PE,SELL,PE,2025-12-24,85200.0,2025-12-12,2025-12-18,2025-12-24,2025-12-18,2025-12-12,85234.93,85200.0,2025-12-12 09:30:00+05:30,2025-12-12 09:30:00+05:30,420.0,700.0,5200.0,upstox_expired,2025-12-18 15:15:00+05:30,735.0,560.0,19780.0,upstox_expired,True,True,20,417.9,738.675,-6415.5,L1_SELL_MONTHLY_ATM_PE,SELL,PE,85200.0,True,current_uploaded_screenshot,PASS
SENSEX,L3_BUY_WEEKLY_ATM_PLUS_2_PE,BUY,PE,2025-12-18,85400.0,2025-12-12,2025-12-18,2025-12-24,2025-12-18,2025-12-12,85234.93,85200.0,2025-12-12 09:30:00+05:30,2025-12-12 09:30:00+05:30,414.75,31900.0,75760.0,upstox_expired,2025-12-18 15:15:00+05:30,923.15,220.0,16400.0,upstox_expired,True,True,20,416.82374999999996,918.5342499999999,10034.21,L3_BUY_WEEKLY_ATM_PLUS_2_PE,BUY,PE,85400.0,True,current_uploaded_screenshot,PASS
SENSEX,L4_SELL_WEEKLY_ATM_CE,SELL,CE,2025-12-18,85200.0,2025-12-12,2025-12-18,2025-12-24,2025-12-18,2025-12-12,85234.93,85200.0,2025-12-12 09:30:00+05:30,2025-12-12 09:30:00+05:30,511.65,273060.0,351700.0,upstox_expired,2025-12-18 15:15:00+05:30,0.1,144600.0,1616460.0,upstox_expired,True,True,20,509.09175,0.10049999999999999,10179.824999999999,L4_SELL_WEEKLY_ATM_CE,SELL,CE,85200.0,True,current_uploaded_screenshot,PASS
SENSEX,L2_BUY_MONTHLY_ATM_MINUS_2_CE,BUY,CE,2025-12-24,85000.0,2025-12-12,2025-12-18,2025-12-24,2025-12-18,2025-12-12,85234.93,85200.0,2025-12-12 09:30:00+05:30,2025-12-12 09:30:00+05:30,898.35,1640.0,25220.0,upstox_expired,2025-12-18 15:15:00+05:30,216.4,11680.0,394700.0,upstox_expired,True,True,20,902.8417499999999,215.318,-13750.474999999999,L2_BUY_MONTHLY_ATM_MINUS_2_CE,BUY,CE,85000.0,True,current_uploaded_screenshot,PASS
SENSEX,L1_SELL_MONTHLY_ATM_PE,SELL,PE,2025-12-24,85000.0,2025-12-19,2025-12-24,2025-12-24,2025-12-24,2025-12-19,84995.89,85000.0,2025-12-19 09:30:00+05:30,2025-12-19 09:30:00+05:30,325.8,145820.0,670380.0,upstox_expired,2025-12-24 15:15:00+05:30,0.1,320500.0,2573560.0,upstox_expired,True,True,20,324.171,0.10049999999999999,6481.41,L1_SELL_MONTHLY_ATM_PE,SELL,PE,85000.0,True,current_uploaded_screenshot,PASS
SENSEX,L3_BUY_WEEKLY_ATM_PLUS_2_PE,BUY,PE,2025-12-24,85200.0,2025-12-19,2025-12-24,2025-12-24,2025-12-24,2025-12-19,84995.89,85000.0,2025-12-19 09:30:00+05:30,2025-12-19 09:30:00+05:30,425.9,32520.0,43860.0,upstox_expired,2025-12-24 15:15:00+05:30,0.15,350840.0,2780680.0,upstox_expired,True,True,20,428.0294999999999,0.14925,-8557.605,L3_BUY_WEEKLY_ATM_PLUS_2_PE,BUY,PE,85200.0,True,current_uploaded_screenshot,PASS
SENSEX,L4_SELL_WEEKLY_ATM_CE,SELL,CE,2025-12-24,85000.0,2025-12-19,2025-12-24,2025-12-24,2025-12-24,2025-12-19,84995.89,85000.0,2025-12-19 09:30:00+05:30,2025-12-19 09:30:00+05:30,415.45,456940.0,795680.0,upstox_expired,2025-12-24 15:15:00+05:30,425.95,13780.0,245280.0,upstox_expired,True,True,20,413.37275,428.07974999999993,-294.13999999999874,L4_SELL_WEEKLY_ATM_CE,SELL,CE,85000.0,True,current_uploaded_screenshot,PASS
SENSEX,L2_BUY_MONTHLY_ATM_MINUS_2_CE,BUY,CE,2025-12-24,84800.0,2025-12-19,2025-12-24,2025-12-24,2025-12-24,2025-12-19,84995.89,85000.0,2025-12-19 09:30:00+05:30,2025-12-19 09:30:00+05:30,534.79,140840.0,313460.0,upstox_expired,2025-12-24 15:15:00+05:30,624.2,500.0,58260.0,upstox_expired,True,True,20,537.46395,621.0790000000001,1672.3010000000022,L2_BUY_MONTHLY_ATM_MINUS_2_CE,BUY,CE,84800.0,True,current_uploaded_screenshot,PASS
SENSEX,L1_SELL_MONTHLY_ATM_PE,SELL,PE,2026-01-29,85300.0,2025-12-26,2026-01-01,2026-01-29,2026-01-01,2025-12-26,85344.02,85300.0,2025-12-26 09:30:00+05:30,2025-12-26 09:30:00+05:30,653.95,0.0,1160.0,upstox_expired,2026-01-01 15:15:00+05:30,592.85,40.0,2720.0,upstox_expired,True,True,20,650.68025,595.81425,1097.3199999999997,L1_SELL_MONTHLY_ATM_PE,SELL,PE,85300.0,True,current_uploaded_screenshot,PASS
SENSEX,L3_BUY_WEEKLY_ATM_PLUS_2_PE,BUY,PE,2026-01-01,85500.0,2025-12-26,2026-01-01,2026-01-29,2026-01-01,2025-12-26,85344.02,85300.0,2025-12-26 09:30:00+05:30,2025-12-26 09:30:00+05:30,396.2,44800.0,563000.0,upstox_expired,2026-01-01 15:15:00+05:30,303.95,154960.0,518380.0,upstox_expired,True,True,20,398.1809999999999,302.43025,-1915.0149999999985,L3_BUY_WEEKLY_ATM_PLUS_2_PE,BUY,PE,85500.0,True,current_uploaded_screenshot,PASS
SENSEX,L4_SELL_WEEKLY_ATM_CE,SELL,CE,2026-01-01,85300.0,2025-12-26,2026-01-01,2026-01-29,2026-01-01,2025-12-26,85344.02,85300.0,2025-12-26 09:30:00+05:30,2025-12-26 09:30:00+05:30,381.75,55740.0,348440.0,upstox_expired,2026-01-01 15:15:00+05:30,0.25,3294760.0,15374840.0,upstox_expired,True,True,20,379.84125,0.25125,7591.799999999999,L4_SELL_WEEKLY_ATM_CE,SELL,CE,85300.0,True,current_uploaded_screenshot,PASS
SENSEX,L2_BUY_MONTHLY_ATM_MINUS_2_CE,BUY,CE,2026-01-29,85100.0,2025-12-26,2026-01-01,2026-01-29,2026-01-01,2025-12-26,85344.02,85300.0,2025-12-26 09:30:00+05:30,2025-12-26 15:10:00+05:30,1250.05,20.0,220.0,upstox_expired,2026-01-01 15:15:00+05:30,1231.55,0.0,460.0,upstox_expired,True,True,20,1256.3002499999998,1225.3922499999999,-618.159999999998,L2_BUY_MONTHLY_ATM_MINUS_2_CE,BUY,CE,85100.0,True,current_uploaded_screenshot,PASS
SENSEX,L1_SELL_MONTHLY_ATM_PE,SELL,PE,2026-01-29,85400.0,2026-01-02,2026-01-08,2026-01-29,2026-01-08,2026-01-02,85368.57,85400.0,2026-01-02 09:30:00+05:30,2026-01-02 09:30:00+05:30,577.55,80.0,780.0,upstox_expired,2026-01-08 15:15:00+05:30,1152.65,0.0,3380.0,upstox_expired,True,True,20,574.66225,1158.41325,-11675.020000000002,L1_SELL_MONTHLY_ATM_PE,SELL,PE,85400.0,True,current_uploaded_screenshot,PASS
SENSEX,L3_BUY_WEEKLY_ATM_PLUS_2_PE,BUY,PE,2026-01-08,85600.0,2026-01-02,2026-01-08,2026-01-29,2026-01-08,2026-01-02,85368.57,85400.0,2026-01-02 09:30:00+05:30,2026-01-02 09:30:00+05:30,360.65,14400.0,85320.0,upstox_expired,2026-01-08 15:15:00+05:30,1412.4,100.0,48020.0,upstox_expired,True,True,20,362.4532499999999,1405.3380000000002,20857.695000000003,L3_BUY_WEEKLY_ATM_PLUS_2_PE,BUY,PE,85600.0,True,current_uploaded_screenshot,PASS
SENSEX,L4_SELL_WEEKLY_ATM_CE,SELL,CE,2026-01-08,85400.0,2026-01-02,2026-01-08,2026-01-29,2026-01-08,2026-01-02,85368.57,85400.0,2026-01-02 09:30:00+05:30,2026-01-02 09:30:00+05:30,364.5,113360.0,433540.0,upstox_expired,2026-01-08 15:15:00+05:30,0.3,137740.0,1193960.0,upstox_expired,True,True,20,362.6775,0.30149999999999993,7247.52,L4_SELL_WEEKLY_ATM_CE,SELL,CE,85400.0,True,current_uploaded_screenshot,PASS
SENSEX,L2_BUY_MONTHLY_ATM_MINUS_2_CE,BUY,CE,2026-01-29,85200.0,2026-01-02,2026-01-08,2026-01-29,2026-01-08,2026-01-02,85368.57,85400.0,2026-01-02 09:30:00+05:30,2026-01-02 09:30:00+05:30,1223.1,0.0,360.0,upstox_expired,2026-01-08 15:15:00+05:30,500.0,80.0,6120.0,upstox_expired,True,True,20,1229.2154999999998,497.5,-14634.309999999996,L2_BUY_MONTHLY_ATM_MINUS_2_CE,BUY,CE,85200.0,True,current_uploaded_screenshot,PASS
SENSEX,L1_SELL_MONTHLY_ATM_PE,SELL,PE,2026-01-29,83600.0,2026-01-16,2026-01-22,2026-01-29,2026-01-22,2026-01-16,83643.94,83600.0,2026-01-16 09:30:00+05:30,2026-01-16 09:30:00+05:30,491.55,120.0,7020.0,upstox_expired,2026-01-22 15:15:00+05:30,1190.0,0.0,11980.0,upstox_expired,True,True,20,489.09225000000004,1195.9499999999998,-14137.154999999995,L1_SELL_MONTHLY_ATM_PE,SELL,PE,83600.0,True,current_uploaded_screenshot,PASS
SENSEX,L3_BUY_WEEKLY_ATM_PLUS_2_PE,BUY,PE,2026-01-22,83800.0,2026-01-16,2026-01-22,2026-01-29,2026-01-22,2026-01-16,83643.94,83600.0,2026-01-16 09:30:00+05:30,2026-01-16 09:30:00+05:30,460.75,36300.0,223780.0,upstox_expired,2026-01-22 15:15:00+05:30,1518.85,300.0,32260.0,upstox_expired,True,True,20,463.0537499999999,1511.2557499999998,20964.039999999994,L3_BUY_WEEKLY_ATM_PLUS_2_PE,BUY,PE,83800.0,True,current_uploaded_screenshot,PASS
SENSEX,L4_SELL_WEEKLY_ATM_CE,SELL,CE,2026-01-22,83600.0,2026-01-16,2026-01-22,2026-01-29,2026-01-22,2026-01-16,83643.94,83600.0,2026-01-16 09:30:00+05:30,2026-01-16 09:30:00+05:30,535.1,59480.0,322140.0,upstox_expired,2026-01-22 15:15:00+05:30,0.3,72400.0,1089960.0,upstox_expired,True,True,20,532.4245,0.30149999999999993,10642.46,L4_SELL_WEEKLY_ATM_CE,SELL,CE,83600.0,True,current_uploaded_screenshot,PASS
SENSEX,L2_BUY_MONTHLY_ATM_MINUS_2_CE,BUY,CE,2026-01-29,83400.0,2026-01-16,2026-01-22,2026-01-29,2026-01-22,2026-01-16,83643.94,83600.0,2026-01-16 09:30:00+05:30,2026-01-16 09:30:00+05:30,943.6,200.0,5560.0,upstox_expired,2026-01-22 15:15:00+05:30,202.95,860.0,46120.0,upstox_expired,True,True,20,948.3179999999999,201.93525,-14927.654999999997,L2_BUY_MONTHLY_ATM_MINUS_2_CE,BUY,CE,83400.0,True,current_uploaded_screenshot,PASS
SENSEX,L1_SELL_MONTHLY_ATM_PE,SELL,PE,2026-01-29,82400.0,2026-01-23,2026-01-29,2026-01-29,2026-01-29,2026-01-23,82404.22,82400.0,2026-01-23 09:30:00+05:30,2026-01-23 09:30:00+05:30,441.1,66920.0,319840.0,upstox_expired,2026-01-29 15:15:00+05:30,0.3,2378720.0,4059140.0,upstox_expired,True,True,20,438.8945,0.30149999999999993,8771.86,L1_SELL_MONTHLY_ATM_PE,SELL,PE,82400.0,True,current_uploaded_screenshot,PASS
SENSEX,L3_BUY_WEEKLY_ATM_PLUS_2_PE,BUY,PE,2026-01-29,82600.0,2026-01-23,2026-01-29,2026-01-29,2026-01-29,2026-01-23,82404.22,82400.0,2026-01-23 09:30:00+05:30,2026-01-23 09:30:00+05:30,532.35,24360.0,119700.0,upstox_expired,2026-01-29 15:15:00+05:30,21.25,9489440.0,7018100.0,upstox_expired,True,True,20,535.01175,21.14375,-10277.36,L3_BUY_WEEKLY_ATM_PLUS_2_PE,BUY,PE,82600.0,True,current_uploaded_screenshot,PASS
SENSEX,L4_SELL_WEEKLY_ATM_CE,SELL,CE,2026-01-29,82400.0,2026-01-23,2026-01-29,2026-01-29,2026-01-29,2026-01-23,82404.22,82400.0,2026-01-23 09:30:00+05:30,2026-01-23 09:30:00+05:30,598.45,65980.0,290740.0,upstox_expired,2026-01-29 15:15:00+05:30,187.2,552340.0,1003580.0,upstox_expired,True,True,20,595.45775,188.13599999999997,8146.435000000001,L4_SELL_WEEKLY_ATM_CE,SELL,CE,82400.0,True,current_uploaded_screenshot,PASS
SENSEX,L2_BUY_MONTHLY_ATM_MINUS_2_CE,BUY,CE,2026-01-29,82200.0,2026-01-23,2026-01-29,2026-01-29,2026-01-29,2026-01-23,82404.22,82400.0,2026-01-23 09:30:00+05:30,2026-01-23 09:30:00+05:30,718.0,16020.0,151380.0,upstox_expired,2026-01-29 15:15:00+05:30,386.7,76700.0,610020.0,upstox_expired,True,True,20,721.5899999999999,384.7665,-6736.469999999998,L2_BUY_MONTHLY_ATM_MINUS_2_CE,BUY,CE,82200.0,True,current_uploaded_screenshot,PASS
SENSEX,L1_SELL_MONTHLY_ATM_PE,SELL,PE,2026-02-26,82000.0,2026-01-30,2026-02-05,2026-02-26,2026-02-05,2026-01-30,81996.12,82000.0,2026-01-30 09:30:00+05:30,2026-01-30 09:30:00+05:30,930.4,240.0,15560.0,upstox_expired,2026-02-05 15:15:00+05:30,319.45,40.0,17340.0,upstox_expired,True,True,20,925.7479999999999,321.04724999999996,12094.015,L1_SELL_MONTHLY_ATM_PE,SELL,PE,82000.0,True,current_uploaded_screenshot,PASS
SENSEX,L3_BUY_WEEKLY_ATM_PLUS_2_PE,BUY,PE,2026-02-05,82200.0,2026-01-30,2026-02-05,2026-02-26,2026-02-05,2026-01-30,81996.12,82000.0,2026-01-30 09:30:00+05:30,2026-01-30 09:30:00+05:30,754.35,63560.0,222100.0,upstox_expired,2026-02-05 15:15:00+05:30,0.15,126580.0,783580.0,upstox_expired,True,True,20,758.1217499999999,0.14925,-15159.449999999997,L3_BUY_WEEKLY_ATM_PLUS_2_PE,BUY,PE,82200.0,True,current_uploaded_screenshot,PASS
SENSEX,L4_SELL_WEEKLY_ATM_CE,SELL,CE,2026-02-05,82000.0,2026-01-30,2026-02-05,2026-02-26,2026-02-05,2026-01-30,81996.12,82000.0,2026-01-30 09:30:00+05:30,2026-01-30 09:30:00+05:30,795.1,72380.0,353640.0,upstox_expired,2026-02-05 15:15:00+05:30,1340.55,0.0,59520.0,upstox_expired,True,True,20,791.1245,1347.2527499999999,-11122.564999999997,L4_SELL_WEEKLY_ATM_CE,SELL,CE,82000.0,True,current_uploaded_screenshot,PASS
SENSEX,L1_SELL_MONTHLY_ATM_PE,SELL,PE,2026-02-26,83100.0,2026-02-06,2026-02-12,2026-02-26,2026-02-12,2026-02-06,83101.87,83100.0,2026-02-06 09:30:00+05:30,2026-02-06 09:30:00+05:30,655.0,0.0,1220.0,upstox_expired,2026-02-12 15:15:00+05:30,337.0,0.0,5080.0,upstox_expired,True,True,20,651.725,338.68499999999995,6260.800000000001,L1_SELL_MONTHLY_ATM_PE,SELL,PE,83100.0,True,current_uploaded_screenshot,PASS
SENSEX,L3_BUY_WEEKLY_ATM_PLUS_2_PE,BUY,PE,2026-02-12,83300.0,2026-02-06,2026-02-12,2026-02-26,2026-02-12,2026-02-06,83101.87,83100.0,2026-02-06 09:30:00+05:30,2026-02-06 09:30:00+05:30,531.55,71500.0,416280.0,upstox_expired,2026-02-12 15:15:00+05:30,0.25,360680.0,1591800.0,upstox_expired,True,True,20,534.2077499999999,0.24875,-10679.179999999998,L3_BUY_WEEKLY_ATM_PLUS_2_PE,BUY,PE,83300.0,True,current_uploaded_screenshot,PASS
SENSEX,L4_SELL_WEEKLY_ATM_CE,SELL,CE,2026-02-12,83100.0,2026-02-06,2026-02-12,2026-02-26,2026-02-12,2026-02-06,83101.87,83100.0,2026-02-06 09:30:00+05:30,2026-02-06 09:30:00+05:30,537.0,49480.0,133540.0,upstox_expired,2026-02-12 15:15:00+05:30,572.1,1160.0,55480.0,upstox_expired,True,True,20,534.3149999999999,574.9604999999999,-812.9099999999994,L4_SELL_WEEKLY_ATM_CE,SELL,CE,83100.0,True,current_uploaded_screenshot,PASS
SENSEX,L2_BUY_MONTHLY_ATM_MINUS_2_CE,BUY,CE,2026-02-26,82900.0,2026-02-06,2026-02-12,2026-02-26,2026-02-12,2026-02-06,83101.87,83100.0,2026-02-06 09:30:00+05:30,2026-02-06 09:30:00+05:30,1253.2,0.0,1300.0,upstox_expired,2026-02-12 15:15:00+05:30,1553.95,0.0,520.0,upstox_expired,True,True,20,1259.466,1546.1802500000001,5734.285000000004,L2_BUY_MONTHLY_ATM_MINUS_2_CE,BUY,CE,82900.0,True,current_uploaded_screenshot,PASS
SENSEX,L1_SELL_MONTHLY_ATM_PE,SELL,PE,2026-02-26,82900.0,2026-02-13,2026-02-19,2026-02-26,2026-02-19,2026-02-13,82921.27,82900.0,2026-02-13 09:30:00+05:30,2026-02-13 09:30:00+05:30,542.1,120.0,5160.0,upstox_expired,2026-02-19 15:15:00+05:30,779.0,3020.0,74260.0,upstox_expired,True,True,20,539.3895,782.8949999999999,-4870.109999999997,L1_SELL_MONTHLY_ATM_PE,SELL,PE,82900.0,True,current_uploaded_screenshot,PASS
SENSEX,L3_BUY_WEEKLY_ATM_PLUS_2_PE,BUY,PE,2026-02-19,83100.0,2026-02-13,2026-02-19,2026-02-26,2026-02-19,2026-02-13,82921.27,82900.0,2026-02-13 09:30:00+05:30,2026-02-13 09:30:00+05:30,470.5,74600.0,192140.0,upstox_expired,2026-02-19 15:15:00+05:30,582.2,34500.0,479140.0,upstox_expired,True,True,20,472.85249999999996,579.289,2128.7300000000005,L3_BUY_WEEKLY_ATM_PLUS_2_PE,BUY,PE,83100.0,True,current_uploaded_screenshot,PASS
SENSEX,L4_SELL_WEEKLY_ATM_CE,SELL,CE,2026-02-19,82900.0,2026-02-13,2026-02-19,2026-02-26,2026-02-19,2026-02-13,82921.27,82900.0,2026-02-13 09:30:00+05:30,2026-02-13 09:30:00+05:30,514.25,49880.0,177900.0,upstox_expired,2026-02-19 15:15:00+05:30,0.35,467520.0,6703440.0,upstox_expired,True,True,20,511.67875,0.35174999999999995,10226.54,L4_SELL_WEEKLY_ATM_CE,SELL,CE,82900.0,True,current_uploaded_screenshot,PASS
SENSEX,L2_BUY_MONTHLY_ATM_MINUS_2_CE,BUY,CE,2026-02-26,82700.0,2026-02-13,2026-02-19,2026-02-26,2026-02-19,2026-02-13,82921.27,82900.0,2026-02-13 09:30:00+05:30,2026-02-13 09:30:00+05:30,932.9,20.0,1560.0,upstox_expired,2026-02-19 15:15:00+05:30,477.9,6020.0,80400.0,upstox_expired,True,True,20,937.5644999999998,475.5105,-9241.079999999998,L2_BUY_MONTHLY_ATM_MINUS_2_CE,BUY,CE,82700.0,True,current_uploaded_screenshot,PASS
SENSEX,L1_SELL_MONTHLY_ATM_PE,SELL,PE,2026-02-26,82300.0,2026-02-20,2026-02-26,2026-02-26,2026-02-26,2026-02-20,82348.87,82300.0,2026-02-20 09:30:00+05:30,2026-02-20 09:30:00+05:30,459.7,171960.0,238440.0,upstox_expired,2026-02-26 15:15:00+05:30,59.25,4739540.0,4281740.0,upstox_expired,True,True,20,457.4015,59.54624999999999,7957.1050000000005,L1_SELL_MONTHLY_ATM_PE,SELL,PE,82300.0,True,current_uploaded_screenshot,PASS
SENSEX,L3_BUY_WEEKLY_ATM_PLUS_2_PE,BUY,PE,2026-02-26,82500.0,2026-02-20,2026-02-26,2026-02-26,2026-02-26,2026-02-20,82348.87,82300.0,2026-02-20 09:30:00+05:30,2026-02-20 09:30:00+05:30,547.9,133920.0,541880.0,upstox_expired,2026-02-26 15:15:00+05:30,257.0,214520.0,1032160.0,upstox_expired,True,True,20,550.6394999999999,255.715,-5898.489999999997,L3_BUY_WEEKLY_ATM_PLUS_2_PE,BUY,PE,82500.0,True,current_uploaded_screenshot,PASS
SENSEX,L4_SELL_WEEKLY_ATM_CE,SELL,CE,2026-02-26,82300.0,2026-02-20,2026-02-26,2026-02-26,2026-02-26,2026-02-20,82348.87,82300.0,2026-02-20 09:30:00+05:30,2026-02-20 09:30:00+05:30,606.4,71600.0,149860.0,upstox_expired,2026-02-26 15:15:00+05:30,0.5,14438240.0,14118940.0,upstox_expired,True,True,20,603.3679999999999,0.5025,12057.309999999998,L4_SELL_WEEKLY_ATM_CE,SELL,CE,82300.0,True,current_uploaded_screenshot,PASS
SENSEX,L2_BUY_MONTHLY_ATM_MINUS_2_CE,BUY,CE,2026-02-26,82100.0,2026-02-20,2026-02-26,2026-02-26,2026-02-26,2026-02-20,82348.87,82300.0,2026-02-20 09:30:00+05:30,2026-02-20 09:30:00+05:30,730.8,8200.0,36820.0,upstox_expired,2026-02-26 15:15:00+05:30,141.6,691580.0,879520.0,upstox_expired,True,True,20,734.4539999999998,140.892,-11871.239999999998,L2_BUY_MONTHLY_ATM_MINUS_2_CE,BUY,CE,82100.0,True,current_uploaded_screenshot,PASS
SENSEX,L1_SELL_MONTHLY_ATM_PE,SELL,PE,2026-03-25,81900.0,2026-02-27,2026-03-05,2026-03-25,2026-03-05,2026-02-27,81897.18,81900.0,2026-02-27 09:30:00+05:30,2026-02-27 09:30:00+05:30,833.0,0.0,140.0,upstox_expired,2026-03-05 15:15:00+05:30,2087.65,0.0,600.0,upstox_expired,True,True,20,828.835,2098.08825,-25385.064999999995,L1_SELL_MONTHLY_ATM_PE,SELL,PE,81900.0,True,current_uploaded_screenshot,PASS
SENSEX,L3_BUY_WEEKLY_ATM_PLUS_2_PE,BUY,PE,2026-03-05,82100.0,2026-02-27,2026-03-05,2026-03-25,2026-03-05,2026-02-27,81897.18,81900.0,2026-02-27 09:30:00+05:30,2026-02-27 09:30:00+05:30,586.3,48200.0,291260.0,upstox_expired,2026-03-05 15:15:00+05:30,2163.1,260.0,40160.0,upstox_expired,True,True,20,589.2314999999999,2152.2844999999998,31261.059999999998,L3_BUY_WEEKLY_ATM_PLUS_2_PE,BUY,PE,82100.0,True,current_uploaded_screenshot,PASS
SENSEX,L4_SELL_WEEKLY_ATM_CE,SELL,CE,2026-03-05,81900.0,2026-02-27,2026-03-05,2026-03-25,2026-03-05,2026-02-27,81897.18,81900.0,2026-02-27 09:30:00+05:30,2026-02-27 09:30:00+05:30,555.95,88880.0,198840.0,upstox_expired,2026-03-05 15:15:00+05:30,0.2,66140.0,630020.0,upstox_expired,True,True,20,553.17025,0.20099999999999998,11059.385,L4_SELL_WEEKLY_ATM_CE,SELL,CE,81900.0,True,current_uploaded_screenshot,PASS
SENSEX,L2_BUY_MONTHLY_ATM_MINUS_2_CE,BUY,CE,2026-03-25,81700.0,2026-02-27,2026-03-05,2026-03-25,2026-03-05,2026-02-27,81897.18,81900.0,2026-02-27 09:30:00+05:30,2026-02-27 15:10:00+05:30,1078.75,0.0,540.0,upstox_expired,2026-03-05 15:15:00+05:30,569.95,0.0,1040.0,upstox_expired,True,True,20,1084.14375,567.1002500000001,-10340.869999999997,L2_BUY_MONTHLY_ATM_MINUS_2_CE,BUY,CE,81700.0,True,current_uploaded_screenshot,PASS
SENSEX,L1_SELL_MONTHLY_ATM_PE,SELL,PE,2026-03-25,79700.0,2026-03-06,2026-03-12,2026-03-25,2026-03-12,2026-03-06,79669.59,79700.0,2026-03-06 09:30:00+05:30,2026-03-06 09:30:00+05:30,1227.8,0.0,880.0,upstox_expired,2026-03-12 15:15:00+05:30,3645.95,0.0,780.0,upstox_expired,True,True,20,1221.661,3664.1797499999993,-48850.374999999985,L1_SELL_MONTHLY_ATM_PE,SELL,PE,79700.0,True,current_uploaded_screenshot,PASS
SENSEX,L3_BUY_WEEKLY_ATM_PLUS_2_PE,BUY,PE,2026-03-12,79900.0,2026-03-06,2026-03-12,2026-03-25,2026-03-12,2026-03-06,79669.59,79700.0,2026-03-06 09:30:00+05:30,2026-03-06 09:30:00+05:30,949.2,4940.0,37640.0,upstox_expired,2026-03-12 15:15:00+05:30,3850.0,0.0,14440.0,upstox_expired,True,True,20,953.9459999999999,3830.75,57536.08,L3_BUY_WEEKLY_ATM_PLUS_2_PE,BUY,PE,79900.0,True,current_uploaded_screenshot,PASS
SENSEX,L4_SELL_WEEKLY_ATM_CE,SELL,CE,2026-03-12,79700.0,2026-03-06,2026-03-12,2026-03-25,2026-03-12,2026-03-06,79669.59,79700.0,2026-03-06 09:30:00+05:30,2026-03-06 09:30:00+05:30,852.7,43120.0,174840.0,upstox_expired,2026-03-12 15:15:00+05:30,0.1,16480.0,843900.0,upstox_expired,True,True,20,848.4365,0.10049999999999999,16966.72,L4_SELL_WEEKLY_ATM_CE,SELL,CE,79700.0,True,current_uploaded_screenshot,PASS
SENSEX,L2_BUY_MONTHLY_ATM_MINUS_2_CE,BUY,CE,2026-03-25,79500.0,2026-03-06,2026-03-12,2026-03-25,2026-03-12,2026-03-06,79669.59,79700.0,2026-03-06 09:30:00+05:30,2026-03-06 09:30:00+05:30,1574.6,0.0,9740.0,upstox_expired,2026-03-12 15:15:00+05:30,223.05,60.0,20580.0,upstox_expired,True,True,20,1582.4729999999997,221.93475,-27210.764999999992,L2_BUY_MONTHLY_ATM_MINUS_2_CE,BUY,CE,79500.0,True,current_uploaded_screenshot,PASS
SENSEX,L1_SELL_MONTHLY_ATM_PE,SELL,PE,2026-03-25,75500.0,2026-03-13,2026-03-19,2026-03-25,2026-03-19,2026-03-13,75512.82,75500.0,2026-03-13 09:30:00+05:30,2026-03-13 09:30:00+05:30,1196.45,340.0,10580.0,upstox_expired,2026-03-19 15:15:00+05:30,1709.55,420.0,65600.0,upstox_expired,True,True,20,1190.46775,1718.0977499999997,-10552.599999999993,L1_SELL_MONTHLY_ATM_PE,SELL,PE,75500.0,True,current_uploaded_screenshot,PASS
SENSEX,L3_BUY_WEEKLY_ATM_PLUS_2_PE,BUY,PE,2026-03-19,75700.0,2026-03-13,2026-03-19,2026-03-25,2026-03-19,2026-03-13,75512.82,75500.0,2026-03-13 09:30:00+05:30,2026-03-13 09:30:00+05:30,980.6,3860.0,34080.0,upstox_expired,2026-03-19 15:15:00+05:30,1541.95,820.0,59560.0,upstox_expired,True,True,20,985.5029999999999,1534.24025,10974.745000000003,L3_BUY_WEEKLY_ATM_PLUS_2_PE,BUY,PE,75700.0,True,current_uploaded_screenshot,PASS
SENSEX,L4_SELL_WEEKLY_ATM_CE,SELL,CE,2026-03-19,75500.0,2026-03-13,2026-03-19,2026-03-25,2026-03-19,2026-03-13,75512.82,75500.0,2026-03-13 09:30:00+05:30,2026-03-13 09:30:00+05:30,1000.45,56600.0,237080.0,upstox_expired,2026-03-19 15:15:00+05:30,0.25,408840.0,2829420.0,upstox_expired,True,True,20,995.44775,0.25125,19903.93,L4_SELL_WEEKLY_ATM_CE,SELL,CE,75500.0,True,current_uploaded_screenshot,PASS
SENSEX,L2_BUY_MONTHLY_ATM_MINUS_2_CE,BUY,CE,2026-03-25,75300.0,2026-03-13,2026-03-19,2026-03-25,2026-03-19,2026-03-13,75512.82,75500.0,2026-03-13 09:30:00+05:30,2026-03-13 09:30:00+05:30,1551.9,20.0,140.0,upstox_expired,2026-03-19 15:15:00+05:30,447.6,380.0,26820.0,upstox_expired,True,True,20,1559.6595,445.362,-22285.949999999997,L2_BUY_MONTHLY_ATM_MINUS_2_CE,BUY,CE,75300.0,True,current_uploaded_screenshot,PASS
SENSEX,L1_SELL_MONTHLY_ATM_PE,SELL,PE,2026-03-25,75100.0,2026-03-20,2026-03-25,2026-03-25,2026-03-25,2026-03-20,75083.46,75100.0,2026-03-20 09:30:00+05:30,2026-03-20 09:30:00+05:30,864.6,29960.0,217180.0,upstox_expired,2026-03-25 15:15:00+05:30,0.5,2248700.0,3559700.0,upstox_expired,True,True,20,860.277,0.5025,17195.489999999998,L1_SELL_MONTHLY_ATM_PE,SELL,PE,75100.0,True,current_uploaded_screenshot,PASS
SENSEX,L3_BUY_WEEKLY_ATM_PLUS_2_PE,BUY,PE,2026-03-25,75300.0,2026-03-20,2026-03-25,2026-03-25,2026-03-25,2026-03-20,75083.46,75100.0,2026-03-20 09:30:00+05:30,2026-03-20 09:30:00+05:30,962.85,6940.0,30960.0,upstox_expired,2026-03-25 15:15:00+05:30,18.3,9835480.0,7613540.0,upstox_expired,True,True,20,967.6642499999999,18.2085,-18989.114999999998,L3_BUY_WEEKLY_ATM_PLUS_2_PE,BUY,PE,75300.0,True,current_uploaded_screenshot,PASS
SENSEX,L4_SELL_WEEKLY_ATM_CE,SELL,CE,2026-03-25,75100.0,2026-03-20,2026-03-25,2026-03-25,2026-03-25,2026-03-20,75083.46,75100.0,2026-03-20 09:30:00+05:30,2026-03-20 09:30:00+05:30,901.8,39720.0,206940.0,upstox_expired,2026-03-25 15:15:00+05:30,191.6,355720.0,342060.0,upstox_expired,True,True,20,897.2909999999999,192.55799999999996,14094.66,L4_SELL_WEEKLY_ATM_CE,SELL,CE,75100.0,True,current_uploaded_screenshot,PASS
SENSEX,L2_BUY_MONTHLY_ATM_MINUS_2_CE,BUY,CE,2026-03-25,74900.0,2026-03-20,2026-03-25,2026-03-25,2026-03-25,2026-03-20,75083.46,75100.0,2026-03-20 09:30:00+05:30,2026-03-20 09:30:00+05:30,1016.65,8280.0,124580.0,upstox_expired,2026-03-25 15:15:00+05:30,392.1,42160.0,190320.0,upstox_expired,True,True,20,1021.7332499999999,390.1395,-12631.874999999998,L2_BUY_MONTHLY_ATM_MINUS_2_CE,BUY,CE,74900.0,True,current_uploaded_screenshot,PASS
SENSEX,L3_BUY_WEEKLY_ATM_PLUS_2_PE,BUY,PE,2026-04-02,74500.0,2026-03-27,2026-04-02,2026-04-30,2026-04-02,2026-03-27,74337.59,74300.0,2026-03-27 09:30:00+05:30,2026-03-27 09:30:00+05:30,1163.0,50760.0,295840.0,upstox_expired,2026-04-02 15:15:00+05:30,1101.9,200.0,70540.0,upstox_expired,True,True,20,1168.8149999999998,1096.3905,-1448.489999999997,L3_BUY_WEEKLY_ATM_PLUS_2_PE,BUY,PE,74500.0,True,current_uploaded_screenshot,PASS
SENSEX,L4_SELL_WEEKLY_ATM_CE,SELL,CE,2026-04-02,74300.0,2026-03-27,2026-04-02,2026-04-30,2026-04-02,2026-03-27,74337.59,74300.0,2026-03-27 09:30:00+05:30,2026-03-27 09:30:00+05:30,1224.0,4900.0,14040.0,upstox_expired,2026-04-02 15:15:00+05:30,0.55,124180.0,659940.0,upstox_expired,True,True,20,1217.8799999999999,0.55275,24346.545,L4_SELL_WEEKLY_ATM_CE,SELL,CE,74300.0,True,current_uploaded_screenshot,PASS
SENSEX,L3_BUY_WEEKLY_ATM_PLUS_2_PE,BUY,PE,2026-04-09,72000.0,2026-04-02,2026-04-09,2026-04-30,2026-04-09,2026-04-03,71773.95,71800.0,2026-04-02 09:30:00+05:30,2026-04-02 09:30:00+05:30,1253.2,2360.0,38640.0,upstox_expired,2026-04-09 15:15:00+05:30,0.05,1300.0,780160.0,upstox_expired,True,True,20,1259.466,0.04975,-25188.325,L3_BUY_WEEKLY_ATM_PLUS_2_PE,BUY,PE,72000.0,True,current_uploaded_screenshot,PASS
SENSEX,L4_SELL_WEEKLY_ATM_CE,SELL,CE,2026-04-09,71800.0,2026-04-02,2026-04-09,2026-04-30,2026-04-09,2026-04-03,71773.95,71800.0,2026-04-02 09:30:00+05:30,2026-04-02 09:30:00+05:30,1230.4,2180.0,900.0,upstox_expired,2026-04-09 15:15:00+05:30,4865.0,60.0,18440.0,upstox_expired,True,True,20,1224.248,4889.325,-73301.54,L4_SELL_WEEKLY_ATM_CE,SELL,CE,71800.0,True,current_uploaded_screenshot,PASS
SENSEX,L2_BUY_MONTHLY_ATM_MINUS_2_CE,BUY,CE,2026-04-30,71600.0,2026-04-02,2026-04-09,2026-04-30,2026-04-09,2026-04-03,71773.95,71800.0,2026-04-02 09:30:00+05:30,2026-04-02 15:10:00+05:30,2536.65,0.0,140.0,upstox_expired,2026-04-09 15:15:00+05:30,6005.6,0.0,100.0,upstox_expired,True,True,20,2549.3332499999997,5975.572,68524.77500000001,L2_BUY_MONTHLY_ATM_MINUS_2_CE,BUY,CE,71600.0,True,current_uploaded_screenshot,PASS
SENSEX,L1_SELL_MONTHLY_ATM_PE,SELL,PE,2026-04-30,77200.0,2026-04-10,2026-04-16,2026-04-30,2026-04-16,2026-04-10,77154.97,77200.0,2026-04-10 09:30:00+05:30,2026-04-10 15:10:00+05:30,1005.1,60.0,300.0,upstox_expired,2026-04-16 15:15:00+05:30,723.5,0.0,260.0,upstox_expired,True,True,20,1000.0745000000001,727.1175,5459.140000000002,L1_SELL_MONTHLY_ATM_PE,SELL,PE,77200.0,True,current_uploaded_screenshot,PASS
SENSEX,L3_BUY_WEEKLY_ATM_PLUS_2_PE,BUY,PE,2026-04-16,77400.0,2026-04-10,2026-04-16,2026-04-30,2026-04-16,2026-04-10,77154.97,77200.0,2026-04-10 09:30:00+05:30,2026-04-10 09:30:00+05:30,845.1,5620.0,43840.0,upstox_expired,2026-04-16 15:15:00+05:30,0.15,180500.0,1246960.0,upstox_expired,True,True,20,849.3254999999999,0.14925,-16983.524999999998,L3_BUY_WEEKLY_ATM_PLUS_2_PE,BUY,PE,77400.0,True,current_uploaded_screenshot,PASS
SENSEX,L4_SELL_WEEKLY_ATM_CE,SELL,CE,2026-04-16,77200.0,2026-04-10,2026-04-16,2026-04-30,2026-04-16,2026-04-10,77154.97,77200.0,2026-04-10 09:30:00+05:30,2026-04-10 09:30:00+05:30,774.45,43860.0,290580.0,upstox_expired,2026-04-16 15:15:00+05:30,783.6,2060.0,34200.0,upstox_expired,True,True,20,770.57775,787.5179999999999,-338.80499999999756,L4_SELL_WEEKLY_ATM_CE,SELL,CE,77200.0,True,current_uploaded_screenshot,PASS
SENSEX,L2_BUY_MONTHLY_ATM_MINUS_2_CE,BUY,CE,2026-04-30,77000.0,2026-04-10,2026-04-16,2026-04-30,2026-04-16,2026-04-10,77154.97,77200.0,2026-04-10 09:30:00+05:30,2026-04-10 09:30:00+05:30,1549.4,300.0,12720.0,upstox_expired,2026-04-16 15:15:00+05:30,1715.05,0.0,15860.0,upstox_expired,True,True,20,1557.147,1706.4747499999999,2986.5549999999985,L2_BUY_MONTHLY_ATM_MINUS_2_CE,BUY,CE,77000.0,True,current_uploaded_screenshot,PASS
SENSEX,L1_SELL_MONTHLY_ATM_PE,SELL,PE,2026-04-30,78100.0,2026-04-17,2026-04-23,2026-04-30,2026-04-23,2026-04-17,78084.96,78100.0,2026-04-17 09:30:00+05:30,2026-04-17 09:30:00+05:30,994.45,0.0,2100.0,upstox_expired,2026-04-23 15:15:00+05:30,1010.0,40.0,18740.0,upstox_expired,True,True,20,989.47775,1015.0499999999998,-511.4449999999965,L1_SELL_MONTHLY_ATM_PE,SELL,PE,78100.0,True,current_uploaded_screenshot,PASS
SENSEX,L3_BUY_WEEKLY_ATM_PLUS_2_PE,BUY,PE,2026-04-23,78300.0,2026-04-17,2026-04-23,2026-04-30,2026-04-23,2026-04-17,78084.96,78100.0,2026-04-17 09:30:00+05:30,2026-04-17 09:30:00+05:30,825.45,9560.0,45460.0,upstox_expired,2026-04-23 15:15:00+05:30,642.25,6180.0,142080.0,upstox_expired,True,True,20,829.5772499999999,639.03875,-3810.7699999999977,L3_BUY_WEEKLY_ATM_PLUS_2_PE,BUY,PE,78300.0,True,current_uploaded_screenshot,PASS
SENSEX,L4_SELL_WEEKLY_ATM_CE,SELL,CE,2026-04-23,78100.0,2026-04-17,2026-04-23,2026-04-30,2026-04-23,2026-04-17,78084.96,78100.0,2026-04-17 09:30:00+05:30,2026-04-17 09:30:00+05:30,723.6,44600.0,299580.0,upstox_expired,2026-04-23 15:15:00+05:30,0.15,415600.0,2166380.0,upstox_expired,True,True,20,719.982,0.15074999999999997,14396.625,L4_SELL_WEEKLY_ATM_CE,SELL,CE,78100.0,True,current_uploaded_screenshot,PASS
SENSEX,L2_BUY_MONTHLY_ATM_MINUS_2_CE,BUY,CE,2026-04-30,77900.0,2026-04-17,2026-04-23,2026-04-30,2026-04-23,2026-04-17,78084.96,78100.0,2026-04-17 09:30:00+05:30,2026-04-17 09:30:00+05:30,1250.0,0.0,1480.0,upstox_expired,2026-04-23 15:15:00+05:30,642.25,1420.0,118780.0,upstox_expired,True,True,20,1256.2499999999998,639.03875,-12344.224999999995,L2_BUY_MONTHLY_ATM_MINUS_2_CE,BUY,CE,77900.0,True,current_uploaded_screenshot,PASS
SENSEX,L1_SELL_MONTHLY_ATM_PE,SELL,PE,2026-04-30,77200.0,2026-04-24,2026-04-30,2026-04-30,2026-04-30,2026-04-24,77172.87,77200.0,2026-04-24 09:30:00+05:30,2026-04-24 09:30:00+05:30,720.1,72520.0,81600.0,upstox_expired,2026-04-30 15:15:00+05:30,321.75,157420.0,804140.0,upstox_expired,True,True,20,716.4995,323.35875,7862.8150000000005,L1_SELL_MONTHLY_ATM_PE,SELL,PE,77200.0,True,current_uploaded_screenshot,PASS
SENSEX,L3_BUY_WEEKLY_ATM_PLUS_2_PE,BUY,PE,2026-04-30,77400.0,2026-04-24,2026-04-30,2026-04-30,2026-04-30,2026-04-24,77172.87,77200.0,2026-04-24 09:30:00+05:30,2026-04-24 09:30:00+05:30,818.15,49780.0,108660.0,upstox_expired,2026-04-30 15:15:00+05:30,521.8,17260.0,156860.0,upstox_expired,True,True,20,822.2407499999999,519.1909999999999,-6060.995000000001,L3_BUY_WEEKLY_ATM_PLUS_2_PE,BUY,PE,77400.0,True,current_uploaded_screenshot,PASS
SENSEX,L4_SELL_WEEKLY_ATM_CE,SELL,CE,2026-04-30,77200.0,2026-04-24,2026-04-30,2026-04-30,2026-04-30,2026-04-24,77172.87,77200.0,2026-04-24 09:30:00+05:30,2026-04-24 09:30:00+05:30,768.85,39720.0,42460.0,upstox_expired,2026-04-30 15:15:00+05:30,0.35,524460.0,3041560.0,upstox_expired,True,True,20,765.00575,0.35174999999999995,15293.08,L4_SELL_WEEKLY_ATM_CE,SELL,CE,77200.0,True,current_uploaded_screenshot,PASS
SENSEX,L2_BUY_MONTHLY_ATM_MINUS_2_CE,BUY,CE,2026-04-30,77000.0,2026-04-24,2026-04-30,2026-04-30,2026-04-30,2026-04-24,77172.87,77200.0,2026-04-24 09:30:00+05:30,2026-04-24 09:30:00+05:30,880.75,16720.0,84200.0,upstox_expired,2026-04-30 15:15:00+05:30,0.95,3937460.0,6788960.0,upstox_expired,True,True,20,885.15375,0.9452499999999999,-17684.17,L2_BUY_MONTHLY_ATM_MINUS_2_CE,BUY,CE,77000.0,True,current_uploaded_screenshot,PASS
SENSEX,L1_SELL_MONTHLY_ATM_PE,SELL,PE,2026-05-27,76500.0,2026-04-30,2026-05-07,2026-05-27,2026-05-07,2026-05-01,76517.11,76500.0,2026-04-30 09:30:00+05:30,2026-04-30 09:30:00+05:30,1270.45,220.0,2940.0,upstox_expired,2026-05-07 15:15:00+05:30,558.3,60.0,3200.0,upstox_expired,True,True,20,1264.0977500000001,561.0914999999999,14060.125000000005,L1_SELL_MONTHLY_ATM_PE,SELL,PE,76500.0,True,current_uploaded_screenshot,PASS
SENSEX,L3_BUY_WEEKLY_ATM_PLUS_2_PE,BUY,PE,2026-05-07,76700.0,2026-04-30,2026-05-07,2026-05-27,2026-05-07,2026-05-01,76517.11,76500.0,2026-04-30 09:30:00+05:30,2026-04-30 09:30:00+05:30,795.55,1760.0,11620.0,upstox_expired,2026-05-07 15:15:00+05:30,0.15,45600.0,610220.0,upstox_expired,True,True,20,799.5277499999999,0.14925,-15987.569999999996,L3_BUY_WEEKLY_ATM_PLUS_2_PE,BUY,PE,76700.0,True,current_uploaded_screenshot,PASS
SENSEX,L4_SELL_WEEKLY_ATM_CE,SELL,CE,2026-05-07,76500.0,2026-04-30,2026-05-07,2026-05-27,2026-05-07,2026-05-01,76517.11,76500.0,2026-04-30 09:30:00+05:30,2026-04-30 09:30:00+05:30,819.85,6900.0,23220.0,upstox_expired,2026-05-07 15:15:00+05:30,1319.7,60.0,60840.0,upstox_expired,True,True,20,815.75075,1326.2984999999999,-10210.954999999996,L4_SELL_WEEKLY_ATM_CE,SELL,CE,76500.0,True,current_uploaded_screenshot,PASS
SENSEX,L1_SELL_MONTHLY_ATM_PE,SELL,PE,2026-05-27,77500.0,2026-05-08,2026-05-14,2026-05-27,2026-05-14,2026-05-08,77525.32,77500.0,2026-05-08 09:30:00+05:30,2026-05-08 09:30:00+05:30,1066.05,180.0,11960.0,upstox_expired,2026-05-14 15:15:00+05:30,2239.0,0.0,13080.0,upstox_expired,True,True,20,1060.71975,2250.1949999999997,-23789.504999999994,L1_SELL_MONTHLY_ATM_PE,SELL,PE,77500.0,True,current_uploaded_screenshot,PASS
SENSEX,L3_BUY_WEEKLY_ATM_PLUS_2_PE,BUY,PE,2026-05-14,77700.0,2026-05-08,2026-05-14,2026-05-27,2026-05-14,2026-05-08,77525.32,77500.0,2026-05-08 09:30:00+05:30,2026-05-08 09:30:00+05:30,763.9,11080.0,76580.0,upstox_expired,2026-05-14 15:15:00+05:30,2322.8,0.0,35620.0,upstox_expired,True,True,20,767.7194999999999,2311.186,30869.330000000005,L3_BUY_WEEKLY_ATM_PLUS_2_PE,BUY,PE,77700.0,True,current_uploaded_screenshot,PASS
SENSEX,L4_SELL_WEEKLY_ATM_CE,SELL,CE,2026-05-14,77500.0,2026-05-08,2026-05-14,2026-05-27,2026-05-14,2026-05-08,77525.32,77500.0,2026-05-08 09:30:00+05:30,2026-05-08 09:30:00+05:30,773.95,49300.0,427800.0,upstox_expired,2026-05-14 15:15:00+05:30,0.05,37620.0,2643340.0,upstox_expired,True,True,20,770.0802500000001,0.050249999999999996,15400.600000000002,L4_SELL_WEEKLY_ATM_CE,SELL,CE,77500.0,True,current_uploaded_screenshot,PASS
SENSEX,L2_BUY_MONTHLY_ATM_MINUS_2_CE,BUY,CE,2026-05-27,77300.0,2026-05-08,2026-05-14,2026-05-27,2026-05-14,2026-05-08,77525.32,77500.0,2026-05-08 09:30:00+05:30,2026-05-08 09:30:00+05:30,1399.1,0.0,2640.0,upstox_expired,2026-05-14 15:15:00+05:30,346.7,0.0,1980.0,upstox_expired,True,True,20,1406.0954999999997,344.9665,-21222.579999999994,L2_BUY_MONTHLY_ATM_MINUS_2_CE,BUY,CE,77300.0,True,current_uploaded_screenshot,PASS
SENSEX,L1_SELL_MONTHLY_ATM_PE,SELL,PE,2026-05-27,75600.0,2026-05-15,2026-05-21,2026-05-27,2026-05-21,2026-05-15,75616.91,75600.0,2026-05-15 09:30:00+05:30,2026-05-15 09:30:00+05:30,910.0,100.0,2960.0,upstox_expired,2026-05-21 15:15:00+05:30,907.25,2020.0,32740.0,upstox_expired,True,True,20,905.45,911.7862499999999,-126.72499999999673,L1_SELL_MONTHLY_ATM_PE,SELL,PE,75600.0,True,current_uploaded_screenshot,PASS
SENSEX,L3_BUY_WEEKLY_ATM_PLUS_2_PE,BUY,PE,2026-05-21,75800.0,2026-05-15,2026-05-21,2026-05-27,2026-05-21,2026-05-15,75616.91,75600.0,2026-05-15 09:30:00+05:30,2026-05-15 09:30:00+05:30,784.55,34220.0,70060.0,upstox_expired,2026-05-21 15:15:00+05:30,638.6,5840.0,166660.0,upstox_expired,True,True,20,788.4727499999999,635.407,-3061.3149999999973,L3_BUY_WEEKLY_ATM_PLUS_2_PE,BUY,PE,75800.0,True,current_uploaded_screenshot,PASS
SENSEX,L4_SELL_WEEKLY_ATM_CE,SELL,CE,2026-05-21,75600.0,2026-05-15,2026-05-21,2026-05-27,2026-05-21,2026-05-15,75616.91,75600.0,2026-05-15 09:30:00+05:30,2026-05-15 09:30:00+05:30,781.6,44580.0,218840.0,upstox_expired,2026-05-21 15:15:00+05:30,0.15,303220.0,2388180.0,upstox_expired,True,True,20,777.692,0.15074999999999997,15550.825,L4_SELL_WEEKLY_ATM_CE,SELL,CE,75600.0,True,current_uploaded_screenshot,PASS
SENSEX,L2_BUY_MONTHLY_ATM_MINUS_2_CE,BUY,CE,2026-05-27,75400.0,2026-05-15,2026-05-21,2026-05-27,2026-05-21,2026-05-15,75616.91,75600.0,2026-05-15 09:30:00+05:30,2026-05-15 09:30:00+05:30,1240.0,0.0,1300.0,upstox_expired,2026-05-21 15:15:00+05:30,507.3,3680.0,99960.0,upstox_expired,True,True,20,1246.1999999999998,504.7635,-14828.729999999996,L2_BUY_MONTHLY_ATM_MINUS_2_CE,BUY,CE,75400.0,True,current_uploaded_screenshot,PASS
SENSEX,L1_SELL_MONTHLY_ATM_PE,SELL,PE,2026-05-27,75500.0,2026-05-22,2026-05-27,2026-05-27,2026-05-27,2026-05-22,75546.11,75500.0,2026-05-22 09:30:00+05:30,2026-05-22 09:30:00+05:30,554.85,58500.0,581360.0,upstox_expired,2026-05-27 15:15:00+05:30,0.05,412320.0,3552420.0,upstox_expired,True,True,20,552.07575,0.050249999999999996,11040.509999999998,L1_SELL_MONTHLY_ATM_PE,SELL,PE,75500.0,True,current_uploaded_screenshot,PASS
SENSEX,L3_BUY_WEEKLY_ATM_PLUS_2_PE,BUY,PE,2026-05-27,75700.0,2026-05-22,2026-05-27,2026-05-27,2026-05-27,2026-05-22,75546.11,75500.0,2026-05-22 09:30:00+05:30,2026-05-22 09:30:00+05:30,653.05,6940.0,51900.0,upstox_expired,2026-05-27 15:15:00+05:30,0.1,509820.0,5015420.0,upstox_expired,True,True,20,656.3152499999999,0.0995,-13124.314999999997,L3_BUY_WEEKLY_ATM_PLUS_2_PE,BUY,PE,75700.0,True,current_uploaded_screenshot,PASS
SENSEX,L4_SELL_WEEKLY_ATM_CE,SELL,CE,2026-05-27,75500.0,2026-05-22,2026-05-27,2026-05-27,2026-05-27,2026-05-22,75546.11,75500.0,2026-05-22 09:30:00+05:30,2026-05-22 09:30:00+05:30,642.6,56340.0,556920.0,upstox_expired,2026-05-27 15:15:00+05:30,355.6,53540.0,462940.0,upstox_expired,True,True,20,639.3870000000001,357.378,5640.180000000001,L4_SELL_WEEKLY_ATM_CE,SELL,CE,75500.0,True,current_uploaded_screenshot,PASS
SENSEX,L2_BUY_MONTHLY_ATM_MINUS_2_CE,BUY,CE,2026-05-27,75300.0,2026-05-22,2026-05-27,2026-05-27,2026-05-27,2026-05-22,75546.11,75500.0,2026-05-22 09:30:00+05:30,2026-05-22 09:30:00+05:30,756.4,22940.0,287720.0,upstox_expired,2026-05-27 15:15:00+05:30,557.45,2880.0,52880.0,upstox_expired,True,True,20,760.1819999999999,554.6627500000001,-4110.384999999997,L2_BUY_MONTHLY_ATM_MINUS_2_CE,BUY,CE,75300.0,True,current_uploaded_screenshot,PASS
